#VRML V2.0 utf8
# 3D model generated by kicad-lcsc-manager
# Based on easyeda2kicad.py v1.0.1

Shape{
    appearance Appearance {
        material  Material {
            diffuseColor 0.7529411764705882 0.7529411764705882 0.7529411764705882
            specularColor 0.3764705882352941 0.3764705882352941 0.3764705882352941
            ambientIntensity 0.7529
            transparency 0.0
            shininess 0.5
        }
    }
    geometry IndexedFaceSet {
        ccw TRUE
        solid FALSE
        coord DEF co Coordinate {
            point [
                -0.4009 4.0251 0.6465, -0.4012 4.0251 0.6461, -0.4012 4.0251 0.6967, -0.7874 4.0251 -1.5748, -0.7874 4.0251 -0.2619, -0.6924 4.0251 -0.2619, -0.2316 4.0251 1.0713, -0.2456 4.0251 1.073, -0.1602 4.0251 1.073, 0.7874 4.0251 0.0984, 0.7874 4.0251 -0.2619, 0.0197 4.0251 -0.2619, 0.1816 4.0251 0.9257, 0.1456 4.0251 0.8952, 0.0197 4.0251 1.073, 0.0197 4.0251 0.883, 0.3515 4.0251 1.0885, 0.329 4.0251 1.073, 0.2994 4.0251 1.0524, 0.2536 4.0251 0.9988, 0.2277 4.0251 0.9475, 0.2211 4.0251 0.9453, 0.4174 4.0251 1.114, 0.0197 4.0251 1.5892, 0.4801 4.0251 1.1215, 0.5403 4.0251 1.1147, 0.6019 4.0251 1.0925, 2.7165 4.0251 1.5892, 0.6341 4.0251 1.073, 2.7165 4.0251 1.073, 0.6395 4.0251 1.0697, 2.7165 4.0251 0.883, 0.9248 4.0251 0.883, 0.9131 4.0251 0.9092, 0.8812 4.0251 0.9502, 0.7808 4.0251 1.0075, 0.7285 4.0251 1.0139, 0.6707 4.0251 1.043, 0.7132 4.0251 1.0131, 0.6979 4.0251 1.0113, 0.8722 4.0251 0.9587, 0.83 4.0251 0.9884, 0.8464 4.0251 0.6186, 0.8879 4.0251 0.6539, 2.7165 4.0251 0.5866, 0.7984 4.0251 0.5952, 0.9182 4.0251 0.6973, 0.9372 4.0251 0.7467, 2.7165 4.0251 0.8282, 0.9437 4.0251 0.7987, 0.9433 4.0251 0.8115, 0.9403 4.0251 0.8282, 0.9344 4.0251 0.8614, 2.7165 4.0251 0.5126, 0.7103 4.0251 0.5126, 0.7225 4.0251 0.5177, 0.7485 4.0251 0.5373, 0.7816 4.0251 0.5902, 0.7799 4.0251 0.5866, 0.7683 4.0251 0.5617, 1.122 4.0251 0.1772, 1.122 4.0251 0.0984, 0.6233 4.0251 0.5038, 0.6554 4.0251 0.4999, 2.7165 4.0251 0.1181, 1.1811 4.0251 0.1181, 1.1811 4.0251 0.1772, 0.6919 4.0251 0.5048, 0.6605 4.0251 0.5, 0.0197 4.0251 0.5866, 0.5309 4.0251 0.5866, 0.0197 4.0251 0.5126, 0.5311 4.0251 0.5861, 0.5468 4.0251 0.5565, 0.5672 4.0251 0.5336, 0.5936 4.0251 0.5152, 0.6004 4.0251 0.5126, 0.1022 4.0251 0.8168, 0.0962 4.0251 0.7735, 0.0197 4.0251 0.8282, 0.3613 4.0251 0.665, 0.3522 4.0251 0.6686, 0.3366 4.0251 0.7443, 0.1453 4.0251 0.6473, 0.1815 4.0251 0.6167, 0.5558 4.0251 0.7217, 0.3778 4.0251 0.8147, 0.579 4.0251 0.7428, 0.6072 4.0251 0.7579, 0.3695 4.0251 0.6592, 0.119 4.0251 0.684, 0.1792 4.0251 0.7838, 0.1854 4.0251 0.8093, 0.1956 4.0251 0.8282, 0.8567 4.0251 0.8282, 0.1023 4.0251 0.7261, 0.3419 4.0251 0.6699, 0.3406 4.0251 0.6698, 0.3366 4.0251 0.6689, 0.8489 4.0251 0.7484, 0.833 4.0251 0.7215, 0.7656 4.0251 0.7077, 0.8092 4.0251 0.697, 0.7803 4.0251 0.6792, 0.7165 4.0251 0.7517, 0.7436 4.0251 0.7329, 0.86 4.0251 0.8014, 0.8584 4.0251 0.7809, 0.6871 4.0251 0.7629, 0.6554 4.0251 0.7669, 0.6392 4.0251 0.7659, 0.3831 4.0251 0.6287, 0.3828 4.0251 0.6339, 0.5226 4.0251 0.646, 0.3801 4.0251 0.6441, 0.375 4.0251 0.6531, 0.2055 4.0251 0.7019, 0.1909 4.0251 0.7226, 0.1817 4.0251 0.7463, 0.1785 4.0251 0.7722, 0.3521 4.0251 0.5887, 0.3608 4.0251 0.5922, 0.3695 4.0251 0.5983, 0.3725 4.0251 0.6015, 0.3783 4.0251 0.6098, 0.3818 4.0251 0.6188, 0.5233 4.0251 0.6189, 0.5226 4.0251 0.6327, 0.222 4.0251 0.5969, 0.2662 4.0251 0.5875, 0.3446 4.0251 0.5875, 0.334 4.0251 0.6686, 0.2742 4.0251 0.6686, 0.2503 4.0251 0.6731, 0.2269 4.0251 0.684, 0.2073 4.0251 0.7, 0.2928 4.0251 0.8758, 0.8446 4.0251 0.8632, 0.856 4.0251 0.8335, 0.2821 4.0251 0.8758, 0.1978 4.0251 0.8322, 0.2131 4.0251 0.8493, 0.2337 4.0251 0.8637, 0.2569 4.0251 0.8727, 0.3214 4.0251 0.9556, 0.3514 4.0251 0.9914, 0.6567 4.0251 0.9143, 0.3547 4.0251 0.9944, 0.392 4.0251 1.0203, 0.6364 4.0251 0.9563, 0.8308 4.0251 0.883, 0.6662 4.0251 0.9195, 0.2944 4.0251 0.883, 0.3009 4.0251 0.9128, 0.696 4.0251 0.9304, 0.7271 4.0251 0.9342, 0.7409 4.0251 0.9335, 0.6067 4.0251 0.9919, 0.4337 4.0251 1.0363, 0.571 4.0251 1.0179, 0.4787 4.0251 1.0418, 0.5276 4.0251 1.0355, 0.7737 4.0251 0.9257, 0.8033 4.0251 0.91, 0.8262 4.0251 0.8896, 0.1368 4.0251 0.883, 0.1185 4.0251 0.8574, 0.1068 4.0251 0.8282, -0.8673 4.0251 0.883, -0.8066 4.0251 0.8846, -0.78 4.0251 0.8846, -0.7355 4.0251 1.0714, -0.8673 4.0251 1.073, -0.6924 4.0251 1.073, -0.6924 4.0251 0.9357, -0.6831 4.0251 0.9357, -0.6924 4.0251 0.883, -0.6652 4.0251 0.8846, -0.6333 4.0251 0.883, -0.6385 4.0251 0.8846, -0.6333 4.0251 1.073, -0.6924 4.0251 1.0259, -0.7097 4.0251 1.0714, -0.4148 4.0251 1.073, -0.4148 4.0251 1.0714, -0.4365 4.0251 1.0714, -0.4408 4.0251 0.8846, -0.4761 4.0251 0.8846, -0.4408 4.0251 0.9059, -0.4761 4.0251 1.0714, -0.4365 4.0251 1.0499, -0.5616 4.0251 0.883, -0.5591 4.0251 0.8884, -0.5274 4.0251 0.8846, -0.5616 4.0251 1.073, -0.5293 4.0251 1.0714, -0.3644 4.0251 1.0499, -0.3644 4.0251 0.9901, -0.4012 4.0251 1.0499, -0.4012 4.0251 0.9901, -0.4148 4.0251 1.0499, -0.4148 4.0251 0.9901, -0.4312 4.0251 0.9901, -0.4312 4.0251 0.9687, -0.4148 4.0251 0.9059, -0.4148 4.0251 0.9687, -0.4012 4.0251 0.9059, -0.4012 4.0251 0.9687, -0.3644 4.0251 0.9059, -0.3644 4.0251 0.9687, -0.3403 4.0251 0.8846, -0.3108 4.0251 0.883, -0.4012 4.0251 0.883, -0.4012 4.0251 1.0714, -0.4012 4.0251 1.073, -0.3403 4.0251 1.0714, -0.3108 4.0251 1.073, -0.4148 4.0251 0.883, -0.4148 4.0251 0.8846, -0.4012 4.0251 0.8846, -0.2588 4.0251 1.0528, -0.2501 4.0251 1.0523, -0.2949 4.0251 0.9118, -0.2818 4.0251 1.05, -0.3029 4.0251 1.0417, -0.3029 4.0251 0.9154, -0.3008 4.0251 1.0428, -0.2949 4.0251 1.045, -0.234 4.0251 1.0489, -0.2195 4.0251 1.0418, -0.2079 4.0251 1.032, -0.2067 4.0251 1.0306, -0.1976 4.0251 1.0176, -0.1914 4.0251 1.0015, -0.1883 4.0251 0.9759, -0.1886 4.0251 0.9675, -0.2845 4.0251 0.9071, -0.2633 4.0251 0.9032, -0.2546 4.0251 0.9029, -0.1918 4.0251 0.9491, -0.1981 4.0251 0.9343, -0.2066 4.0251 0.9226, -0.2119 4.0251 0.9176, -0.2383 4.0251 0.9046, -0.2245 4.0251 0.9093, -0.2787 4.0251 1.073, -0.2831 4.0251 1.0726, -0.2949 4.0251 1.073, -0.2949 4.0251 1.0692, -0.3029 4.0251 1.0669, -0.2586 4.0251 1.0745, -0.2949 4.0251 1.5892, -0.1602 4.0251 1.5892, -0.2196 4.0251 0.8861, -0.202 4.0251 0.8944, -0.1602 4.0251 0.883, -0.187 4.0251 0.9069, -0.1854 4.0251 0.9086, -0.1743 4.0251 0.9246, -0.1676 4.0251 1.0086, -0.1764 4.0251 1.0293, -0.19 4.0251 1.047, -0.1667 4.0251 0.9441, -0.163 4.0251 0.9744, -0.1633 4.0251 0.9842, -0.1946 4.0251 1.0515, -0.2121 4.0251 1.0637, -0.2348 4.0251 0.883, -0.1602 4.0251 0.8282, -0.2399 4.0251 0.8819, -0.2512 4.0251 0.8814, -0.2949 4.0251 0.8282, -0.2676 4.0251 0.883, -0.3029 4.0251 0.8923, -0.2997 4.0251 0.8907, -0.2949 4.0251 0.883, -0.2949 4.0251 0.8891, -0.2796 4.0251 0.8841, -2.7165 4.0251 1.5892, -2.7165 4.0251 6.378, -1.8786 4.0251 6.5748, -2.7098 4.0251 6.4289, -2.5706 4.0251 6.5681, -2.5197 4.0251 6.5748, -2.6902 4.0251 6.4764, -2.6589 4.0251 6.5171, -2.6181 4.0251 6.5484, -1.1811 4.0251 0.1181, -1.8786 4.0251 0.1181, -1.1811 4.0251 0.1772, -1.8786 4.0251 0.5126, -1.122 4.0251 0.1772, -0.8673 4.0251 0.5126, -1.122 4.0251 0.0984, -0.6924 4.0251 0.5126, -0.7874 4.0251 0.0984, -0.8673 4.0251 0.0984, -0.761 4.0251 -1.6732, -0.7807 4.0251 -1.6258, -0.7297 4.0251 -1.714, -0.6924 4.0251 -1.7427, -0.689 4.0251 -1.7453, -0.6333 4.0251 -0.2619, -0.6415 4.0251 -1.7649, -0.5616 4.0251 -0.2619, -0.5906 4.0251 -1.7717, -0.6333 4.0251 -1.766, 0.0197 4.0251 -1.7717, 0.0197 4.0251 -1.336, 0.0408 4.0251 -1.3332, 0.5906 4.0251 -1.7717, 0.0408 4.0251 -1.029, 0.0787 4.0251 -1.0447, 0.1114 4.0251 -1.0697, 0.1364 4.0251 -1.1024, 0.7874 4.0251 -1.5748, 0.7807 4.0251 -1.6258, 0.1364 4.0251 -1.2598, 0.761 4.0251 -1.6732, 0.7297 4.0251 -1.714, 0.0787 4.0251 -1.3175, 0.1114 4.0251 -1.2925, 0.6415 4.0251 -1.7649, 0.689 4.0251 -1.7453, 0.1521 4.0251 -1.2219, 0.1575 4.0251 -1.1811, 0.1521 4.0251 -1.1403, 0.0197 4.0251 2.0568, 0.3937 4.0251 2.0568, 0.3937 4.0251 5.581, 2.7165 4.0251 6.378, 2.6424 4.0251 6.5319, 2.6051 4.0251 6.5553, 2.5635 4.0251 6.5699, 2.6736 4.0251 6.5007, 2.697 4.0251 6.4634, 2.7116 4.0251 6.4218, -0.1574 4.0251 2.0568, -0.1574 4.0251 1.5892, -0.1602 4.0251 2.0568, -0.2949 4.0251 2.0568, -0.3108 4.0251 2.0568, -0.3108 4.0251 1.5892, -0.3937 4.0251 2.0568, -0.4012 4.0251 1.5892, -0.3937 4.0251 5.581, 2.5197 4.0251 6.5748, 0.0197 4.0251 6.5748, 0.0197 4.0251 5.581, -0.1574 4.0251 6.5748, -0.1574 4.0251 5.581, -0.1602 4.0251 6.5748, -0.1602 4.0251 5.581, -0.2949 4.0251 6.5748, -0.2949 4.0251 5.581, -0.3108 4.0251 6.5748, -0.3108 4.0251 5.581, -0.4012 4.0251 6.5748, -0.0408 4.0251 -1.029, -0.1574 4.0251 -0.2619, 0.0 4.0251 -1.0236, 0.0197 4.0251 -1.0262, -0.0787 4.0251 -1.0447, -0.1114 4.0251 -1.0697, -0.1364 4.0251 -1.1024, -0.1364 4.0251 -1.2598, -0.1114 4.0251 -1.2925, -0.1574 4.0251 -1.7717, -0.1521 4.0251 -1.2219, -0.0787 4.0251 -1.3175, -0.0408 4.0251 -1.3332, 0.0 4.0251 -1.3386, -0.1521 4.0251 -1.1403, -0.1574 4.0251 -1.1805, -0.1602 4.0251 -0.2619, -0.1602 4.0251 -1.7717, -0.1575 4.0251 -1.1811, -0.1574 4.0251 -1.1817, -0.6231 4.0251 0.9466, -0.6139 4.0251 0.9273, -0.6066 4.0251 1.0402, -0.6182 4.0251 1.0239, -0.6 4.0251 0.9107, -0.5804 4.0251 0.8967, -0.5616 4.0251 0.8894, -0.6 4.0251 1.0466, -0.5579 4.0251 1.0682, -0.5616 4.0251 1.0669, -0.5804 4.0251 1.06, -0.6251 4.0251 1.0061, -0.6282 4.0251 0.9804, -0.6276 4.0251 0.9684, -0.1602 4.0251 0.5126, -0.2085 4.0251 0.5866, -0.1602 4.0251 0.5866, -0.208 4.0251 0.5866, -0.1928 4.0251 0.7122, -0.1928 4.0251 0.6895, -0.2869 4.0251 0.674, -0.2869 4.0251 0.5882, -0.2949 4.0251 0.5866, -0.2635 4.0251 0.5882, -0.1991 4.0251 0.59, -0.1912 4.0251 0.5955, -0.1886 4.0251 0.5981, -0.2629 4.0251 0.7203, -0.2707 4.0251 0.7158, -0.2635 4.0251 0.6088, -0.2629 4.0251 0.6088, -0.2532 4.0251 0.7233, -0.1837 4.0251 0.6053, -0.1809 4.0251 0.6132, -0.1797 4.0251 0.6239, -0.2567 4.0251 0.6001, -0.249 4.0251 0.593, -0.2447 4.0251 0.5903, -0.1798 4.0251 0.6274, -0.1814 4.0251 0.6373, -0.1847 4.0251 0.6455, -0.1895 4.0251 0.6521, -0.1968 4.0251 0.6583, -0.207 4.0251 0.6634, -0.2066 4.0251 0.6985, -0.224 4.0251 0.6675, -0.2444 4.0251 0.7048, -0.2365 4.0251 0.7057, -0.2212 4.0251 0.7039, -0.1976 4.0251 0.7151, -0.215 4.0251 0.7218, -0.2387 4.0251 0.7247, -0.2769 4.0251 0.7097, -0.2816 4.0251 0.7021, -0.2852 4.0251 0.6913, -0.2635 4.0251 0.673, -0.2627 4.0251 0.6833, -0.2603 4.0251 0.6917, -0.2575 4.0251 0.6965, -0.254 4.0251 0.7003, -0.2499 4.0251 0.7029, -0.2949 4.0251 0.5126, -0.2347 4.0251 0.5866, -0.222 4.0251 0.585, -0.3186 4.0251 0.5929, -0.3108 4.0251 0.5866, -0.3329 4.0251 0.5876, -0.3414 4.0251 0.5866, -0.3254 4.0251 0.6645, -0.3224 4.0251 0.6694, -0.3186 4.0251 0.617, -0.3198 4.0251 0.6765, -0.3188 4.0251 0.6856, -0.3108 4.0251 0.8282, -0.3197 4.0251 0.694, -0.3225 4.0251 0.7015, -0.3268 4.0251 0.7078, -0.3338 4.0251 0.7141, -0.3413 4.0251 0.7185, -0.3543 4.0251 0.723, -0.4012 4.0251 0.8282, -0.3707 4.0251 0.7247, -0.3427 4.0251 0.6058, -0.3542 4.0251 0.6468, -0.328 4.0251 0.6113, -0.3403 4.0251 0.6532, -0.3293 4.0251 0.6605, -0.3571 4.0251 0.6041, -0.3582 4.0251 0.6041, -0.3696 4.0251 0.6404, -0.3702 4.0251 0.6055, -0.3847 4.0251 0.6222, -0.3845 4.0251 0.6251, -0.3762 4.0251 0.6077, -0.3783 4.0251 0.609, -0.381 4.0251 0.6114, -0.3831 4.0251 0.6144, -0.3843 4.0251 0.6177, -0.3834 4.0251 0.6287, -0.3816 4.0251 0.6318, -0.3787 4.0251 0.6349, -0.3548 4.0251 0.585, -0.3108 4.0251 0.5126, -0.3683 4.0251 0.5866, -0.4012 4.0251 0.5126, -0.4012 4.0251 0.5866, -0.4012 4.0251 0.6026, -0.4004 4.0251 0.6015, -0.3937 4.0251 0.5956, -0.3881 4.0251 0.5922, -0.3758 4.0251 0.5875, -0.4024 4.0251 0.7187, -0.4024 4.0251 0.696, -0.4148 4.0251 0.5866, -0.3872 4.0251 0.7232, -0.4012 4.0251 0.7191, -0.4148 4.0251 0.8282, -0.4048 4.0251 0.6077, -0.4076 4.0251 0.6151, -0.4053 4.0251 0.6401, -0.4078 4.0251 0.6332, -0.4088 4.0251 0.6245, -0.3685 4.0251 0.7057, -0.3615 4.0251 0.7051, -0.3429 4.0251 0.6877, -0.3553 4.0251 0.7035, -0.35 4.0251 0.7007, -0.3431 4.0251 0.6846, -0.344 4.0251 0.681, -0.3457 4.0251 0.6778, -0.348 4.0251 0.6753, -0.3563 4.0251 0.6701, -0.3835 4.0251 0.704, -0.3707 4.0251 0.6638, -0.3967 4.0251 0.6992, -0.3798 4.0251 0.6602, -0.3953 4.0251 0.6515, -0.3465 4.0251 0.6976, -0.3445 4.0251 0.6946, -0.3433 4.0251 0.6914, -0.5248 4.0251 0.7216, -0.549 4.0251 0.7216, -0.5616 4.0251 0.8282, -0.4725 4.0251 0.5866, -0.4733 4.0251 0.5885, -0.4209 4.0251 0.7216, -0.4471 4.0251 0.7216, -0.482 4.0251 0.6213, -0.4883 4.0251 0.6211, -0.4848 4.0251 0.6103, -0.4855 4.0251 0.6103, -0.4865 4.0251 0.6149, -0.4148 4.0251 0.5126, -0.5616 4.0251 0.5126, -0.4503 4.0251 0.5264, -0.4409 4.0251 0.5253, -0.4357 4.0251 0.5255, -0.4258 4.0251 0.5272, -0.454 4.0251 0.5509, -0.4584 4.0251 0.5557, -0.463 4.0251 0.5642, -0.4258 4.0251 0.5481, -0.4305 4.0251 0.5465, -0.439 4.0251 0.5454, -0.4958 4.0251 0.5866, -0.4885 4.0251 0.568, -0.4779 4.0251 0.5474, -0.4693 4.0251 0.5371, -0.4677 4.0251 0.5356, -0.4595 4.0251 0.5299, -0.4449 4.0251 0.5461, -0.45 4.0251 0.5481, -0.6705 4.0251 0.7535, -0.6747 4.0251 0.6095, -0.6924 4.0251 0.8282, -0.6924 4.0251 0.5866, -0.6747 4.0251 0.5882, -0.6333 4.0251 0.5866, -0.5984 4.0251 0.7535, -0.5984 4.0251 0.6937, -0.6333 4.0251 0.7535, -0.6333 4.0251 0.6937, -0.6652 4.0251 0.6937, -0.6652 4.0251 0.6723, -0.6333 4.0251 0.6095, -0.6333 4.0251 0.6723, -0.5984 4.0251 0.6095, -0.5984 4.0251 0.6723, -0.6333 4.0251 0.5882, -0.5742 4.0251 0.5882, -0.5616 4.0251 0.5866, -0.5742 4.0251 0.775, -0.6333 4.0251 0.8282, -0.6333 4.0251 0.775, -0.6705 4.0251 0.775, -0.1574 4.0251 1.073, -0.1554 4.0251 0.9059, -0.1574 4.0251 0.883, -0.1554 4.0251 0.8846, -0.0568 4.0251 0.8846, -0.0809 4.0251 0.9059, -0.0809 4.0251 1.0714, -0.0568 4.0251 1.0714, -0.1574 4.0251 0.8282, -0.1531 4.0251 0.775, -0.1531 4.0251 0.7535, -0.1573 4.0251 0.6095, -0.1574 4.0251 0.5866, -0.1573 4.0251 0.5882, -0.0568 4.0251 0.5882, -0.0809 4.0251 0.6723, -0.0809 4.0251 0.6095, -0.1478 4.0251 0.6723, -0.1478 4.0251 0.6937, -0.0809 4.0251 0.6937, -0.0809 4.0251 0.7535, -0.0568 4.0251 0.775, -0.1574 4.0251 0.5126, -0.2354 4.0251 0.5867, -0.2949 4.0251 -0.2619, -0.2949 4.0251 -1.7717, -0.3108 4.0251 -0.2619, -0.3108 4.0251 -1.7717, -0.4012 4.0251 -0.2619, -0.4012 4.0251 -1.7717, -0.4148 4.0251 -0.2619, -0.4148 4.0251 -1.7717, -0.5616 4.0251 -1.7717, -0.6333 4.0251 0.5126, -0.4148 4.0251 1.5892, -0.5616 4.0251 1.5892, -0.6333 4.0251 1.5892, -0.6924 4.0251 1.5892, -0.8673 4.0251 1.5892, -0.7918 4.0251 0.7719, -0.8144 4.0251 0.7636, -0.8673 4.0251 0.8282, -0.857 4.0251 0.6502, -0.8478 4.0251 0.6309, -0.8673 4.0251 0.5866, -0.8339 4.0251 0.6143, -0.8144 4.0251 0.6003, -0.7931 4.0251 0.592, -0.7614 4.0251 0.5882, -0.71 4.0251 0.5882, -0.71 4.0251 0.775, -0.7633 4.0251 0.775, -0.7609 4.0251 0.9357, -0.8339 4.0251 0.7503, -0.8406 4.0251 0.7438, -0.8521 4.0251 0.7275, -0.859 4.0251 0.7097, -0.8621 4.0251 0.684, -0.8616 4.0251 0.6721, -0.8991 4.0251 0.5882, -0.8725 4.0251 0.5882, -1.0139 4.0251 0.5882, -0.9949 4.0251 0.6393, -0.9171 4.0251 0.6393, -0.9436 4.0251 0.775, -0.9694 4.0251 0.775, -1.0406 4.0251 0.5882, -1.8786 4.0251 0.5866, -1.8786 4.0251 0.8282, -1.8786 4.0251 0.883, -1.8786 4.0251 1.073, -1.8786 4.0251 1.5892, -0.4148 4.0251 6.5748, -0.5616 4.0251 6.5748, -0.6333 4.0251 6.5748, -0.6924 4.0251 6.5748, -0.8673 4.0251 6.5748, -2.7165 4.0251 1.073, -2.7165 4.0251 0.883, -2.7165 4.0251 0.8282, -2.7165 4.0251 0.5866, -2.7165 4.0251 0.5126, -2.7165 4.0251 0.1181, 0.3937 3.907 2.0568, 0.3937 3.907 1.8898, 2.7165 3.907 0.1181, -0.3937 3.907 1.8898, -1.1811 3.907 0.1772, -1.2008 3.907 3.8202, -1.122 3.907 0.1772, -1.122 3.907 0.0984, -0.7874 3.907 0.0984, 0.7874 3.907 0.0984, 1.122 3.907 0.0984, 2.6902 3.907 6.4764, 2.6589 3.907 6.5171, 0.3937 3.907 5.581, 0.5906 3.907 -1.7717, 0.0 3.907 -1.3386, -0.5906 3.907 -1.7717, -0.0408 3.907 -1.3332, -0.743 3.907 4.6235, -0.7414 3.907 4.6239, -0.3937 3.907 5.748, -0.711 3.907 4.6114, -0.3937 3.907 5.581, -0.7113 3.907 4.6124, -0.7131 3.907 4.6163, 2.7098 3.907 6.4289, 1.122 3.907 0.1772, 1.1811 3.907 0.1772, 1.1811 3.907 0.1181, -0.7183 3.907 4.6213, -0.7172 3.907 4.6205, -0.71 3.907 4.6047, -0.71 3.907 4.6027, -0.3937 3.907 2.0568, -0.7121 3.907 4.5903, -0.7123 3.907 4.5897, -0.7149 3.907 4.5797, -0.9178 3.907 4.1314, -0.9194 3.907 4.1258, -0.8627 3.907 4.2845, -0.872 3.907 4.2643, -0.8735 3.907 4.2601, 2.7165 3.907 6.378, -0.7979 3.907 4.6024, -0.7946 3.907 4.6044, -2.5197 3.907 6.5748, -0.7582 3.907 4.6199, -0.7439 3.907 4.6233, 2.5197 3.907 6.5748, 0.3937 3.907 5.748, 2.5706 3.907 6.5681, 2.6181 3.907 6.5484, -0.7319 3.907 4.6246, -0.7244 3.907 4.6237, -0.7224 3.907 4.6231, -0.7148 3.907 4.6184, -0.7144 3.907 4.618, -0.9245 3.907 4.1081, -0.9362 3.907 4.0537, -0.9489 3.907 3.9949, -0.1364 3.907 -1.1024, -0.1114 3.907 -1.0697, -0.7396 3.907 4.5262, -0.761 3.907 4.487, -0.7728 3.907 4.4651, -0.7902 3.907 4.4329, -0.8211 3.907 4.3754, -0.8211 3.907 4.3753, -0.0787 3.907 -1.0447, -0.0408 3.907 -1.029, 0.0 3.907 -1.0236, 0.0408 3.907 -1.029, 0.0787 3.907 -1.0447, 0.1114 3.907 -1.0697, 0.1114 3.907 -1.2925, 0.0787 3.907 -1.3175, 0.0408 3.907 -1.3332, -0.8736 3.907 4.5502, -0.8316 3.907 4.5822, -0.8305 3.907 4.583, -0.7343 3.907 4.5378, -0.9122 3.907 4.1511, -0.951 3.907 3.9763, -0.9511 3.907 3.9755, -0.9603 3.907 3.8967, -1.1811 3.907 0.1181, -2.7165 3.907 0.1181, -2.7165 3.907 6.378, -1.1945 3.907 3.9184, -1.1938 3.907 3.9293, -1.141 3.907 4.1568, -1.1261 3.907 4.1927, -1.0804 3.907 4.2914, -1.0516 3.907 4.3443, -1.0496 3.907 4.3475, -1.0359 3.907 4.3689, -1.0309 3.907 4.3758, -0.9798 3.907 4.4449, -0.9725 3.907 4.4528, 0.1364 3.907 -1.1024, 0.1521 3.907 -1.1403, 0.7874 3.907 -1.5748, 0.689 3.907 -1.7453, 0.7297 3.907 -1.714, 0.1364 3.907 -1.2598, -1.1221 3.907 4.2024, -1.101 3.907 4.2533, -0.9608 3.907 4.4654, -0.9174 3.907 4.5124, -2.7098 3.907 6.4289, -0.9063 3.907 4.5225, -2.6902 3.907 6.4764, -2.6589 3.907 6.5171, -0.8872 3.907 4.5399, -2.5706 3.907 6.5681, -2.6181 3.907 6.5484, -0.7128 3.907 4.5866, -0.9621 3.907 3.8808, -0.9645 3.907 3.8187, -0.9646 3.907 3.8175, -0.7874 3.907 -1.5748, -0.7807 3.907 -1.6258, -0.1364 3.907 -1.2598, -0.761 3.907 -1.6732, -0.7297 3.907 -1.714, -0.1521 3.907 -1.2219, -0.1575 3.907 -1.1811, -0.1521 3.907 -1.1403, 0.6415 3.907 -1.7649, -1.1795 3.907 4.0135, -1.1792 3.907 4.0153, -1.1755 3.907 4.037, -1.1713 3.907 4.055, -1.1548 3.907 4.1103, -0.0787 3.907 -1.3175, -0.1114 3.907 -1.2925, -0.6415 3.907 -1.7649, -0.689 3.907 -1.7453, 0.761 3.907 -1.6732, 0.7807 3.907 -1.6258, 0.1521 3.907 -1.2219, 0.1575 3.907 -1.1811, 0.3937 3.668 2.1288, 0.3937 3.7515 2.2123, 0.3937 3.6054 2.2103, 0.3937 3.7077 2.2694, 0.3937 3.5661 2.3053, 0.3937 3.6802 2.3358, 0.3937 3.6708 2.4072, 0.3937 3.6003 4.6753, 0.3937 3.5833 4.6799, 0.3937 3.5527 2.4072, 0.3937 3.6708 4.6827, 0.3937 3.6696 4.6823, 0.3937 3.6538 4.6765, 0.3937 3.6468 4.6748, 0.3937 3.5587 4.6946, 0.3937 3.5527 4.6988, 0.3937 3.6448 4.6743, 0.3937 3.6233 4.6727, 0.3937 3.6184 4.6723, 0.3937 3.6075 4.6733, 0.3937 3.5783 4.6822, 0.3937 3.5737 4.6843, 0.3937 3.6708 4.9228, 0.3028 3.6708 4.9539, 0.3937 3.6708 5.2306, 0.291 3.6708 4.9579, 0.2816 3.6708 4.9612, -0.2886 3.6708 4.9563, -0.2943 3.6708 4.9549, -0.3937 3.6708 5.2306, -0.38 3.6708 4.9233, -0.3937 3.6708 4.9183, -0.1665 3.6708 4.9852, -0.1908 3.6708 4.9808, 0.0496 3.6708 4.9983, 0.0016 3.6708 4.9979, -0.0587 3.6708 4.9975, -0.0782 3.6708 4.9953, -0.0958 3.6708 4.9933, 0.1959 3.6708 4.9803, 0.1762 3.6708 4.9847, 0.1579 3.6708 4.9877, 0.1144 3.6708 4.9919, 0.099 3.6708 4.9934, -0.1933 3.6708 4.9802, -0.2602 3.6708 4.9634, 2.7165 4.0448 -0.0197, 2.7165 4.0448 0.0984, 2.7165 4.0091 -0.015, 2.7165 4.0404 0.0989, 2.7165 3.9759 -0.0012, 2.7165 4.0362 0.1004, 2.7165 3.9474 0.0207, 2.7165 4.0256 0.1137, 2.7165 3.9117 0.0824, 2.7165 4.0271 0.1096, 2.7165 3.9255 0.0492, 2.7165 4.0294 0.1058, 2.7165 4.0325 0.1027, 1.1811 3.9117 0.0824, 1.1811 4.0256 0.1137, 1.1811 3.9255 0.0492, 1.1811 4.0271 0.1096, 1.1811 3.9474 0.0207, 1.1811 4.0448 0.0984, 1.1811 4.0448 -0.0197, 1.1811 4.0404 0.0989, 1.1811 4.0091 -0.015, 1.1811 4.0362 0.1004, 1.1811 3.9759 -0.0012, 1.1811 4.0325 0.1027, 1.1811 4.0294 0.1058, 1.1811 4.8912 0.0984, 1.1811 4.8912 -0.0197, 2.7165 4.8912 -0.0197, 2.7165 4.8912 0.0984, -1.1811 4.0448 -0.0197, -1.1811 4.0448 0.0984, -1.1811 4.0091 -0.015, -1.1811 4.0404 0.0989, -1.1811 3.9759 -0.0012, -1.1811 4.0362 0.1004, -1.1811 3.9474 0.0207, -1.1811 4.0256 0.1137, -1.1811 3.9117 0.0824, -1.1811 4.0271 0.1096, -1.1811 3.9255 0.0492, -1.1811 4.0294 0.1058, -1.1811 4.0325 0.1027, -2.7165 4.0448 0.0984, -2.7165 4.0448 -0.0197, -2.7165 4.0404 0.0989, -2.7165 4.0091 -0.015, -2.7165 4.0362 0.1004, -2.7165 3.9759 -0.0012, -2.7165 4.0325 0.1027, -2.7165 3.9474 0.0207, -2.7165 3.9117 0.0824, -2.7165 4.0256 0.1137, -2.7165 3.9255 0.0492, -2.7165 4.0271 0.1096, -2.7165 4.0294 0.1058, -2.7165 4.8912 0.0984, -2.7165 4.8912 -0.0197, -1.1811 4.8912 -0.0197, -1.1811 4.8912 0.0984, 2.7098 4.0251 6.4289, 2.6902 4.0251 6.4764, 2.6589 4.0251 6.5171, 2.6181 4.0251 6.5484, 2.5706 4.0251 6.5681, -0.3937 3.7515 2.2123, 0.3937 3.7515 5.4255, -0.3937 3.7515 5.4255, 0.3937 3.5527 5.2306, 0.3937 3.5527 4.8933, 0.3937 3.5654 4.9042, 0.3937 3.5693 4.9068, 0.3937 3.5735 4.9097, 0.3937 3.5906 4.9178, 0.3937 3.6362 4.9282, 0.3937 3.6365 4.9282, 0.3937 3.5661 5.3325, 0.3937 3.6451 4.9279, 0.3937 3.6592 4.9251, 0.3937 3.5997 4.9222, 0.3937 3.6094 4.9249, 0.3937 3.613 4.9254, 0.3937 3.668 5.509, 0.3937 3.7077 5.3684, 0.3937 3.6054 5.4275, 0.3937 3.6802 5.302, -0.3937 3.668 5.509, -0.3937 3.6054 5.4275, -0.3937 3.7077 5.3684, -0.3937 3.5661 5.3325, -0.3937 3.6802 5.302, -0.3937 3.5527 5.2306, -0.3937 3.6675 4.9155, -0.3937 3.6514 4.9019, -0.3937 3.636 4.8812, -0.3937 3.6349 4.8797, -0.3937 3.6303 4.8707, -0.3937 3.6231 4.7866, -0.3937 3.6243 4.7795, -0.3937 3.6708 2.4072, -0.3937 3.6288 4.7664, -0.3937 3.6266 4.8593, -0.3937 3.6212 4.8427, -0.3937 3.6201 4.8359, -0.3937 3.6196 4.833, -0.3937 3.6189 4.8113, -0.3937 3.5527 2.4072, -0.3937 3.668 2.1288, -0.3937 3.7077 2.2694, -0.3937 3.6054 2.2103, -0.3937 3.6802 2.3358, -0.3937 3.5661 2.3053, -0.3937 3.6307 4.7629, -0.3937 3.6429 4.7409, -0.3937 3.6446 4.7377, -0.3937 3.653 4.7272, -0.3937 3.6588 4.7217, -0.3937 3.6708 4.7103, 0.3864 3.6708 4.6852, -0.3511 3.6708 4.7222, -0.0629 3.6708 4.7649, -0.0015 3.6708 4.7633, 0.0913 3.6708 4.7569, 0.1547 3.6708 4.7489, -0.3399 3.6708 4.7254, -0.239 3.6708 4.7466, -0.2212 3.6708 4.7503, 0.2433 3.6708 4.7296, 0.2844 3.6708 4.7201, 0.3663 3.6708 4.6921, -0.2138 3.6708 4.7513, -0.1774 3.6708 4.7565, -0.1597 3.6708 4.7578, -0.0802 3.6708 4.7637, -0.0638 3.6708 4.7649, 0.1664 3.6708 4.7474, 0.2316 3.6708 4.7323, 0.0517 3.6708 4.7619, 0.0767 3.6708 4.7588, 0.3786 3.5527 4.8963, 0.1012 3.5527 4.8604, 0.0975 3.5527 4.8662, 0.0998 3.5527 4.8863, 0.0987 3.5527 4.8849, 0.0964 3.5527 4.8806, 0.1292 3.5527 4.8376, 0.11 3.5527 4.8517, 0.1084 3.5527 4.8529, 0.0961 3.5527 4.8695, 0.0953 3.5527 4.8736, 0.0953 3.5527 4.8751, 0.0955 3.5527 4.8765, 0.0958 3.5527 4.8788, 0.2176 3.5527 4.7919, 0.1585 3.5527 4.8217, 0.143 3.5527 4.8295, 0.1063 3.5527 4.8922, 0.1082 3.5527 4.8935, 0.1163 3.5527 4.8973, 0.3599 3.5527 4.7172, 0.2707 3.5527 4.7659, 0.2296 3.5527 4.786, 0.2285 3.5527 4.7866, 0.1273 3.5527 4.9025, 0.1364 3.5527 4.9053, 0.1678 3.5527 4.9103, 0.1735 3.5527 4.9112, 0.1935 3.5527 4.9143, 0.2359 3.5527 4.9153, 0.2617 3.5527 4.913, 0.3251 3.5527 4.7362, 0.2633 3.5527 4.9129, 0.3226 3.5527 4.9076, -1.2008 3.9068 3.8202, -1.0597 3.7929 3.8037, -1.0523 3.7939 3.8038, -0.9676 3.8844 3.8146, -0.9686 3.8767 3.8136, -0.9745 3.8627 3.8119, -0.9805 3.8484 3.8101, -0.9851 3.8425 3.8093, -0.9993 3.8242 3.8071, -1.0175 3.8103 3.8055, -1.0238 3.8056 3.805, -1.0379 3.7998 3.8044, -1.1056 3.7929 3.8042, -1.1134 3.7939 3.8045, -1.1275 3.7997 3.8054, -1.1419 3.8056 3.8063, -1.1478 3.8101 3.807, -1.1663 3.8242 3.809, -1.1803 3.8422 3.8115, -1.185 3.8484 3.8124, -1.1909 3.8624 3.8143, -1.1968 3.8767 3.8162, -1.1978 3.8841 3.8172, -1.0829 3.7899 3.8036, -1.0243 3.776 3.9709, -1.0039 3.7868 3.9688, -0.5203 3.851 4.8275, -0.4367 3.8395 4.8652, -0.4275 3.8504 4.847, -0.3497 3.828 4.8964, -0.2605 3.8164 4.9203, -0.2544 3.8273 4.9008, -0.3807 3.6857 4.9318, -0.2886 3.6742 4.9581, -0.2874 3.6961 4.9654, 0.2421 3.7148 4.7498, 0.3743 3.6942 4.7031, 0.3675 3.6739 4.6941, 0.7534 3.3283 3.2792, 0.659 3.3062 3.1699, 0.6685 3.286 3.164, 0.6024 3.2945 3.1185, 0.5419 3.2828 3.072, 0.5503 3.2625 3.0645, 0.4777 3.2711 3.0306, 0.4104 3.2593 2.9947, 0.4175 3.2391 2.986, 0.3398 3.2475 2.9642, 0.2669 3.2357 2.9398, 0.2724 3.2154 2.93, 0.392 3.3749 2.7778, 0.3034 3.363 2.7497, 0.2967 3.3776 2.7664, 0.1929 3.2239 2.9217, 0.1178 3.2122 2.9099, 0.1216 3.1919 2.8994, -0.0342 3.1886 2.905, -0.1711 3.1672 2.9223, -0.1708 3.1469 2.9111, -0.2448 3.1554 2.9407, -0.3165 3.1436 2.9651, -0.318 3.1234 2.954, -0.456 3.0998 3.0205, -0.582 3.076 3.1096, -0.5898 3.0582 3.097, -0.6872 3.0142 3.104, -0.7436 3.0024 3.1645, -0.7611 3.0001 3.1495, -0.7414 3.2439 3.0928, -0.7985 3.2321 3.1578, -0.781 3.2344 3.1728, -0.7701 3.2263 3.0613, -0.8297 3.2145 3.1288, -0.8149 3.2254 3.143, -0.7961 3.1737 3.0259, -0.8586 3.1619 3.0958, -0.852 3.1822 3.1048, -0.7989 3.1517 3.0192, -0.8619 3.1399 3.0893, -0.7984 3.1289 3.0155, -0.8617 3.1171 3.0855, -0.7661 3.0461 3.0321, -0.8281 3.0343 3.0995, -0.8409 3.052 3.0918, -0.7768 3.1385 3.3598, -0.8338 3.1178 3.4785, -0.8265 3.0959 3.4784, -0.8602 2.9764 3.2866, -0.927 2.9557 3.4184, -0.9485 2.9579 3.41, -0.8583 3.106 3.5498, -0.8767 3.0941 3.6227, -0.8695 3.0722 3.6213, -0.8312 3.0107 4.1402, -0.8003 2.9988 4.2085, -0.7955 2.9768 4.2029, -0.454 2.8255 4.5761, -0.3875 2.8134 4.611, -0.3945 2.7932 4.6197, -0.4445 2.8703 4.5713, -0.3784 2.8583 4.6054, -0.3821 2.8354 4.6061, -0.4121 2.7608 4.6475, -0.2664 2.7369 4.7028, -0.2732 2.726 4.7221, -0.308 2.8911 4.644, -0.3769 2.9031 4.6161, -0.3792 2.9233 4.6271, -0.3833 2.941 4.6414, -0.239 2.9171 4.692, -0.2374 2.8994 4.6772, -0.0162 2.8431 4.6953, 0.0579 2.8311 4.6925, 0.0546 2.8092 4.6859, 0.1314 2.8191 4.6833, 0.2038 2.8072 4.6681, 0.1994 2.7852 4.6622, 0.2751 2.7951 4.6466, 0.3442 2.783 4.6193, 0.3389 2.761 4.6142, 0.4109 2.7709 4.586, 0.4743 2.7588 4.5472, 0.4682 2.7368 4.5432, 0.5318 2.7471 4.505, 0.5857 2.7355 4.4582, 0.579 2.7135 4.4552, 0.8536 2.5206 4.1172, 0.8901 2.4962 3.9664, 0.9101 2.4854 3.9706, 0.9385 2.4886 4.0596, 0.9547 2.4764 3.978, 0.9776 2.4786 3.9809, 0.8605 2.6224 3.7192, 0.8479 2.6103 3.6463, 0.8377 2.5901 3.6511, 0.9295 2.4158 3.569, 0.9035 2.4036 3.4901, 0.9249 2.4058 3.4814, 0.805 2.3691 3.2579, 0.7526 2.3569 3.191, 0.7687 2.3635 3.1758, 0.679 2.3424 3.1458, 0.6176 2.3301 3.0903, 0.6318 2.3323 3.0722, 0.552 2.3179 3.0408, 0.4824 2.3057 2.9972, 0.4933 2.3079 2.9769, 0.4094 2.2935 2.9597, 0.3336 2.2813 2.9286, 0.3408 2.2835 2.9068, 0.2953 2.3335 3.0192, 0.1754 2.3128 2.9864, 0.1804 2.295 2.9725, 0.1028 2.3006 2.9755, 0.0297 2.2883 2.9709, 0.0322 2.2706 2.9563, -0.0436 2.2761 2.9726, -0.1163 2.2639 2.9806, -0.1164 2.2461 2.9657, -0.1888 2.2515 2.9949, -0.2596 2.2391 3.0155, -0.2622 2.2214 3.0009, -0.3276 2.2269 3.042, -0.393 2.2146 3.0742, -0.3981 2.1968 3.0603, -0.4549 2.2024 3.1116, -0.5132 2.1903 3.154, -0.5206 2.1725 3.1411, -0.5687 2.1779 3.2022, -0.6196 2.1655 3.255, -0.6292 2.1477 3.2436, -0.6653 2.1532 3.3115, -0.7059 2.1409 3.3717, -0.7172 2.1231 3.3622, -0.7413 2.1285 3.4356, -0.771 2.1161 3.5022, -0.7838 2.0983 3.4947, -0.7938 2.1043 3.5681, -0.8109 2.0924 3.6356, -0.8249 2.0746 3.6304, -0.8227 2.0801 3.707, -0.8282 2.0677 3.779, -0.8428 2.0499 3.7763, -0.8275 2.0553 3.8518, -0.8204 2.0428 3.9242, -0.8352 2.0251 3.9241, -0.8814 1.9805 4.007, -0.8956 1.9929 3.929, -0.8736 1.9996 3.9265, -0.8069 2.0304 3.9956, -0.7872 2.0179 4.0654, -0.8018 2.0002 4.0679, -0.8327 1.9555 4.1576, -0.8604 1.968 4.0833, -0.8391 1.9747 4.077, -0.7585 1.9305 4.2975, -0.7986 1.943 4.2292, -0.7788 1.9497 4.2193, -0.7437 1.9752 4.2037, -0.6628 1.9501 4.3272, -0.678 1.9356 4.3369, -0.6612 1.9055 4.4216, -0.7125 1.918 4.3619, -0.6947 1.9247 4.3486, -0.7323 2.0853 4.5229, -0.6669 2.0728 4.5836, -0.6555 2.0906 4.5741, -0.4918 1.866 4.5898, -0.3633 1.8435 4.656, -0.3716 1.8457 4.6775, -0.0964 1.9884 4.624, -0.0251 1.9759 4.6283, -0.0275 1.9557 4.6173, 0.1062 1.7707 4.6954, 0.1813 1.7584 4.6818, 0.1863 1.7561 4.7043, 0.1184 1.9507 4.6178, 0.1867 1.9385 4.6035, 0.1815 1.9182 4.5935, 0.255 1.9259 4.5828, 0.3211 1.9134 4.5563, 0.3143 1.8931 4.5473, 0.8489 1.5945 3.997, 0.8307 1.6072 4.0723, 0.8096 1.6139 4.0656, 0.7871 1.6063 3.7655, 0.7655 1.5829 3.6371, 0.7802 1.5651 3.6356, 0.9813 1.7362 3.7306, 0.9513 1.7127 3.5707, 0.9365 1.7305 3.5722, 0.745 1.5702 3.5694, 0.7187 1.5574 3.504, 0.7329 1.5397 3.4999, 0.7547 1.4948 3.409, 0.7895 1.5075 3.4781, 0.769 1.5142 3.4867, 0.6865 1.5447 3.4411, 0.6488 1.5319 3.3816, 0.6621 1.5142 3.375, 0.5589 1.5066 3.2747, 0.5287 1.499 3.2462, 0.5402 1.4813 3.2367, 0.4742 1.4862 3.2016, 0.4159 1.4734 3.1622, 0.4254 1.4557 3.1509, 0.3548 1.4607 3.1286, 0.291 1.448 3.1007, 0.2984 1.4302 3.0878, 0.2507 1.3852 3.0077, 0.3237 1.3981 3.0327, 0.315 1.4048 3.0531, 0.0998 1.3595 2.9779, 0.1759 1.3723 2.9893, 0.1711 1.379 3.0109, -0.0695 1.5139 3.0527, -0.0002 1.5267 3.0484, -0.0026 1.5444 3.0337, -0.123 1.3386 3.0275, -0.2471 1.3159 3.0591, -0.2527 1.3051 3.0394, -0.3988 1.483 2.96, -0.4746 1.4702 3.0008, -0.4673 1.4847 3.0172, -0.5013 1.4918 3.1187, -0.5618 1.479 3.1677, -0.5466 1.4768 3.1851, -0.5144 1.4895 3.0998, -0.5765 1.4767 3.15, -0.5384 1.3095 3.025, -0.6071 1.2966 3.0777, -0.6163 1.3169 3.0711, -0.528 1.2917 3.0357, -0.5958 1.2789 3.0874, -0.4897 1.2598 3.0827, -0.5534 1.247 3.1308, -0.5685 1.2536 3.1145, -0.4761 1.2575 3.1014, -0.5383 1.2447 3.1481, -0.6295 1.4296 3.3385, -0.7036 1.404 3.4606, -0.6868 1.3895 3.4671, -0.7822 1.1765 3.4761, -0.7488 1.1894 3.4058, -0.7284 1.1917 3.4166, -0.6917 1.2093 3.4381, -0.7471 1.1835 3.5704, -0.7662 1.1726 3.5632, -0.6786 1.2938 3.5345, -0.7007 1.2809 3.5977, -0.702 1.2581 3.5942, -0.7659 1.3248 3.8064, -0.7627 1.3119 3.8761, -0.7482 1.2941 3.8727, -0.7403 1.0723 4.1196, -0.6713 1.0464 4.2479, -0.6901 1.0397 4.2597, -0.5828 1.2244 4.3023, -0.6258 1.2375 4.2471, -0.6396 1.252 4.2588, -0.4829 1.1983 4.3992, -0.535 1.2114 4.3532, -0.5463 1.2259 4.3672, -0.421 0.9973 4.4648, -0.2938 0.971 4.5293, -0.3024 0.9602 4.5479, -0.3407 1.0165 4.4727, -0.2783 1.0034 4.5004, -0.2857 0.9856 4.5133, -0.328 1.0588 4.4594, -0.2669 1.0456 4.486, -0.2719 1.0237 4.4912, -0.3231 1.1264 4.4694, -0.261 1.1133 4.4955, -0.2613 1.0913 4.4881, -0.3255 1.1467 4.4804, -0.2625 1.1335 4.5067, -0.3299 1.1644 4.4946, -0.2655 1.1512 4.5212, -0.3528 1.1963 4.5508, -0.2831 1.1832 4.5793, -0.276 1.1766 4.5583, -0.0626 1.1119 4.5636, -0.131 1.125 4.5559, -0.1323 1.1395 4.5738, -0.1376 1.1569 4.6162, 0.0107 1.1309 4.6256, 0.0097 1.1242 4.6034, 0.0753 1.0857 4.5602, 0.0061 1.0989 4.5651, 0.0082 1.1134 4.583, 0.2099 1.0595 4.5315, 0.1436 1.0726 4.5489, 0.1489 1.0871 4.5661, 0.1542 1.0979 4.5859, 0.2913 1.0718 4.5425, 0.2824 1.061 4.524, 0.2438 1.0914 4.6326, 0.3172 1.0784 4.6056, 0.309 1.0807 4.5841, 0.256 0.9764 4.7279, 0.3381 0.9634 4.6994, 0.34 0.9862 4.6962, 0.2525 0.9536 4.7265, 0.3345 0.9405 4.6983, 0.2422 0.9114 4.7111, 0.3228 0.8983 4.6839, 0.3293 0.9186 4.6931, 0.2358 0.8937 4.6976, 0.3153 0.8806 4.6711, 0.451 1.007 4.4034, 0.5028 0.9938 4.3579, 0.4911 0.9761 4.3487, 0.4809 0.807 4.4853, 0.5403 0.7937 4.4366, 0.5562 0.796 4.4533, 0.5943 0.7806 4.3831, 0.643 0.7675 4.3249, 0.6617 0.7697 4.3384, 0.7229 0.6958 3.7572, 0.7215 0.6932 3.7443, 0.7395 0.6787 3.7439, 0.7103 0.6801 3.6782, 0.6932 0.6671 3.6136, 0.7108 0.6525 3.6099, 0.7482 0.6193 3.5209, 0.7739 0.6326 3.592, 0.7519 0.6349 3.5988, 0.6698 0.6538 3.55, 0.6407 0.6405 3.4889, 0.6573 0.6259 3.482, 0.6058 0.6271 3.4306, 0.5655 0.6137 3.3759, 0.5804 0.5991 3.366, 0.5214 0.6006 3.3265, 0.473 0.5876 3.2814, 0.4859 0.573 3.2689, 0.4194 0.5741 3.24, 0.3623 0.5607 3.2039, 0.3726 0.5462 3.1892, 0.3021 0.5474 3.1736, 0.2395 0.534 3.1491, 0.2469 0.5194 3.1327, 0.1918 0.4884 3.0725, 0.2622 0.5018 3.093, 0.2545 0.5085 3.1138, 0.1745 0.5205 3.1306, 0.1082 0.507 3.1182, 0.1123 0.4924 3.1007, 0.1727 0.718 3.0207, 0.0959 0.7046 3.009, 0.0928 0.7068 3.0318, 0.1842 0.7005 2.9797, 0.1035 0.687 2.9671, 0.0996 0.6979 2.9871, 0.047 0.4614 3.052, 0.1199 0.4749 3.0588, 0.1163 0.4816 3.0807, 0.041 0.4935 3.1122, -0.0263 0.4801 3.1127, -0.0256 0.4655 3.0948, -0.0922 0.4668 3.1195, -0.1571 0.4535 3.1324, -0.1597 0.4389 3.1146, -0.2212 0.44 3.1515, -0.283 0.4265 3.1765, -0.289 0.412 3.1595, -0.3695 0.3809 3.1532, -0.3052 0.3944 3.1201, -0.2964 0.4011 3.1405, -0.3421 0.4131 3.2073, -0.3979 0.3996 3.2435, -0.407 0.385 3.228, -0.4657 0.552 3.2985, -0.4155 0.5652 3.2561, -0.4277 0.5798 3.2428, -0.5084 0.3585 3.3159, -0.5927 0.3314 3.4228, -0.6092 0.3206 3.4107, -0.5535 0.5251 3.3968, -0.5116 0.5387 3.3452, -0.526 0.5532 3.3344, -0.755 0.4514 3.3397, -0.7893 0.4403 3.4008, -0.7847 0.4623 3.4065, -0.6859 0.3204 3.3628, -0.7186 0.3093 3.4184, -0.7373 0.3201 3.4102, -0.6518 0.5259 3.4851, -0.7002 0.4994 3.6128, -0.6802 0.4886 3.6174, -0.6824 0.214 3.9857, -0.6363 0.1869 4.1112, -0.6552 0.1761 4.1191, -0.6153 0.3427 4.0515, -0.5892 0.3292 4.1086, -0.5845 0.3072 4.1031, -0.1905 0.081 4.4631, -0.1287 0.0677 4.477, -0.1335 0.0531 4.4944, -0.0661 0.0543 4.485, -0.0031 0.041 4.4871, -0.0046 0.0264 4.505, 0.1224 0.0141 4.4734, 0.225 -0.0087 4.4435, 0.2298 -0.0233 4.4608, 0.1493 0.1943 4.4862, 0.2536 0.1715 4.4518, 0.2453 0.1569 4.4358, 0.2819 -0.0219 4.4186, 0.3361 -0.0352 4.3886, 0.344 -0.0498 4.4048, 0.2882 0.1888 4.5335, 0.4149 0.1623 4.4653, 0.4029 0.1646 4.4456, 0.3881 -0.0487 4.3532, 0.4364 -0.0622 4.313, 0.4473 -0.0768 4.3273, 0.4739 0.1488 4.4219, 0.5283 0.1353 4.3733, 0.5128 0.1376 4.3563, 0.5777 0.1219 4.3198, 0.6217 0.1084 4.262, 0.6032 0.1107 4.2482, 0.5576 -0.1078 4.3421, 0.5062 -0.0944 4.3936, 0.4902 -0.0966 4.377, 0.5334 -0.1037 4.2322, 0.5999 -0.1307 4.1227, 0.6177 -0.1415 4.1326, 0.566 0.063 4.1497, 0.5329 0.0765 4.2028, 0.5486 0.0911 4.2117, 0.6444 -0.1348 4.2259, 0.6037 -0.1213 4.2861, 0.5849 -0.1235 4.2728, 0.7078 -0.1618 4.0955, 0.6792 -0.1483 4.1623, 0.6582 -0.1505 4.1528, 0.6438 0.0091 3.9149, 0.6331 0.0224 3.9753, 0.6509 0.037 3.9779, 0.648 -0.0177 3.7919, 0.6488 -0.0042 3.8538, 0.6668 0.0103 3.853, 0.7324 0.0299 3.8542, 0.7236 0.0029 3.715, 0.7008 0.0007 3.7183, 0.6289 -0.0448 3.6701, 0.6413 -0.0312 3.7305, 0.6589 -0.0167 3.7262, 0.5874 -0.0716 3.5553, 0.6107 -0.0583 3.6112, 0.6271 -0.0437 3.6037, 0.4453 -0.1251 3.3604, 0.3993 -0.1385 3.3213, 0.3918 -0.1562 3.3342, -0.1365 -0.3525 3.243, -0.1892 -0.3657 3.2593, -0.1871 -0.3885 3.2562, -0.1444 -0.3077 3.2357, -0.1977 -0.3209 3.2528, -0.1928 -0.3429 3.2582, -0.3664 -0.3234 3.3164, -0.4118 -0.3369 3.3546, -0.4004 -0.3547 3.3641, -0.6531 -0.5817 3.461, -0.7065 -0.6085 3.591, -0.7265 -0.5977 3.5866, -0.6629 -0.6549 3.8038, -0.6705 -0.6559 3.8037, -0.6664 -0.6419 3.734, -0.6344 -0.6432 3.805, -0.6486 -0.649 3.8044, -0.6445 -0.6352 3.7369, -0.5923 -0.592 3.7474, -0.5959 -0.6063 3.8093, -0.6099 -0.6245 3.8071, -0.5759 -0.5041 3.7605, -0.5784 -0.5189 3.8206, -0.5754 -0.5417 3.8176, -0.5794 -0.5113 3.8216, -0.6344 -0.4403 3.8315, -0.6283 -0.4449 3.8308, -0.6269 -0.4296 3.7656, -0.724 -0.4287 3.834, -0.7164 -0.4277 3.8341, -0.7154 -0.4123 3.7596, -0.8085 -0.5273 3.7359, -0.8116 -0.542 3.8202, -0.8085 -0.5192 3.8232, -0.806 -0.5501 3.7331, -0.8085 -0.5647 3.8172, -0.8075 -0.5723 3.8162, -0.963 3.8729 3.8925, -1.1872 3.8506 3.9103, -1.1766 3.8304 3.9067, -1.1243 3.7873 3.8962, -1.1023 3.7807 3.8933, -0.357 3.8134 4.9128, -0.4453 3.8249 4.881, -0.4531 3.8071 4.8936, 0.0171 3.8014 4.882, -0.0695 3.813 4.8809, -0.0714 3.8107 4.9039, 1.0595 3.3634 3.9552, 1.0458 3.375 4.042, 1.0231 3.3728 4.038, 0.7416 3.2942 2.9504, 0.8116 3.3059 3.0139, 0.8058 3.2857 3.0235, 0.387 3.175 2.8655, 0.4657 3.1869 2.9003, 0.4555 3.1892 2.921, -0.5728 3.0357 2.9788, -0.5007 3.0476 2.9328, -0.4891 3.0499 2.9527, -0.5164 2.753 4.6659, -0.5872 2.7651 4.6198, -0.5738 2.7674 4.601, 0.1578 2.8913 4.7897, 0.0752 2.9033 4.8007, 0.0766 2.901 4.8237, 0.29 2.633 4.7565, 0.2093 2.6451 4.7788, 0.2041 2.6474 4.7564, 0.4335 2.6111 4.6714, 0.3594 2.6232 4.7063, 0.3514 2.6299 4.6857, 0.7541 2.5809 4.5362, 0.6907 2.593 4.5988, 0.6757 2.5823 4.5848, 0.7876 2.5393 4.3503, 0.74 2.5514 4.4165, 0.723 2.5581 4.4023, 0.7159 2.6314 4.2904, 0.6737 2.6436 4.3507, 0.6737 2.6664 4.3469, 0.9153 2.5007 4.1397, 0.8934 2.503 4.1324, -0.8402 2.3105 3.4138, -0.8025 2.3229 3.3414, -0.8221 2.3206 3.3292, -0.9645 2.0367 3.6853, -0.9503 2.0491 3.6016, -0.9284 2.0424 3.6052, -0.9258 2.0031 3.8512, -0.9261 2.0155 3.7698, -0.9031 2.0178 3.7706, 0.865 1.5692 3.8428, 0.8604 1.5819 3.9204, 0.8384 1.5886 3.9176, 0.8883 1.8011 3.8124, 0.8863 1.8138 3.8922, 0.9093 1.8115 3.8946, 0.9391 1.5901 3.4965, 0.9653 1.6029 3.5819, 0.9554 1.5826 3.5872, 0.2218 1.6149 2.9993, 0.2957 1.6278 3.0218, 0.3036 1.63 3.0001, -0.4251 1.3097 3.1854, -0.3667 1.3225 3.1486, -0.3636 1.3428 3.1594, -0.5431 1.4141 3.2863, -0.4929 1.4271 3.2381, -0.5042 1.4448 3.2284, -0.8295 1.1506 3.6246, -0.8092 1.1636 3.549, -0.7872 1.1659 3.556, -0.5563 0.9983 4.4464, -0.6124 1.0113 4.3934, -0.5959 1.0136 4.3774, -0.5844 1.0071 4.4818, -0.6436 1.0202 4.4261, -0.6285 1.0135 4.4099, -0.5708 1.0005 4.4642, 0.3166 0.8678 4.4883, 0.2539 0.8809 4.5157, 0.2506 0.8986 4.5013, 0.715 0.7356 3.9609, 0.6998 0.7488 4.0271, 0.6863 0.7666 4.021, 0.7009 0.7534 3.9561, 0.6764 0.7868 4.0156, 0.8102 0.6747 3.8283, 0.8068 0.688 3.9045, 0.7839 0.6903 3.9024, 0.4583 0.7717 3.1372, 0.5215 0.7851 3.1827, 0.5363 0.7784 3.1663, -0.1313 0.6666 3.0409, -0.0579 0.6799 3.0308, -0.0591 0.6776 3.0078, -0.2454 0.4056 3.0715, -0.1736 0.419 3.0505, -0.1681 0.4213 3.0728, -0.4449 0.514 3.3143, -0.3964 0.5273 3.2739, -0.405 0.5475 3.2666, -0.5194 0.4424 3.4093, -0.4788 0.4559 3.3609, -0.4825 0.4787 3.3615, -0.6221 0.3273 3.3116, -0.5717 0.3408 3.2539, -0.5546 0.3386 3.2693, -0.6211 0.3394 3.547, -0.5941 0.3527 3.4896, -0.5857 0.3729 3.497, -0.6624 0.396 3.8091, -0.6598 0.4091 3.7479, -0.671 0.4293 3.7494, -0.6733 0.4162 3.8116, -0.6858 0.447 3.7502, -0.1747 0.1411 4.4339, -0.2323 0.1544 4.4157, -0.2287 0.1773 4.4147, 0.4641 -0.0743 4.457, 0.4019 -0.0608 4.4993, 0.3893 -0.0674 4.481, 0.5811 -0.0696 4.0376, 0.5586 -0.0561 4.0926, 0.5578 -0.0332 4.089, 0.6261 -0.1387 3.9318, 0.6139 -0.1254 3.9905, 0.604 -0.1051 3.9852, 0.6335 -0.2104 3.6912, 0.644 -0.1969 3.752, 0.6291 -0.1791 3.7517, -0.584 -0.5786 3.6914, -0.5704 -0.5652 3.6363, -0.5607 -0.5449 3.6419, -0.1921 3.6845 4.9842, 0.2913 3.6723 4.9581, 0.419 3.5315 4.8619, 0.2298 3.5523 4.7865, -1.1957 3.8954 3.917, -1.1828 3.884 4.0129, -1.1792 3.9063 4.0153, -1.1594 3.8953 4.1099, -1.1311 3.8839 4.2024, -1.1228 3.9052 4.2024, -1.0879 3.8943 4.293, -1.0447 3.8827 4.3798, -1.0339 3.903 4.3769, -0.9844 3.8915 4.4583, -0.9155 3.8978 4.5282, -0.8542 3.8863 4.5993, -0.7739 3.8894 4.6535, -0.8397 3.9009 4.5886, -0.759 3.9002 4.6395, -0.6743 3.8953 4.6812, -0.7433 3.9069 4.6238, -0.712 3.907 4.5901, -0.6459 3.8954 4.645, -0.6599 3.8976 4.6633, -0.6975 3.9004 4.5732, -0.7734 3.8803 4.4149, -0.7836 3.898 4.4257, -0.8614 3.9033 4.2831, -0.9123 3.8842 4.1263, -0.9351 3.8957 4.0518, -0.9605 3.8957 3.8953, -0.2382 3.6745 4.7458, -0.3132 3.686 4.7243, -0.3864 3.6976 4.6967, -0.0799 3.6732 4.7639, -0.1573 3.6848 4.7551, -0.2339 3.6965 4.74, 0.0771 3.6729 4.7597, 0.0003 3.6845 4.7639, -0.0767 3.696 4.7619, 0.1569 3.6842 4.751, 0.232 3.6731 4.733, 0.2367 3.6946 4.7399, 0.4373 3.6623 4.6602, 0.5121 3.671 4.6286, 0.4316 3.6404 4.6556, 0.4279 3.6175 4.655, 0.4263 3.5947 4.6583, 0.4269 3.5727 4.6656, 0.3675 3.5317 4.7412, 0.3622 3.5463 4.724, 0.2384 3.5348 4.8282, 0.1591 3.5441 4.868, 0.1634 3.5463 4.8907, 0.2502 3.5347 4.8728, 0.2567 3.5414 4.894, 0.4278 3.546 4.8776, 0.4358 3.5637 4.8902, 0.4425 3.584 4.8993, 0.4478 3.6059 4.9043, 0.4514 3.6288 4.9053, 0.4533 3.6516 4.9021, 0.2924 3.6943 4.9509, 0.4515 3.6939 4.8837, 0.4533 3.6736 4.8948, 0.1975 3.6839 4.979, 0.0033 3.6841 5.0001, 0.0993 3.673 4.9933, 0.1022 3.6954 4.9923, -0.0955 3.6733 4.9937, -0.0929 3.6957 4.9975, -0.4601 3.6447 4.8552, -0.4457 3.6273 4.815, -0.428 3.6274 4.7725, -0.4371 3.6251 4.7936, -0.5647 3.657 4.6745, -0.4186 3.6341 4.7524, -0.4094 3.6449 4.7341, -0.6079 -0.5295 3.3218, -0.665 -0.5252 3.3763, -0.6209 -0.5118 3.3146, -0.6757 -0.505 3.3727, -0.6312 -0.4915 3.31, -0.6829 -0.483 3.3715, -0.6383 -0.4696 3.3081, -0.6864 -0.4602 3.3728, -0.6419 -0.4467 3.309, -0.6862 -0.4373 3.3765, -0.642 -0.4239 3.3128, -0.6821 -0.4153 3.3825, -0.6385 -0.4019 3.3191, -0.6743 -0.3951 3.3906, -0.6315 -0.3816 3.3279, -0.6632 -0.3773 3.4004, -0.6214 -0.3639 3.3388, -0.6491 -0.3627 3.4116, -0.6085 -0.3493 3.3512, -0.4663 -0.4016 3.4532, -0.4907 -0.437 3.5009, -0.4592 -0.4235 3.4551, -0.4872 -0.4598 3.4996, -0.4556 -0.4464 3.4541, -0.4874 -0.4827 3.4959, -0.4555 -0.4692 3.4504, -0.4915 -0.5046 3.4898, -0.459 -0.4912 3.444, -0.4993 -0.5249 3.4818, -0.466 -0.5115 3.4353, -0.5104 -0.5427 3.4719, -0.4761 -0.5292 3.4244, -0.5263 -0.4649 3.199, -0.5814 -0.4782 3.2521, -0.5883 -0.4562 3.2495, -0.5367 -0.4201 3.1961, -0.592 -0.4334 3.2501, -0.5924 -0.4105 3.2538, -0.3174 -0.3099 3.2828, -0.3559 -0.3411 3.327, -0.308 -0.3276 3.2943, -0.3474 -0.3614 3.3343, -0.3002 -0.3479 3.3024, -0.3411 -0.3833 3.3381, -0.2943 -0.3698 3.3068, -0.3373 -0.4062 3.3382, -0.2905 -0.3927 3.3073, -0.3362 -0.429 3.3347, -0.2891 -0.4155 3.3038, -0.3378 -0.451 3.3276, -0.29 -0.4375 3.2966, -0.342 -0.4713 3.3172, -0.2932 -0.4578 3.2859, -0.3487 -0.489 3.304, -0.2986 -0.4755 3.272, 0.0513 -0.4206 3.0619, -0.0212 -0.4342 3.0615, -0.0238 -0.4234 3.0412, 0.2896 -0.2033 3.282, 0.2366 -0.2388 3.2652, 0.289 -0.2252 3.2893, 0.2385 -0.2616 3.2685, 0.2905 -0.2481 3.2928, 0.2421 -0.2845 3.2676, 0.2942 -0.2709 3.2922, 0.2473 -0.3065 3.2625, 0.2999 -0.2929 3.2877, 0.254 -0.3267 3.2535, 0.3073 -0.3132 3.2793, 0.2618 -0.3445 3.2408, 0.3163 -0.3309 3.2675, 0.4876 -0.1117 3.4037, 0.4367 -0.1428 3.3725, 0.4778 -0.1294 3.415, 0.4309 -0.1631 3.3822, 0.4712 -0.1497 3.4241, 0.4283 -0.185 3.389, 0.4679 -0.1716 3.4306, 0.4288 -0.2079 3.3928, 0.468 -0.1945 3.4344, 0.4325 -0.2307 3.3933, 0.4717 -0.2173 3.4352, 0.4392 -0.2527 3.3905, 0.4786 -0.2393 3.4331, 0.4487 -0.273 3.3846, 0.4887 -0.2596 3.4281, 0.4606 -0.2907 3.3757, 0.5014 -0.2773 3.4204, -0.4509 0.3136 4.3247, -0.3932 0.2824 4.3511, -0.4428 0.2959 4.3122, -0.3889 0.2622 4.3407, -0.4375 0.2756 4.3023, -0.3872 0.2402 4.3336, -0.4351 0.2537 4.2953, -0.3882 0.2174 4.3299, -0.4358 0.2308 4.2916, -0.3919 0.1945 4.3299, -0.4395 0.208 4.2913, -0.3982 0.1725 4.3336, -0.4461 0.186 4.2943, -0.4068 0.1523 4.3408, -0.4553 0.1658 4.3007, -0.4174 0.1345 4.3512, -0.4669 0.148 4.31, -0.4999 0.1792 4.256, -0.5298 0.213 4.2027, -0.4901 0.1995 4.2506, -0.5227 0.2349 4.201, -0.4832 0.2215 4.2481, -0.5191 0.2578 4.202, -0.4795 0.2443 4.2488, -0.5192 0.2806 4.2058, -0.4792 0.2672 4.2526, -0.5228 0.3026 4.2121, -0.4822 0.2891 4.2593, -0.5299 0.3228 4.2209, -0.4885 0.3094 4.2686, -0.5402 0.3406 4.2316, -0.4977 0.3271 4.2803, 0.8816 0.7496 3.5407, 0.8473 0.7591 3.4579, 0.8785 0.7724 3.5386, 0.84 0.7811 3.4579, 0.8713 0.7944 3.5379, 0.829 0.8014 3.4599, 0.8601 0.8147 3.5388, 0.8146 0.8191 3.4636, 0.8455 0.8324 3.5411, 0.7975 0.8337 3.4689, 0.8279 0.847 3.5449, 0.7782 0.8446 3.4757, 0.808 0.8579 3.5498, 0.7575 0.8513 3.4838, 0.7867 0.8646 3.5559, 0.7363 0.8536 3.4927, 0.7647 0.8669 3.5627, 0.7153 0.8513 3.5021, 0.7429 0.8646 3.5702, 0.5372 0.9629 4.3001, 0.5272 0.9427 4.2948, 0.4817 0.9558 4.3425, 0.5203 0.9207 4.2924, 0.475 0.9339 4.3395, 0.5166 0.8979 4.2931, 0.4712 0.911 4.3398, 0.5163 0.875 4.2968, 0.4706 0.8882 4.3435, 0.5193 0.8531 4.3034, 0.473 0.8662 4.3503, 0.5257 0.8328 4.3126, 0.4785 0.8459 4.3601, 0.5351 0.815 4.3241, 0.4868 0.8282 4.3724, 0.4172 0.8202 4.5282, 0.4952 0.8092 4.5034, 0.4297 0.8224 4.5476, 0.5094 0.8158 4.5205, 0.4422 0.8291 4.5659, 0.523 0.8266 4.5358, 0.4543 0.8399 4.5824, 0.5354 0.8412 4.5489, 0.4655 0.8544 4.5966, 0.5462 0.8589 4.5591, 0.4753 0.8721 4.6078, 0.555 0.8791 4.5662, 0.4833 0.8924 4.6157, 0.5614 0.9011 4.5698, 0.4894 0.9143 4.6198, 0.5651 0.9239 4.5698, 0.4931 0.9372 4.6202, 0.5661 0.9468 4.5662, 0.4945 0.96 4.6167, 0.5644 0.9688 4.5591, 0.4933 0.982 4.6095, 0.5598 0.989 4.5489, 0.4898 1.0023 4.5989, 0.5527 1.0068 4.5359, 0.4839 1.02 4.5853, 0.5433 1.0214 4.5205, 0.476 1.0346 4.5691, 0.532 1.0322 4.5035, 0.4664 1.0455 4.5511, 0.5192 1.0389 4.4854, 0.4553 1.0522 4.5319, 0.5054 1.0412 4.4669, 0.4433 1.0545 4.5122, 0.229 0.8791 4.681, 0.1436 0.8814 4.6797, 0.2219 0.8683 4.6617, 0.1385 0.8747 4.6581, 0.2148 0.8617 4.6407, 0.1339 0.8725 4.6356, 0.2081 0.8595 4.6187, 0.1297 0.8748 4.6129, 0.2019 0.8618 4.5965, -0.6689 1.2035 4.1069, -0.6382 1.1677 4.1624, -0.668 1.1806 4.1032, -0.6416 1.1448 4.1609, -0.6712 1.1578 4.1014, -0.6489 1.1229 4.1616, -0.6785 1.1358 4.1014, -0.6597 1.1026 4.1646, -0.6896 1.1155 4.1034, -0.6736 1.0848 4.1697, -0.7039 1.0978 4.1072, -0.7627 1.3377 3.7366, -0.7511 1.307 3.8044, -0.7479 1.32 3.7359, -0.7401 1.2868 3.8019, -0.7367 1.2997 3.7345, -0.7333 1.2649 3.7992, -0.7297 1.2778 3.7324, -0.731 1.242 3.7962, -0.727 1.2549 3.7296, -0.7331 1.2192 3.7932, -0.7289 1.2321 3.7264, -0.7398 1.1972 3.7902, -0.7353 1.2101 3.7228, -0.7506 1.1769 3.7874, -0.7458 1.1898 3.719, -0.7652 1.1591 3.7848, -0.7601 1.1721 3.7151, -0.5264 1.4828 3.0812, -0.5371 1.4719 3.0637, -0.5458 1.4574 3.048, 0.8921 1.7324 3.4937, 0.9096 1.7178 3.4894, 0.9241 1.7 3.4866, 0.871 2.3914 3.4141, 0.8915 2.3936 3.4036, 0.9486 2.428 3.6499, 0.9515 2.418 3.5621, 0.9711 2.4302 3.6449, 0.9725 2.4246 3.5549, 0.9926 2.4369 3.6396, 0.9917 2.4354 3.5477, 1.0123 2.4477 3.6341, 1.0083 2.45 3.5408, 1.0295 2.4622 3.6286, 1.0217 2.4677 3.5344, 1.0434 2.4799 3.6234, 1.0315 2.4879 3.5287, 1.0536 2.5001 3.6186, 1.0371 2.5099 3.524, 1.0597 2.5221 3.6144, 1.0385 2.5327 3.5205, 1.0613 2.545 3.611, 1.0355 2.5556 3.5183, 1.0585 2.5678 3.6085, 1.0282 2.5776 3.5174, 1.0514 2.5898 3.6071, 1.017 2.5978 3.518, 1.0402 2.61 3.6067, 1.0023 2.6156 3.52, 1.0254 2.6278 3.6073, 0.9847 2.6302 3.5233, 1.0075 2.6424 3.6091, 0.9647 2.641 3.5277, 0.9872 2.6533 3.6118, 0.9432 2.6477 3.5332, 0.9653 2.66 3.6155, 0.9211 2.65 3.5395, 0.9427 2.6622 3.6198, 0.8991 2.6478 3.5464, 0.9202 2.66 3.6248, 0.1275 2.7972 4.6771, -0.0903 2.8551 4.6918, -0.0189 2.8212 4.6885, -0.0925 2.8331 4.6848, -0.0219 2.7983 4.6862, -0.0952 2.8103 4.6822, -0.0249 2.7755 4.6884, -0.0984 2.7875 4.6841, -0.0279 2.7535 4.695, -0.1019 2.7655 4.6905, -0.0307 2.7332 4.7059, -0.1056 2.7452 4.7011, -0.319 2.8015 4.6398, -0.314 2.8235 4.6345, -0.3104 2.8463 4.6334, -0.8883 3.0364 3.8445, -0.8951 3.0704 3.7719, -0.8949 3.0584 3.8477, -0.9062 3.0906 3.774, -0.9057 3.0786 3.8507, 1.1289 3.5082 3.6583, 1.0959 3.5142 3.5664, 1.114 3.526 3.6581, 1.078 3.5288 3.5686, 1.096 3.5406 3.6588, 1.0578 3.5397 3.5718, 1.0757 3.5514 3.6604, 1.0361 3.5464 3.5759, 1.0536 3.5581 3.6627, 1.0136 3.5486 3.5808, 1.0308 3.5604 3.6657, 0.9912 3.5464 3.5863, 1.008 3.5582 3.6693, 0.5316 3.7001 4.8283, 0.5364 3.6823 4.8424, 0.5392 3.662 4.8532, 0.5398 3.64 4.8605, 0.5382 3.6172 4.8638, 0.5344 3.5943 4.8632, 0.5288 3.5724 4.8586, 0.5213 3.5522 4.8501, 0.5124 3.5344 4.8382, 0.5023 3.5199 4.8232, -0.724 -0.655 3.8044, -0.7383 -0.6492 3.8054, -0.7345 -0.6354 3.7286, -0.7525 -0.6433 3.8063, -0.755 -0.6246 3.7281, -0.7586 -0.6387 3.807, -0.777 -0.6248 3.809, -0.773 -0.61 3.7283, -0.7911 -0.6066 3.8115, -0.7878 -0.5923 3.7293, -0.7957 -0.6005 3.8124, -0.799 -0.5721 3.7309, -0.8016 -0.5864 3.8143, -0.8002 -0.4824 3.7426, -0.8016 -0.4976 3.8259, -0.7957 -0.4834 3.8277, -0.7896 -0.4622 3.7462, -0.7911 -0.4774 3.8284, -0.777 -0.4591 3.8307, -0.7752 -0.4444 3.7499, -0.7586 -0.4451 3.8323, -0.7576 -0.4298 3.7534, -0.7525 -0.4405 3.8328, -0.7374 -0.419 3.7567, -0.7383 -0.4346 3.8334, -0.6486 -0.4345 3.8324, -0.6099 -0.4589 3.8288, -0.5959 -0.4771 3.8262, -0.6089 -0.4442 3.7653, -0.5941 -0.4619 3.7644, -0.5829 -0.4821 3.7627, -0.5912 -0.4831 3.8254, -0.5853 -0.4972 3.8235, -0.5794 -0.572 3.8136, -0.5853 -0.5861 3.8119, -0.5817 -0.5718 3.7511, -0.5912 -0.6002 3.8101, -0.762 -0.5966 3.6553, -0.7663 -0.431 3.6765, -0.7803 -0.4488 3.6715, -0.7905 -0.469 3.6669, -0.7965 -0.491 3.6628, -0.7806 -0.5004 3.5842, -0.7792 -0.4776 3.5877, -0.7736 -0.4556 3.5923, -0.7639 -0.4353 3.5979, -0.7505 -0.4175 3.6042, -0.7338 -0.403 3.611, -0.7146 -0.3921 3.6181, -0.5873 -0.4485 3.7081, -0.5901 -0.4173 3.6508, -0.6022 -0.4307 3.7076, -0.6078 -0.4028 3.6476, -0.5838 -0.5829 3.63, -0.5979 -0.5964 3.6864, -0.6067 -0.6098 3.7438, -0.6283 -0.6385 3.8055, -0.6243 -0.6244 3.7402, -0.6005 -0.5975 3.6232, -0.7164 -0.656 3.8042, -0.7123 -0.642 3.7297, -0.6849 -0.6151 3.5963, -0.633 -0.5883 3.4703, -0.5576 -0.5614 3.3557, -0.7881 -0.5586 3.6554, -0.7769 -0.5789 3.6548, -0.759 -0.5654 3.5816, -0.7442 -0.5832 3.5835, -0.7198 -0.5698 3.5137, -0.672 -0.5709 3.4529, -0.728 -0.4041 3.5338, -0.7407 -0.4219 3.5262, -0.7499 -0.4422 3.5197, -0.755 -0.4642 3.5146, -0.756 -0.487 3.511, -0.7528 -0.5098 3.5091, -0.7139 -0.5184 3.4393, -0.7212 -0.4964 3.4387, -0.7246 -0.4736 3.4404, -0.724 -0.4507 3.444, -0.7193 -0.4288 3.4496, -0.7109 -0.4085 3.4569, -0.6988 -0.3907 3.4657, -0.6838 -0.3761 3.4755, -0.6663 -0.3653 3.486, -0.5669 -0.376 3.5351, -0.5727 -0.4039 3.5953, -0.5753 -0.435 3.6526, -0.5761 -0.4687 3.7076, -0.5223 -0.3771 3.4901, -0.5501 -0.3905 3.5416, -0.5359 -0.4082 3.5462, -0.5581 -0.4216 3.5985, -0.547 -0.4419 3.6001, -0.5641 -0.4553 3.6531, -0.5568 -0.4772 3.6523, -0.5689 -0.4907 3.706, -0.5661 -0.5135 3.7035, -0.5734 -0.5269 3.7578, -0.5753 -0.5498 3.7546, -0.5784 -0.5644 3.8146, -0.5374 -0.5095 3.5944, -0.5426 -0.5315 3.5892, -0.5517 -0.5517 3.5828, -0.5645 -0.5695 3.5752, -0.5551 -0.5707 3.5126, -0.4626 -0.5348 3.2577, -0.5756 -0.5548 3.3428, -0.7953 -0.5367 3.6569, -0.7702 -0.5452 3.5811, -0.7343 -0.552 3.5105, -0.6888 -0.5564 3.4465, -0.6352 -0.5575 3.3903, -0.4896 -0.3636 3.4414, -0.5049 -0.3491 3.4319, -0.5086 -0.3948 3.496, -0.5249 -0.4284 3.5488, -0.5397 -0.4638 3.5999, -0.5537 -0.5001 3.65, -0.5677 -0.5363 3.7001, -0.5142 -0.4733 3.5477, -0.5148 -0.4961 3.544, -0.5195 -0.5181 3.5384, -0.528 -0.5383 3.5311, -0.54 -0.5561 3.5224, -0.4891 -0.5438 3.4119, -0.4251 -0.3224 3.3424, -0.4528 -0.3503 3.3962, -0.4766 -0.3813 3.4486, -0.4979 -0.415 3.4997, -0.5176 -0.4504 3.5493, -0.5364 -0.4867 3.598, -0.555 -0.5229 3.6465, -0.5738 -0.5583 3.6961, -0.4405 -0.368 3.4046, -0.4307 -0.3882 3.4102, -0.4238 -0.4102 3.4127, -0.4201 -0.433 3.4121, -0.4197 -0.4559 3.4084, -0.4226 -0.4779 3.4017, -0.4287 -0.4981 3.3923, -0.4378 -0.5159 3.3806, -0.4058 -0.5172 3.3258, -0.3488 -0.5077 3.178, -0.4778 -0.5281 3.2416, -0.5926 -0.544 3.3313, -0.6513 -0.5429 3.3823, -0.7029 -0.5386 3.4419, -0.7454 -0.5318 3.5089, -0.7775 -0.5233 3.582, -0.7981 -0.5138 3.6594, -0.8066 -0.5044 3.7391, -0.8075 -0.5117 3.8241, -0.3608 -0.5011 3.1593, -0.4214 -0.5146 3.1977, -0.4345 -0.5038 3.182, -0.4924 -0.5174 3.2272, -0.5057 -0.5028 3.215, -0.5593 -0.5161 3.2661, -0.5716 -0.4984 3.2577, -0.6936 -0.3854 3.6251, -0.6469 -0.3586 3.4969, -0.5932 -0.3384 3.3649, -0.5763 -0.3317 3.3792, -0.4993 -0.3117 3.2601, -0.4854 -0.3051 3.2773, -0.4445 -0.2982 3.214, -0.3749 -0.278 3.1929, -0.3854 -0.2847 3.1734, -0.6935 -0.4247 3.8342, -0.6925 -0.41 3.7621, -0.6716 -0.3831 3.6318, -0.6265 -0.3563 3.5076, -0.5583 -0.3294 3.3936, -0.4704 -0.3028 3.2948, -0.3635 -0.2757 3.2129, -0.6705 -0.4277 3.8336, -0.6696 -0.4122 3.7639, -0.6494 -0.3853 3.6379, -0.6059 -0.3585 3.5178, -0.5399 -0.3316 3.4075, -0.4549 -0.305 3.3119, -0.3516 -0.2779 3.2327, -0.6629 -0.4287 3.8333, -0.6474 -0.4188 3.7651, -0.6278 -0.392 3.6433, -0.5857 -0.3652 3.5271, -0.5219 -0.3383 3.4204, -0.4397 -0.3116 3.328, -0.3397 -0.2846 3.2514, -0.3281 -0.2954 3.2683, -0.3912 -0.3749 3.3706, -0.3846 -0.3969 3.3738, -0.3808 -0.4197 3.3735, -0.38 -0.4426 3.3699, -0.3823 -0.4645 3.3629, -0.3875 -0.4848 3.353, -0.3954 -0.5026 3.3405, -0.306 -0.4901 3.2557, -0.2302 -0.4741 3.1008, -0.3723 -0.4903 3.1424, -0.4465 -0.4893 3.1685, -0.5171 -0.4851 3.2055, -0.457 -0.4716 3.158, -0.383 -0.4758 3.1279, -0.3068 -0.4768 3.1091, -0.0934 -0.4477 3.0682, -0.2383 -0.4633 3.082, -0.3161 -0.4623 3.0936, -0.3925 -0.458 3.1164, -0.4655 -0.4513 3.1506, -0.5329 -0.4429 3.1958, -0.5117 -0.3226 3.2438, -0.4553 -0.3091 3.1966, -0.3944 -0.2956 3.155, -0.33 -0.2821 3.1195, -0.2624 -0.2686 3.0902, -0.2655 -0.2964 3.254, -0.2572 -0.3141 3.2664, -0.2502 -0.3344 3.2752, -0.2447 -0.3563 3.2801, -0.241 -0.3792 3.2809, -0.2393 -0.402 3.2776, -0.2395 -0.424 3.2704, -0.2417 -0.4443 3.2594, -0.2457 -0.462 3.2451, -0.1946 -0.4631 3.2058, -0.4718 -0.4294 3.1469, -0.4003 -0.4378 3.1083, -0.3244 -0.4446 3.0813, -0.2461 -0.4488 3.0658, -0.0979 -0.4369 3.0482, -0.1025 -0.4224 3.0308, -0.1751 -0.4356 3.045, -0.2531 -0.4311 3.0527, -0.3314 -0.4243 3.0725, -0.4062 -0.4159 3.1039, -0.4756 -0.4065 3.1467, -0.5375 -0.3972 3.1997, -0.5895 -0.3886 3.2605, -0.181 -0.4179 3.0313, -0.2593 -0.4108 3.0432, -0.3368 -0.4024 3.0675, -0.4099 -0.393 3.1034, -0.4767 -0.3837 3.1503, -0.5352 -0.3752 3.2067, -0.5834 -0.3683 3.2699, -0.1239 -0.2568 3.0339, -0.1231 -0.2422 3.0518, -0.2569 -0.2577 3.1099, -0.1214 -0.2313 3.0722, -0.2504 -0.251 3.1311, -0.1189 -0.2246 3.0942, -0.243 -0.2488 3.1529, -0.1156 -0.2223 3.117, -0.235 -0.251 3.1746, -0.1118 -0.2246 3.1398, -0.2268 -0.2576 3.1952, -0.1076 -0.2312 3.1616, -0.2187 -0.2684 3.214, -0.1031 -0.242 3.1815, -0.1555 -0.2697 3.212, -0.0985 -0.2565 3.199, -0.1496 -0.2875 3.2257, -0.2039 -0.3007 3.2433, -0.2109 -0.2829 3.2302, -0.0891 -0.4544 3.09, 0.0514 -0.4272 3.084, 0.1892 -0.4004 3.1046, -0.2219 -0.4808 3.1214, 0.0338 -0.2677 2.997, -0.0469 -0.261 3.0097, 0.0307 -0.2474 3.0078, -0.0484 -0.2432 3.0244, 0.0279 -0.2297 3.0223, -0.0492 -0.2286 3.0424, 0.0253 -0.2151 3.0401, -0.0495 -0.2178 3.0628, 0.0231 -0.2042 3.0605, 0.0214 -0.1975 3.0826, -0.0939 -0.2743 3.2131, -0.0388 -0.243 3.1912, 0.0202 -0.1952 3.1056, 0.0196 -0.1974 3.1286, 0.0196 -0.2041 3.1508, 0.0202 -0.2149 3.1713, 0.0214 -0.2294 3.1892, -0.0356 -0.2607 3.2058, -0.0897 -0.2945 3.2236, -0.14 -0.3296 3.2415, -0.0779 -0.4367 3.1779, 0.0457 -0.4096 3.1725, -0.0172 -0.4086 3.1902, 0.0431 -0.395 3.1903, 0.0402 -0.3773 3.2049, -0.6935 -0.6589 3.8036, -0.6894 -0.6442 3.7316, -0.6627 -0.6173 3.6025, -0.6123 -0.5905 3.4805, -0.5392 -0.5637 3.3696, -0.4471 -0.537 3.2748, -0.3369 -0.5099 3.1978, -0.214 -0.483 3.1431, -0.0853 -0.4566 3.1127, 0.0508 -0.4295 3.1071, 0.1843 -0.4027 3.1271, 0.2339 -0.3925 3.1412, 0.1966 -0.383 3.0625, 0.1241 -0.3964 3.0485, 0.1246 -0.3819 3.0305, 0.0495 -0.3953 3.0234, 0.0477 -0.3775 3.0086, -0.0299 -0.3911 3.0089, -0.0332 -0.3709 2.9981, -0.1113 -0.3844 3.0062, -0.1152 -0.3625 3.0, -0.1906 -0.3757 3.0154, -0.1941 -0.3528 3.0139, -0.2678 -0.366 3.0366, -0.2699 -0.3432 3.0397, -0.3423 -0.3567 3.07, -0.3421 -0.3347 3.0773, -0.4105 -0.3482 3.1141, -0.4073 -0.3279 3.1248, -0.4709 -0.3414 3.1678, -0.4642 -0.3237 3.181, -0.5221 -0.3372 3.2291, 0.2508 -0.3728 3.0778, 0.1988 -0.3685 3.0447, 0.1243 -0.3642 3.0156, 0.0455 -0.3573 2.9976, -0.0364 -0.3489 2.9915, -0.1185 -0.3396 2.9982, -0.1965 -0.33 3.0168, -0.2704 -0.3212 3.047, -0.3399 -0.3144 3.0883, -0.4018 -0.3101 3.1387, 0.0989 -0.2017 3.0449, 0.1032 -0.2163 3.0274, 0.1074 -0.234 3.0132, 0.1115 -0.2543 3.0028, 0.1152 -0.2763 2.9965, -0.0858 -0.3164 3.2298, -0.0324 -0.2809 3.2165, 0.0232 -0.2471 3.204, 0.081 -0.216 3.1929, 0.1961 -0.2857 3.0084, 0.1927 -0.2629 3.0099, 0.1884 -0.2409 3.0158, 0.1833 -0.2206 3.0258, 0.1778 -0.2029 3.0395, 0.1719 -0.1883 3.0565, 0.1659 -0.1774 3.0761, 0.1601 -0.1707 3.0974, 0.1546 -0.1684 3.1198, 0.1497 -0.1706 3.1423, 0.1455 -0.1773 3.1641, 0.1423 -0.1881 3.1843, 0.1401 -0.2026 3.2022, 0.0814 -0.2337 3.2078, 0.0254 -0.2674 3.2151, -0.0291 -0.3029 3.2231, -0.0825 -0.3393 3.2316, -0.1342 -0.3753 3.2401, -0.1866 -0.4105 3.249, 0.0941 -0.3436 3.2207, 0.0982 -0.3639 3.2103, 0.1024 -0.3816 3.1961, 0.167 -0.3828 3.1904, 0.1934 -0.3938 3.0828, 0.2462 -0.3836 3.0977, 0.2404 -0.3902 3.1191, 0.3209 -0.3593 3.104, 0.2543 -0.3583 3.0601, 0.1999 -0.3508 3.0298, 0.1231 -0.3439 3.0044, 0.0429 -0.3354 2.9907, -0.0395 -0.3261 2.9894, -0.1211 -0.3168 3.0008, -0.1976 -0.308 3.024, -0.2693 -0.301 3.0582, -0.3358 -0.2967 3.1025, 0.1878 -0.1779 3.1953, 0.1925 -0.1671 3.1754, 0.1982 -0.1604 3.154, 0.2047 -0.1582 3.1319, 0.2118 -0.1605 3.1099, 0.2192 -0.1672 3.089, 0.2266 -0.1781 3.07, 0.2337 -0.1927 3.0534, 0.2402 -0.2104 3.0401, 0.246 -0.2307 3.0305, 0.2507 -0.2527 3.025, 0.2542 -0.2755 3.0237, 0.2564 -0.2984 3.0268, 0.2419 -0.1789 3.2323, 0.1844 -0.1924 3.213, 0.1822 -0.2101 3.2278, 0.139 -0.2203 3.2171, 0.1391 -0.2406 3.2283, 0.0825 -0.254 3.219, 0.0845 -0.2759 3.2261, 0.028 -0.2893 3.2219, 0.0309 -0.3122 3.2243, -0.026 -0.3257 3.2252, -0.0232 -0.3486 3.2228, -0.0799 -0.3621 3.2289, -0.078 -0.3841 3.2219, -0.133 -0.3973 3.2329, -0.1331 -0.4176 3.2217, -0.1877 -0.4308 3.2378, -0.1904 -0.4486 3.2232, 0.1845 -0.2752 3.2494, 0.1462 -0.3082 3.237, 0.188 -0.298 3.2481, 0.1505 -0.3302 3.2311, 0.1927 -0.32 3.2426, 0.1555 -0.3505 3.2211, 0.1984 -0.3403 3.233, 0.1611 -0.3682 3.2074, 0.205 -0.358 3.2196, 0.3066 -0.3767 3.1442, 0.3144 -0.3701 3.1234, 0.3702 -0.3632 3.1755, 0.3799 -0.3565 3.1556, 0.4862 -0.3363 3.255, -0.5743 -0.3505 3.2817, -0.53 -0.355 3.2166, -0.4751 -0.3617 3.1574, -0.4114 -0.3702 3.1069, -0.3405 -0.3795 3.0667, -0.2642 -0.3889 3.0378, -0.1862 -0.3976 3.0213, -0.107 -0.4047 3.0166, -0.0267 -0.4088 3.0234, 0.0507 -0.4098 3.0414, 0.4 -0.3135 3.1061, 0.3314 -0.3068 3.0611, 0.4028 -0.2932 3.0952, 0.3313 -0.2848 3.0538, 0.4034 -0.2713 3.0879, 0.3295 -0.262 3.0505, 0.4019 -0.2484 3.0845, 0.3258 -0.2391 3.0514, 0.3982 -0.2256 3.085, 0.3206 -0.2171 3.0565, 0.3925 -0.2036 3.0896, 0.314 -0.1969 3.0655, 0.385 -0.1833 3.0979, 0.3062 -0.1791 3.0781, 0.3761 -0.1656 3.1098, 0.2975 -0.1645 3.0939, 0.366 -0.151 3.1246, 0.2884 -0.1537 3.1122, 0.3551 -0.1401 3.142, 0.279 -0.147 3.1323, 0.3439 -0.1334 3.1611, 0.3328 -0.1311 3.1813, 0.3222 -0.1334 3.2017, 0.3125 -0.14 3.2217, 0.3041 -0.1508 3.2404, 0.2973 -0.1653 3.2571, 0.2383 -0.1966 3.2468, 0.1815 -0.2304 3.239, 0.1404 -0.2625 3.2356, 0.0871 -0.2988 3.2288, 0.034 -0.335 3.2222, -0.0207 -0.3706 3.216, -0.0771 -0.4044 3.2107, -0.1344 -0.4354 3.2069, -0.077 -0.4221 3.1959, -0.0186 -0.3908 3.205, 0.0371 -0.357 3.2156, 0.0904 -0.3216 3.227, 0.1428 -0.2854 3.2385, 0.1823 -0.2523 3.2463, 0.2366 -0.2168 3.2579, 0.2924 -0.183 3.2711, 0.2121 -0.3726 3.2031, 0.3264 -0.3455 3.2526, -0.2666 -0.2832 3.0728, -0.1962 -0.27 3.05, -0.1975 -0.2877 3.0352, -0.1239 -0.2745 3.019, -0.1229 -0.2948 3.0079, -0.0449 -0.2812 2.9987, -0.0424 -0.3032 2.9918, 0.0369 -0.2897 2.9904, 0.04 -0.3125 2.9883, 0.1185 -0.2991 2.9947, 0.1211 -0.322 2.9974, 0.1985 -0.3086 3.0113, 0.1998 -0.3305 3.0185, 0.2571 -0.3203 3.0341, 0.2564 -0.3406 3.0453, 0.3296 -0.327 3.0722, 0.3261 -0.3447 3.0867, 0.3951 -0.3312 3.1202, 0.3883 -0.3457 3.1369, 0.4517 -0.3323 3.1757, 0.4995 -0.3297 3.2372, 0.4306 -0.1376 3.1614, 0.4421 -0.1522 3.1476, 0.4521 -0.1699 3.1367, 0.4603 -0.1902 3.129, 0.4664 -0.2122 3.1251, 0.4702 -0.235 3.1249, 0.4714 -0.2579 3.1284, 0.47 -0.2798 3.1356, 0.4662 -0.3001 3.1462, 0.46 -0.3178 3.1598, 0.3498 -0.1519 3.2868, 0.5112 -0.3189 3.2204, 0.521 -0.3044 3.2053, 0.5285 -0.2866 3.1924, 0.5333 -0.2664 3.1822, 0.5353 -0.2445 3.1752, 0.5344 -0.2216 3.1715, 0.5307 -0.1988 3.1714, 0.5243 -0.1768 3.1748, 0.5154 -0.1565 3.1816, 0.5043 -0.1387 3.1915, 0.4916 -0.1242 3.2042, 0.4777 -0.1133 3.2192, 0.4631 -0.1066 3.2358, 0.4483 -0.1043 3.2535, 0.4341 -0.1065 3.2716, 0.4208 -0.1132 3.2894, 0.409 -0.124 3.3062, 0.3436 -0.1696 3.3003, 0.3397 -0.1899 3.3109, 0.3384 -0.2118 3.3181, 0.3396 -0.2347 3.3217, 0.3433 -0.2575 3.3215, 0.3494 -0.2795 3.3175, 0.3576 -0.2998 3.3099, 0.3677 -0.3175 3.2989, 0.4287 -0.3187 3.3224, 0.5855 -0.3095 3.3549, 0.5663 -0.0798 3.3317, 0.5838 -0.0865 3.3181, 0.533 -0.0999 3.2661, 0.6003 -0.0974 3.306, 0.5483 -0.1108 3.2525, 0.6152 -0.112 3.296, 0.5622 -0.1254 3.2411, 0.6279 -0.1297 3.2883, 0.5741 -0.1431 3.2322, 0.6379 -0.15 3.2833, 0.5836 -0.1634 3.2263, 0.6449 -0.172 3.2812, 0.5904 -0.1854 3.2235, 0.6485 -0.1948 3.282, 0.5941 -0.2082 3.224, 0.6487 -0.2177 3.2858, 0.5946 -0.2311 3.2278, 0.6454 -0.2396 3.2923, 0.5919 -0.253 3.2346, 0.6387 -0.2599 3.3014, 0.5861 -0.2732 3.2443, 0.629 -0.2776 3.3127, 0.5775 -0.291 3.2564, 0.6165 -0.2921 3.3257, 0.5663 -0.3055 3.2705, 0.6018 -0.3029 3.34, 0.553 -0.3163 3.2861, 0.5485 -0.0775 3.3464, 0.5311 -0.0797 3.3615, 0.5147 -0.0864 3.3764, 0.5 -0.0972 3.3907, 0.387 -0.1765 3.3444, 0.385 -0.1984 3.3514, 0.3858 -0.2213 3.3551, 0.3896 -0.2441 3.3552, 0.396 -0.2661 3.3519, 0.4049 -0.2864 3.3451, 0.4159 -0.3041 3.3351, 0.5163 -0.2919 3.4104, 0.6499 -0.053 3.446, 0.6696 -0.0597 3.4359, 0.6295 -0.0731 3.3749, 0.6881 -0.0705 3.4272, 0.6471 -0.084 3.3645, 0.7046 -0.0851 3.4201, 0.6628 -0.0985 3.3558, 0.7185 -0.1029 3.4149, 0.6762 -0.1163 3.3494, 0.7293 -0.1232 3.4119, 0.6867 -0.1366 3.3454, 0.7366 -0.1451 3.4111, 0.6938 -0.1586 3.3439, 0.74 -0.168 3.4126, 0.6973 -0.1814 3.3451, 0.7394 -0.1908 3.4164, 0.6971 -0.2043 3.3489, 0.735 -0.2128 3.4222, 0.6932 -0.2262 3.3551, 0.7267 -0.233 3.4298, 0.6857 -0.2464 3.3635, 0.715 -0.2508 3.4391, 0.675 -0.2642 3.3738, 0.7003 -0.2653 3.4495, 0.6613 -0.2787 3.3856, 0.5256 -0.0983 3.451, 0.5148 -0.116 3.4613, 0.5073 -0.1363 3.4698, 0.5034 -0.1582 3.476, 0.5032 -0.1811 3.4797, 0.5068 -0.2039 3.4809, 0.5139 -0.2259 3.4795, 0.5244 -0.2462 3.4754, 0.5377 -0.2639 3.469, 0.5859 -0.2651 3.5138, 0.6454 -0.2895 3.3984, 0.6643 -0.2827 3.4724, 0.6832 -0.2761 3.4607, 0.7196 -0.2561 3.6019, 0.7404 -0.2495 3.594, 0.7229 -0.0572 3.493, 0.74 -0.0718 3.4875, 0.7544 -0.0896 3.4837, 0.7654 -0.1099 3.4817, 0.7727 -0.1318 3.4816, 0.7759 -0.1547 3.4834, 0.775 -0.1775 3.4871, 0.77 -0.1995 3.4925, 0.7611 -0.2197 3.4993, 0.7486 -0.2374 3.5074, 0.733 -0.252 3.5164, 0.5737 -0.0704 3.4914, 0.646 -0.0329 3.5959, 0.5908 -0.0596 3.4802, 0.6667 -0.0263 3.588, 0.6097 -0.0529 3.4686, 0.6885 -0.0241 3.5804, 0.6297 -0.0507 3.457, 0.7104 -0.0264 3.5733, 0.7317 -0.0331 3.5671, 0.7515 -0.0439 3.562, 0.769 -0.0585 3.5581, 0.7837 -0.0763 3.5556, 0.7948 -0.0965 3.5547, 0.8021 -0.1185 3.5553, 0.8051 -0.1414 3.5574, 0.8039 -0.1642 3.5609, 0.7984 -0.1862 3.5658, 0.7889 -0.2064 3.5718, 0.7757 -0.2241 3.5787, 0.7593 -0.2387 3.5862, 0.5749 -0.0893 3.5634, 0.5473 -0.1026 3.5111, 0.5391 -0.1228 3.5188, -0.6197 -0.6084 3.6162, -0.5726 -0.5816 3.502, -0.5043 -0.5547 3.3983, -0.4182 -0.528 3.3095, -0.3151 -0.501 3.2373, -0.2001 -0.474 3.186, -0.0796 -0.4476 3.1576, 0.0479 -0.4205 3.1522, 0.173 -0.3937 3.1708, 0.2195 -0.3835 3.1841, 0.3373 -0.3564 3.2353, 0.4426 -0.3296 3.3075, 0.5328 -0.3028 3.3983, 0.6044 -0.276 3.505, 0.6349 -0.2385 3.6279, 0.6547 -0.2493 3.6228, -0.6407 -0.6151 3.6092, -0.5919 -0.5883 3.4912, -0.5212 -0.5614 3.384, -0.4321 -0.5347 3.2923, -0.3255 -0.5077 3.2178, -0.2066 -0.4807 3.1649, -0.0821 -0.4543 3.1355, 0.0496 -0.4272 3.1301, 0.1788 -0.4004 3.1494, 0.2268 -0.3902 3.1632, 0.3485 -0.3631 3.2162, 0.4572 -0.3363 3.2908, 0.5502 -0.3095 3.3847, 0.6241 -0.2827 3.4949, 0.6759 -0.256 3.6166, 0.3596 -0.3654 3.196, 0.4719 -0.3385 3.2731, 0.568 -0.3118 3.37, 0.6444 -0.2849 3.4839, 0.6979 -0.2583 3.6095, 0.7318 -0.0129 3.6418, 0.7535 -0.0196 3.6377, 0.7737 -0.0304 3.6344, 0.7916 -0.045 3.6323, 0.8064 -0.0628 3.6312, 0.8176 -0.083 3.6313, 0.8247 -0.105 3.6326, 0.8276 -0.1279 3.635, 0.826 -0.1507 3.6384, 0.8201 -0.1727 3.6428, 0.81 -0.1929 3.6478, 0.7962 -0.2106 3.6534, 0.7792 -0.2252 3.6593, 0.7596 -0.2359 3.6653, 0.7382 -0.2426 3.6712, 0.6151 -0.0625 3.6757, 0.5975 -0.076 3.6181, 0.5879 -0.0962 3.6241, 0.5659 -0.1095 3.5702, 0.5609 -0.1315 3.5756, 0.5346 -0.1448 3.5246, 0.534 -0.1676 3.5283, 0.6619 -0.2115 3.7515, 0.7501 -0.2291 3.742, 0.772 -0.2224 3.7382, 0.7772 -0.2089 3.8121, 0.792 -0.2116 3.7341, 0.7976 -0.1981 3.8099, 0.8095 -0.1971 3.7299, 0.8154 -0.1836 3.8073, 0.8238 -0.1794 3.7256, 0.8301 -0.1659 3.8044, 0.8343 -0.1592 3.7215, 0.8409 -0.1456 3.8014, 0.8406 -0.1372 3.7178, 0.8475 -0.1237 3.7983, 0.8425 -0.1143 3.7145, 0.8497 -0.1008 3.7952, 0.8399 -0.0915 3.7119, 0.8474 -0.078 3.7923, 0.8329 -0.0695 3.7099, 0.8406 -0.056 3.7897, 0.8217 -0.0493 3.7087, 0.8296 -0.0358 3.7874, 0.8069 -0.0315 3.7084, 0.8149 -0.018 3.7857, 0.7889 -0.0169 3.7089, 0.7969 -0.0034 3.7844, 0.7685 -0.006 3.7102, 0.7765 0.0075 3.7838, 0.7465 0.0007 3.7122, 0.7554 0.0277 3.8558, 0.7152 0.0566 3.9914, 0.7094 0.0277 3.8531, 0.6789 -0.0059 3.7221, 0.559 -0.0849 3.5019, 0.6334 -0.0355 3.7948, 0.6271 -0.049 3.7348, 0.6166 -0.0692 3.7388, 0.605 -0.0827 3.6807, 0.5991 -0.1047 3.685, 0.5824 -0.1182 3.629, 0.5812 -0.141 3.6325, 0.56 -0.1543 3.5793, 0.5633 -0.1772 3.5811, 0.5375 -0.1905 3.5298, 0.5447 -0.2125 3.529, 0.6155 -0.1098 3.8658, 0.6228 -0.1453 3.8096, 0.6221 -0.1318 3.869, 0.6338 -0.1656 3.8118, 0.6328 -0.1521 3.8723, 0.6485 -0.1834 3.8136, 0.6473 -0.1699 3.8754, 0.665 -0.1844 3.8784, 0.7533 -0.2021 3.8858, 0.7755 -0.1954 3.8862, 0.7669 -0.1821 3.959, 0.796 -0.1846 3.886, 0.7874 -0.1713 3.9607, 0.814 -0.1701 3.8851, 0.8054 -0.1568 3.9616, 0.8288 -0.1524 3.8836, 0.8203 -0.139 3.9615, 0.8399 -0.1321 3.8816, 0.8315 -0.1188 3.9605, 0.8468 -0.1102 3.8791, 0.8386 -0.0968 3.9587, 0.8493 -0.0873 3.8763, 0.8413 -0.074 3.9561, 0.8472 -0.0645 3.8732, 0.8396 -0.0512 3.9528, 0.8407 -0.0425 3.8699, 0.8334 -0.0292 3.949, 0.83 -0.0222 3.8666, 0.823 -0.0089 3.9447, 0.8155 -0.0045 3.8635, 0.8089 0.0089 3.9402, 0.7978 0.0101 3.8605, 0.7915 0.0234 3.9356, 0.7775 0.021 3.858, 0.7715 0.0343 3.9311, 0.6824 -0.2223 3.7502, 0.6853 -0.1953 3.881, 0.7044 -0.229 3.7482, 0.7073 -0.202 3.8831, 0.7273 -0.2313 3.7454, 0.7303 -0.2043 3.8847, 0.7375 0.0543 3.9973, 0.6715 0.0837 4.1252, 0.6928 0.0544 3.986, 0.6872 0.0211 3.8527, 0.6289 -0.0086 3.915, 0.6339 -0.022 3.8553, 0.6229 -0.0422 3.8573, 0.6225 -0.0557 3.7979, 0.6159 -0.0777 3.801, 0.6103 -0.0912 3.7426, 0.6084 -0.114 3.7458, 0.5975 -0.1275 3.6885, 0.6004 -0.1504 3.6909, 0.5843 -0.1639 3.6346, 0.5915 -0.1859 3.6352, 0.5706 -0.1992 3.581, 0.5816 -0.2194 3.579, 0.5555 -0.2327 3.526, 0.5694 -0.2505 3.5209, 0.6444 -0.1578 4.0025, 0.6276 -0.1432 3.9963, 0.6403 -0.1565 3.9363, 0.729 -0.1552 4.1021, 0.7516 -0.1688 4.0309, 0.7717 -0.158 4.0345, 0.7182 0.0679 4.0673, 0.6922 0.0814 4.1352, 0.66 0.0949 4.2002, 0.5959 -0.2372 3.5752, 0.6173 -0.2239 3.6318, 0.6027 -0.2061 3.6343, 0.6187 -0.1926 3.6923, 0.6075 -0.1723 3.6922, 0.618 -0.1588 3.7505, 0.611 -0.1369 3.7485, 0.616 -0.1233 3.807, 0.6137 -0.1005 3.8041, 0.6135 -0.087 3.8626, 0.616 -0.0642 3.8598, 0.6106 -0.0508 3.9178, 0.6177 -0.0289 3.9159, 0.607 -0.0155 3.9739, 0.6182 0.0047 3.974, 0.6017 0.0183 4.0327, 0.6164 0.036 4.0355, 0.5939 0.0495 4.0939, 0.6109 0.0641 4.0997, 0.5865 -0.0916 4.0426, 0.6851 -0.1753 4.0151, 0.6639 -0.1686 4.0088, 0.6089 -0.1296 4.0558, 0.6639 -0.1282 4.2364, 0.6996 -0.1417 4.1709, 0.7187 -0.1309 4.1783, 0.7487 -0.1444 4.1076, 0.7662 -0.1299 4.1118, 0.7896 -0.1434 4.037, 0.8044 -0.1257 4.0383, 0.6505 0.0815 4.1157, 0.6711 0.0478 3.9815, 0.5522 0.0453 4.1442, 0.5796 0.0318 4.0897, 0.5685 0.0116 4.0875, 0.5905 -0.002 4.0316, 0.5832 -0.0239 4.032, 0.5997 -0.0375 3.975, 0.5968 -0.0603 3.9774, 0.6078 -0.0737 3.9204, 0.6096 -0.0965 3.9236, 0.495 0.09 4.2524, 0.5197 0.0588 4.196, 0.5414 0.0251 4.1409, 0.5612 -0.0104 4.0872, 0.58 -0.0468 4.0341, 0.5982 -0.0832 3.9808, 0.6158 -0.1185 3.9275, 0.5306 -0.0197 4.1414, 0.5341 0.0031 4.14, 0.5958 -0.1119 4.0487, 0.5634 -0.0781 4.098, 0.5722 -0.0983 4.1051, 0.5353 -0.0646 4.151, 0.5433 -0.0848 4.1588, 0.5023 -0.0511 4.2011, 0.5095 -0.0713 4.2096, 0.4646 -0.0376 4.2479, 0.4805 -0.0756 4.2685, 0.52 -0.0891 4.2201, 0.5548 -0.1026 4.1682, 0.5845 -0.1161 4.1134, 0.5748 -0.1012 4.3562, 0.6222 -0.1147 4.2984, 0.6396 -0.1039 4.3093, 0.6823 -0.1174 4.2456, 0.6987 -0.1028 4.253, 0.7358 -0.1163 4.1841, 0.7501 -0.0986 4.1883, 0.7809 -0.1122 4.1145, 0.7921 -0.0919 4.1157, 0.8157 -0.1055 4.0384, 0.8229 -0.0835 4.0373, 0.5844 0.1085 4.2349, 0.63 0.0749 4.1071, 0.531 -0.0426 4.1451, 0.4985 -0.0062 4.1911, 0.4985 -0.0291 4.1949, 0.4618 0.0072 4.2376, 0.4615 -0.0156 4.2413, 0.4208 0.0207 4.2804, 0.4201 -0.0022 4.2841, 0.3756 0.0342 4.3193, 0.549 -0.1146 4.2453, 0.6374 -0.1482 4.1428, 0.7074 -0.1776 4.021, 0.4777 -0.0635 4.4724, 0.537 -0.077 4.4231, 0.5506 -0.0624 4.4349, 0.6057 -0.0759 4.3791, 0.6183 -0.0582 4.387, 0.6684 -0.0716 4.325, 0.6789 -0.0514 4.3293, 0.7233 -0.0649 4.2618, 0.7306 -0.0429 4.2628, 0.7684 -0.0564 4.1907, 0.7718 -0.0336 4.189, 0.8026 -0.0471 4.1132, 0.8015 -0.0243 4.1097, 0.8244 -0.0378 4.0315, 0.8186 -0.0158 4.0271, 0.7782 0.0368 4.0098, 0.7588 0.0476 4.0035, 0.7575 0.0503 4.0837, 0.7388 0.0612 4.0755, 0.7298 0.0639 4.1553, 0.7119 0.0747 4.1454, 0.6954 0.0774 4.2238, 0.6786 0.0882 4.2122, 0.6547 0.0909 4.2888, 0.6391 0.1017 4.2757, 0.6081 0.1043 4.3497, 0.5937 0.1152 4.3352, 0.5557 0.1178 4.4059, 0.5428 0.1286 4.3901, 0.4981 0.1313 4.457, 0.4867 0.1421 4.44, 0.4357 0.1448 4.5025, 0.426 0.1556 4.4845, 0.3704 0.158 4.5413, 0.4968 0.1354 4.3397, 0.5659 0.1018 4.2226, 0.3448 0.1127 4.3661, 0.3546 0.1304 4.3773, 0.3946 0.0992 4.3299, 0.4054 0.1169 4.3401, 0.4407 0.0857 4.2892, 0.4524 0.1034 4.2984, 0.4824 0.0723 4.2445, 0.3367 0.0925 4.3582, 0.3858 0.079 4.3228, 0.4312 0.0655 4.283, 0.4725 0.052 4.2392, 0.5093 0.0386 4.1917, 0.3307 0.0705 4.3541, 0.3794 0.057 4.3193, 0.4245 0.0435 4.2801, 0.4655 0.0301 4.2369, 0.5021 0.0166 4.1901, 0.4602 -0.0876 4.3432, 0.5665 -0.1212 4.259, 0.7298 -0.1754 4.0263, 0.7951 0.0222 4.016, 0.7737 0.0357 4.0915, 0.7452 0.0493 4.1646, 0.7099 0.0628 4.2345, 0.6681 0.0763 4.3009, 0.6202 0.0897 4.363, 0.5666 0.1032 4.4203, 0.5075 0.1167 4.4723, 0.4436 0.1302 4.5186, 0.3767 0.1434 4.5581, 0.3064 0.1567 4.5912, 0.2853 0.1057 4.3884, 0.2377 0.1392 4.423, 0.2926 0.126 4.397, 0.3013 0.1437 4.4091, 0.3657 0.145 4.3915, 0.466 0.118 4.3101, 0.3537 -0.0606 4.4228, 0.4747 -0.0943 4.36, 0.8087 0.0044 4.0219, 0.7868 0.018 4.0986, 0.7961 -0.0023 4.1047, 0.7662 0.0113 4.1799, 0.771 -0.0107 4.1854, 0.7337 0.0028 4.2576, 0.7341 -0.0201 4.2614, 0.6896 -0.0066 4.3299, 0.686 -0.0294 4.331, 0.6352 -0.016 4.3946, 0.6282 -0.0379 4.3923, 0.5718 -0.0245 4.4502, 0.5624 -0.0447 4.4441, 0.501 -0.0312 4.4956, 0.4902 -0.0489 4.4854, 0.4251 -0.0354 4.53, 0.414 -0.05 4.5158, 0.3475 -0.0367 4.5525, 0.337 -0.0475 4.5349, 0.2691 -0.0342 4.5645, 0.2601 -0.0409 4.5441, 0.1409 -0.0181 4.5784, 0.1357 -0.0203 4.556, 0.6786 0.0585 4.3114, 0.6297 0.072 4.3744, 0.6361 0.0517 4.3836, 0.5804 0.0652 4.4423, 0.5829 0.0432 4.4492, 0.521 0.0567 4.5026, 0.52 0.0338 4.5062, 0.4528 0.0473 4.5536, 0.449 0.0245 4.5532, 0.3789 0.0377 4.593, 0.3733 0.0158 4.5883, 0.3002 0.029 4.621, 0.2937 0.0088 4.6118, 0.2293 0.0202 4.6338, 0.1578 0.0139 4.6367, 0.0816 0.1932 4.4809, 0.1436 0.1798 4.4691, 0.1382 0.162 4.4552, 0.1887 0.1506 4.4411, 0.183 0.1304 4.4314, 0.2313 0.119 4.4137, 0.2261 0.097 4.4085, 0.2797 0.0838 4.3837, 0.276 0.0609 4.383, 0.3269 0.0477 4.3537, 0.3256 0.0248 4.3572, 0.3746 0.0113 4.3229, 0.3764 -0.0107 4.3299, 0.4226 -0.0241 4.2909, 0.4281 -0.0444 4.3007, 0.471 -0.0579 4.2571, 0.7574 0.0315 4.1729, 0.7213 0.045 4.244, 0.7293 0.0247 4.2518, 0.6858 0.0382 4.3199, 0.6896 0.0163 4.3262, 0.6392 0.0297 4.3902, 0.6389 0.0069 4.3939, 0.5822 0.0203 4.4528, 0.5785 -0.0025 4.4532, 0.5162 0.011 4.5062, 0.5098 -0.011 4.5027, 0.443 0.0025 4.549, 0.4349 -0.0177 4.5412, 0.366 -0.0045 4.5797, 0.3573 -0.0222 4.5677, 0.2862 -0.0089 4.5989, 0.2779 -0.0235 4.583, 0.1522 -0.0007 4.6196, 0.1465 -0.0114 4.5999, 0.072 0.002 4.6113, 0.0685 -0.0047 4.5894, -0.0047 0.0088 4.5936, -0.0056 0.0065 4.5706, 0.1657 0.2139 4.5498, 0.0251 0.2408 4.5702, 0.0984 0.2251 4.5862, 0.0253 0.2385 4.5932, 0.025 0.2318 4.6154, 0.0242 0.2386 4.5472, 0.1606 0.2117 4.5273, 0.2713 0.1889 4.4906, 0.0228 0.2319 4.525, 0.155 0.2051 4.5059, 0.2624 0.1823 4.4703, 0.3778 0.1558 4.408, 0.0209 0.2211 4.5046, -0.0445 0.2199 4.4868, 0.0185 0.2066 4.4868, 0.0159 0.1889 4.4721, 0.0775 0.1754 4.4665, 0.0736 0.1552 4.456, 0.1333 0.1418 4.4451, 0.1291 0.1198 4.4391, 0.1783 0.1084 4.4258, 0.1747 0.0856 4.4244, 0.2225 0.0742 4.4075, 0.2205 0.0513 4.4106, 0.2744 0.0381 4.3863, 0.2748 0.0161 4.3936, 0.3267 0.0028 4.3644, 0.3303 -0.0174 4.375, 0.381 -0.0309 4.3401, 0.5749 0.0854 4.4326, 0.5191 0.0787 4.4956, 0.4541 0.0702 4.5501, 0.3826 0.0606 4.5937, 0.3053 0.051 4.6262, 0.235 0.0404 4.6435, 0.1632 0.0316 4.6505, 0.0798 0.0273 4.649, 0.0758 0.0128 4.6315, -0.0014 0.0262 4.6362, -0.0033 0.0154 4.6158, -0.0784 0.0287 4.6131, -0.0777 0.0221 4.591, -0.1502 0.0355 4.5814, -0.1468 0.0332 4.5586, -0.1347 0.233 4.6456, -0.053 0.2343 4.6357, -0.1299 0.2476 4.6283, -0.0502 0.2451 4.6154, -0.1251 0.2585 4.6084, -0.0478 0.2518 4.5934, -0.1207 0.2652 4.5867, -0.1166 0.2675 4.564, -0.1131 0.2653 4.5412, -0.1103 0.2586 4.5192, -0.1084 0.2478 4.4988, -0.1696 0.2467 4.4688, -0.1074 0.2333 4.4808, -0.1072 0.2156 4.4659, -0.0458 0.2022 4.4719, -0.0477 0.182 4.4608, 0.013 0.1686 4.4613, 0.0099 0.1467 4.4546, 0.0699 0.1333 4.4496, 0.0667 0.1104 4.4477, 0.1257 0.097 4.4375, 0.1232 0.0741 4.4403, 0.1725 0.0627 4.4274, 0.1717 0.0408 4.4347, 0.2203 0.0294 4.4179, 0.2218 0.0091 4.429, 0.2774 -0.0042 4.4045, -0.0055 0.0155 4.5254, 0.1273 -0.0113 4.5115, 0.1311 -0.018 4.5334, 0.2433 -0.0408 4.5013, 0.2514 -0.0431 4.5228, 0.3768 -0.0696 4.4616, 0.4499 -0.0809 4.44, 0.522 -0.0878 4.4092, 0.591 -0.0904 4.3686, 0.6552 -0.0894 4.3183, 0.7125 -0.0851 4.2585, 0.7611 -0.0784 4.1905, 0.7994 -0.07 4.1153, 0.8259 -0.0607 4.0349, 0.4494 0.1124 4.5323, 0.3813 0.1257 4.5722, 0.3838 0.1054 4.5831, 0.3112 0.1187 4.6168, 0.3109 0.0967 4.6241, 0.2455 0.1081 4.6475, 0.2433 0.0852 4.6505, 0.1758 0.0966 4.6683, 0.1724 0.0738 4.6667, 0.0915 0.0872 4.6803, 0.0878 0.0653 4.6739, 0.0065 0.0787 4.6796, 0.0036 0.0585 4.6687, -0.0765 0.0718 4.6665, -0.0778 0.0541 4.6516, -0.156 0.0674 4.6418, -0.1549 0.0529 4.6238, -0.2305 0.0663 4.6067, -0.2266 0.0555 4.5866, -0.2985 0.0689 4.5628, -0.2916 0.0622 4.5417, -0.3019 0.2218 4.6299, -0.2184 0.2287 4.6439, -0.2956 0.242 4.6206, -0.2124 0.2464 4.6303, -0.2884 0.2598 4.6077, -0.206 0.261 4.6135, -0.2804 0.2744 4.5916, -0.1994 0.2719 4.5942, -0.272 0.2852 4.5729, -0.1929 0.2786 4.573, -0.2635 0.2919 4.5524, -0.2553 0.2942 4.5309, -0.2476 0.292 4.5092, -0.2407 0.2854 4.4881, -0.235 0.2746 4.4685, -0.2306 0.2601 4.451, -0.1681 0.2289 4.454, -0.1081 0.1953 4.4547, -0.05 0.16 4.4539, 0.0069 0.1238 4.4523, 0.064 0.0876 4.4503, 0.1218 0.0522 4.4474, 0.1723 0.0205 4.4458, 0.1216 0.0319 4.4586, 0.0619 0.0656 4.4572, 0.0039 0.101 4.4547, -0.0529 0.1372 4.4514, -0.1098 0.1734 4.4476, -0.1679 0.2087 4.4428, -0.2277 0.2423 4.4364, -0.2373 0.1325 4.421, -0.1792 0.1191 4.4396, -0.1196 0.1057 4.4526, -0.2436 0.1122 4.4303, -0.1845 0.0988 4.4495, -0.124 0.0854 4.463, -0.0627 0.0721 4.4706, -0.2508 0.0944 4.4433, -0.2588 0.0798 4.4594, -0.1382 0.0422 4.5143, -0.0058 0.0088 4.5476, -0.4589 0.2036 4.5659, -0.3826 0.2131 4.6038, -0.4552 0.2264 4.5655, -0.3771 0.2351 4.599, -0.4493 0.2484 4.5612, -0.3701 0.2553 4.5904, -0.4414 0.2686 4.5533, -0.3616 0.2731 4.5782, -0.4319 0.2864 4.5419, -0.3522 0.2877 4.5629, -0.4211 0.301 4.5276, -0.3421 0.2986 4.5451, -0.4093 0.3119 4.5108, -0.3972 0.3186 4.4923, -0.2894 0.2734 4.4276, -0.3851 0.3208 4.4727, -0.3734 0.3186 4.4528, -0.3628 0.312 4.4333, -0.3535 0.3012 4.4151, -0.4001 0.3001 4.3643, -0.3459 0.2867 4.3988, -0.3403 0.2689 4.385, -0.2851 0.2556 4.4133, -0.2828 0.2354 4.4023, -0.2264 0.2221 4.4252, -0.2267 0.2001 4.4179, -0.1689 0.1868 4.4355, -0.1712 0.1639 4.4325, -0.1124 0.1505 4.4448, -0.1157 0.1277 4.4465, -0.056 0.1143 4.4534, -0.0593 0.0924 4.4599, 0.0012 0.079 4.4614, -0.0011 0.0587 4.4724, 0.0606 0.0453 4.4684, 0.06 0.0276 4.4832, 0.1243 -0.0005 4.4913, 0.236 -0.0341 4.4803, 0.3648 -0.0673 4.442, -0.3088 0.1077 4.418, -0.3004 0.1255 4.4058, -0.2933 0.1458 4.3971, -0.2878 0.1677 4.3923, -0.2842 0.1906 4.3916, -0.2825 0.2134 4.395, -0.1427 0.0355 4.536, -0.2672 0.069 4.478, -0.3751 0.1064 4.4017, -0.4802 0.1334 4.3221, -0.3869 0.0956 4.4185, -0.2757 0.0623 4.4985, 0.5146 0.0989 4.4854, 0.453 0.0922 4.5429, 0.3843 0.0834 4.5904, 0.309 0.0738 4.6273, 0.2397 0.0624 4.6491, 0.1681 0.0518 4.6607, 0.0839 0.045 4.6634, 0.0009 0.0407 4.654, -0.0784 0.0395 4.6336, -0.153 0.0421 4.6034, -0.2218 0.0488 4.565, -0.2839 0.06 4.52, -0.4111 0.0866 4.4566, -0.399 0.0889 4.437, 0.3096 0.1389 4.6057, 0.2457 0.1503 4.6291, 0.2463 0.1301 4.6402, 0.1796 0.1415 4.6583, 0.1782 0.1195 4.6655, 0.0974 0.1329 4.6796, 0.0947 0.1101 4.6822, 0.0126 0.1235 4.6885, 0.0096 0.1006 4.6862, -0.0722 0.114 4.6845, -0.0746 0.092 4.6776, -0.1553 0.1054 4.6679, -0.1561 0.0851 4.6567, -0.2348 0.0985 4.6394, -0.2332 0.0808 4.6245, -0.3086 0.0942 4.6, -0.3042 0.0796 4.5825, -0.375 0.093 4.5516, -0.3675 0.0822 4.5326, -0.4334 0.0955 4.496, -0.4228 0.0888 4.4765, -0.4841 0.1023 4.4344, -0.4706 0.1001 4.4157, -0.5259 0.1136 4.3691, -0.5103 0.1158 4.3522, -0.5919 0.1857 4.4567, -0.5296 0.1942 4.5163, -0.5942 0.2077 4.4637, -0.5286 0.217 4.5199, -0.5935 0.2305 4.4674, -0.5248 0.2399 4.5199, -0.5898 0.2533 4.4677, -0.5185 0.2619 4.5162, -0.5832 0.2753 4.4647, -0.51 0.2821 4.509, -0.574 0.2956 4.4583, -0.4994 0.2999 4.4986, -0.5625 0.3134 4.449, -0.4872 0.3145 4.4854, -0.5491 0.3279 4.437, -0.474 0.3253 4.4698, -0.5344 0.3388 4.4227, -0.4601 0.332 4.4525, -0.519 0.3455 4.4068, -0.4462 0.3343 4.4342, -0.5034 0.3478 4.3899, -0.4882 0.3456 4.3725, -0.474 0.3389 4.3554, -0.4614 0.3281 4.3393, -0.3369 0.2487 4.3742, -0.3359 0.2267 4.3669, -0.3373 0.2039 4.3634, -0.341 0.1811 4.3638, -0.3469 0.1591 4.3681, -0.3548 0.1388 4.376, -0.3643 0.121 4.3874, 0.3624 0.1689 4.5224, 0.3017 0.1713 4.5739, 0.1791 0.1795 4.6323, 0.1799 0.1617 4.6471, 0.1008 0.1752 4.6615, 0.0995 0.1549 4.6727, 0.0182 0.1683 4.6794, 0.0155 0.1463 4.6862, -0.0663 0.1597 4.685, -0.0694 0.1368 4.687, -0.151 0.1502 4.6778, -0.1536 0.1273 4.6751, -0.234 0.1407 4.6579, -0.235 0.1188 4.6506, -0.3128 0.1321 4.6258, -0.3115 0.1119 4.6146, -0.3853 0.1252 4.5828, -0.381 0.1075 4.5686, -0.4503 0.1208 4.5305, -0.4427 0.1063 4.5142, -0.5075 0.1197 4.47, -0.4965 0.1089 4.4527, -0.5553 0.1224 4.4036, -0.5411 0.1158 4.3865, -0.5934 0.1292 4.3333, -0.5767 0.127 4.3174, -0.6223 0.1405 4.2611, -0.6038 0.1428 4.2474, 0.2955 0.1821 4.5544, 0.1771 0.1941 4.6144, 0.1014 0.1929 4.6467, 0.0206 0.1886 4.6685, -0.0629 0.1817 4.6785, -0.1477 0.173 4.6761, -0.2317 0.1636 4.6609, -0.3125 0.1541 4.6331, -0.3877 0.1454 4.5939, -0.4559 0.1385 4.5444, -0.5166 0.1343 4.4856, -0.5679 0.1332 4.4197, -0.6091 0.1359 4.3489, -0.6405 0.1427 4.2752, -0.6862 0.1747 4.3152, -0.6443 0.1789 4.389, -0.6965 0.1924 4.3259, -0.6506 0.1992 4.3984, -0.7036 0.2126 4.3346, -0.6536 0.2211 4.4051, -0.7073 0.2346 4.341, -0.6533 0.244 4.4088, -0.7073 0.2574 4.3448, -0.6496 0.2668 4.4095, -0.7037 0.2803 4.3458, -0.6428 0.2888 4.4071, -0.6966 0.3023 4.344, -0.633 0.3091 4.4017, -0.6864 0.3225 4.3396, -0.6206 0.3268 4.3934, -0.6733 0.3403 4.3326, -0.6062 0.3414 4.3827, -0.6579 0.3549 4.3233, -0.5902 0.3523 4.37, -0.6408 0.3657 4.3121, -0.5733 0.359 4.3556, -0.6226 0.3724 4.2994, -0.5562 0.3613 4.3402, -0.6041 0.3747 4.2857, -0.5859 0.3725 4.2715, -0.5688 0.3659 4.2574, -0.5534 0.3551 4.244, -0.5122 0.1615 4.2642, -0.5401 0.1927 4.2072, -0.4949 0.1225 4.3363, -0.5685 0.1603 4.2235, -0.5531 0.1749 4.2142, -0.5856 0.1495 4.2347, -0.7361 0.176 4.1593, -0.7165 0.1734 4.2382, -0.7538 0.1867 4.1696, -0.7307 0.188 4.2492, -0.769 0.2013 4.1793, -0.742 0.2057 4.259, -0.7811 0.219 4.188, -0.7499 0.2259 4.267, -0.7898 0.2392 4.1952, -0.7542 0.2479 4.273, -0.7945 0.2612 4.2008, -0.7545 0.2707 4.2767, -0.7953 0.284 4.2045, -0.7511 0.2936 4.2781, -0.7919 0.3069 4.2062, -0.7439 0.3156 4.277, -0.7847 0.3289 4.2058, -0.7332 0.3358 4.2735, -0.7737 0.3491 4.2033, -0.7195 0.3536 4.2678, -0.7596 0.3669 4.1988, -0.7033 0.3682 4.26, -0.7427 0.3815 4.1926, -0.6853 0.3791 4.2504, -0.7238 0.3924 4.1848, -0.666 0.3857 4.2395, -0.7036 0.399 4.1757, -0.6828 0.4013 4.1657, -0.6754 0.1694 4.1281, -0.5888 0.1882 4.1612, -0.5751 0.206 4.1554, -0.5645 0.2263 4.152, -0.5573 0.2482 4.1509, -0.5538 0.2711 4.1522, -0.5542 0.2939 4.156, -0.5584 0.3159 4.162, -0.5663 0.3361 4.17, -0.5776 0.3539 4.1797, -0.6952 0.4195 4.0172, -0.7164 0.4262 4.0239, -0.6925 0.4126 4.0909, -0.7385 0.4284 4.0304, -0.7139 0.4149 4.0994, -0.7608 0.4261 4.0362, -0.7355 0.4126 4.1074, -0.7823 0.4194 4.0413, -0.7565 0.4059 4.1145, -0.8024 0.4085 4.0454, -0.7761 0.395 4.1205, -0.8201 0.394 4.0483, -0.7935 0.3804 4.1251, -0.8349 0.3762 4.05, -0.808 0.3627 4.1282, -0.8461 0.3559 4.0504, -0.8191 0.3424 4.1296, -0.8533 0.3339 4.0494, -0.8264 0.3204 4.1293, -0.8562 0.3111 4.0471, -0.8295 0.2976 4.1273, -0.8548 0.2883 4.0436, -0.8284 0.2747 4.1237, -0.8491 0.2663 4.039, -0.8232 0.2528 4.1186, -0.8392 0.2461 4.0335, -0.8139 0.2325 4.1122, -0.8257 0.2283 4.0274, -0.801 0.2148 4.1048, -0.8089 0.2138 4.0208, -0.7849 0.2003 4.0966, -0.7896 0.203 4.0139, -0.7663 0.1895 4.088, -0.746 0.1828 4.0792, -0.6623 0.3991 4.1552, -0.6429 0.3925 4.1445, -0.6252 0.3817 4.1342, -0.6759 0.4087 4.0104, -0.6375 0.3807 4.0654, -0.6592 0.3942 4.0037, -0.6246 0.363 4.0579, -0.5979 0.3494 4.1159, -0.61 0.3672 4.1245, -0.7685 0.1964 4.0072, -0.7463 0.1942 4.0008, -0.7839 0.2097 3.9343, -0.7673 0.4551 3.8885, -0.7903 0.4528 3.8901, -0.7789 0.4394 3.9639, -0.8125 0.4461 3.891, -0.8009 0.4327 3.9669, -0.8329 0.4352 3.8913, -0.8212 0.4219 3.9691, -0.8509 0.4206 3.8908, -0.8392 0.4073 3.9703, -0.8657 0.4029 3.8897, -0.854 0.3895 3.9706, -0.8767 0.3826 3.888, -0.8652 0.3693 3.9699, -0.8836 0.3606 3.8856, -0.8723 0.3473 3.9683, -0.8861 0.3378 3.8828, -0.875 0.3244 3.9657, -0.8841 0.3149 3.8797, -0.8733 0.3016 3.9624, -0.8776 0.293 3.8763, -0.8671 0.2796 3.9584, -0.8669 0.2727 3.8727, -0.8568 0.2594 3.9538, -0.8524 0.255 3.8692, -0.8427 0.2417 3.949, -0.8347 0.2405 3.8659, -0.8254 0.2271 3.944, -0.8145 0.2297 3.8628, -0.8055 0.2163 3.939, -0.6456 0.3765 3.9976, -0.6747 0.4075 3.9411, -0.7021 0.4354 3.8805, -0.7224 0.4462 3.8836, -0.7444 0.4528 3.8863, -0.6881 0.434 3.8138, -0.6844 0.4209 3.8772, -0.67 0.4032 3.8737, -0.6607 0.3898 3.9362, -0.6504 0.3696 3.9317, -0.6358 0.3562 3.9921, -0.63 0.3343 3.9875, -0.61 0.3208 4.0464, -0.6089 0.2979 4.0428, -0.5837 0.2844 4.0994, -0.5871 0.2615 4.0977, -0.7465 0.2231 3.8563, -0.7695 0.2208 3.8579, -0.7924 0.2231 3.8601, -0.8162 0.2428 3.7874, -0.8367 0.2536 3.7886, -0.8546 0.2681 3.7903, -0.8694 0.2858 3.7925, -0.8803 0.3061 3.795, -0.8871 0.328 3.7978, -0.8895 0.3509 3.8008, -0.8872 0.3737 3.8038, -0.8806 0.3957 3.8068, -0.8697 0.4159 3.8095, -0.8551 0.4337 3.812, -0.8372 0.4483 3.8141, -0.8169 0.4592 3.8157, -0.7923 0.4789 3.7434, -0.7694 0.4812 3.7461, -0.7465 0.479 3.7481, -0.7243 0.4724 3.7495, -0.7039 0.4616 3.7502, -0.6593 0.3829 3.8701, -0.6442 0.3476 3.9277, -0.6286 0.3114 3.984, -0.6121 0.2751 4.0408, -0.5943 0.2396 4.0981, -0.6528 0.361 3.8667, -0.6425 0.3248 3.9244, -0.6316 0.2886 3.9818, -0.6194 0.2531 4.0406, -0.6053 0.2193 4.1006, -0.6556 0.374 3.8063, -0.6507 0.3381 3.8635, -0.6452 0.3019 3.9218, -0.6388 0.2666 3.9808, -0.6305 0.2328 4.042, -0.6194 0.2015 4.105, -0.8143 0.4722 3.7403, -0.8344 0.4614 3.7368, -0.852 0.4468 3.733, -0.8663 0.429 3.7292, -0.8769 0.4088 3.7254, -0.8832 0.3868 3.7219, -0.8852 0.3639 3.7187, -0.8826 0.3411 3.716, -0.8756 0.3191 3.7138, -0.8644 0.2989 3.7123, -0.8495 0.2812 3.7115, -0.8315 0.2666 3.7114, -0.811 0.2558 3.7121, -0.7889 0.2492 3.7135, -0.7659 0.247 3.7156, -0.743 0.2493 3.7183, -0.6624 0.4428 3.6856, -0.6773 0.4605 3.685, -0.6625 0.474 3.6208, -0.7374 0.4925 3.6772, -0.7601 0.4947 3.6729, -0.7826 0.4924 3.6681, -0.8042 0.4857 3.6629, -0.8239 0.4749 3.6575, -0.841 0.4603 3.6521, -0.855 0.4425 3.6469, -0.8651 0.4223 3.6422, -0.8711 0.4003 3.638, -0.8727 0.3774 3.6347, -0.8699 0.3546 3.6322, -0.8627 0.3326 3.6307, -0.8514 0.3124 3.6303, -0.8365 0.2947 3.6309, -0.8186 0.2801 3.6325, -0.7983 0.2693 3.6352, -0.7764 0.2627 3.6387, -0.7537 0.2605 3.6429, -0.7312 0.2628 3.6478, -0.7211 0.256 3.7214, -0.7346 0.274 3.5717, -0.7568 0.2762 3.5653, -0.7309 0.2895 3.4953, -0.7782 0.2828 3.5597, -0.7517 0.2961 3.4877, -0.7982 0.2936 3.5551, -0.7712 0.3069 3.4813, -0.8159 0.3082 3.5518, -0.7885 0.3214 3.4763, -0.8307 0.3259 3.5497, -0.803 0.3391 3.4729, -0.8419 0.3461 3.5491, -0.8141 0.3594 3.4712, -0.8492 0.3681 3.5499, -0.8214 0.3813 3.4713, -0.8523 0.3909 3.5521, -0.8247 0.4042 3.4732, -0.851 0.4138 3.5556, -0.8238 0.427 3.4768, -0.8454 0.4358 3.5603, -0.8186 0.449 3.482, -0.8358 0.456 3.566, -0.8096 0.4693 3.4886, -0.8224 0.4738 3.5724, -0.7969 0.487 3.4963, -0.8058 0.4884 3.5794, -0.781 0.5016 3.5048, -0.7867 0.4992 3.5867, -0.7627 0.5125 3.5138, -0.7658 0.5059 3.5939, -0.7425 0.5192 3.5229, -0.7438 0.5082 3.6009, -0.6924 0.5347 3.4652, -0.645 0.2151 4.045, -0.65 0.2463 3.9811, -0.6523 0.28 3.9202, -0.6532 0.3153 3.8608, -0.6533 0.3512 3.8033, -0.6528 0.3871 3.7457, -0.6512 0.4226 3.6852, -0.6478 0.4563 3.6228, -0.6422 0.4873 3.5593, -0.633 0.5151 3.4933, -0.6245 0.537 3.4346, -0.5419 0.564 3.3215, -0.6064 0.5262 3.4442, -0.6162 0.5005 3.4999, -0.6277 0.4696 3.5627, -0.6366 0.4361 3.6234, -0.644 0.4006 3.6837, -0.6502 0.3643 3.743, -0.6555 0.3284 3.8003, -0.6601 0.2933 3.8584, -0.6635 0.2597 3.9195, -0.6647 0.2286 3.9828, -0.6783 0.2419 3.9197, -0.6712 0.273 3.8567, -0.6621 0.3064 3.7974, -0.6521 0.3414 3.7398, -0.6411 0.3778 3.6812, -0.6293 0.4141 3.6226, -0.6166 0.4493 3.5644, -0.6021 0.4828 3.5046, -0.5902 0.5116 3.4521, -0.5595 0.384 3.4516, -0.5554 0.406 3.4576, -0.6779 0.3005 3.4382, -0.6275 0.3139 3.3982, -0.6577 0.3028 3.4492, -0.6384 0.3095 3.4602, -0.621 0.3203 3.4709, -0.6402 0.334 3.2988, -0.7039 0.3312 3.3531, -0.7541 0.3347 3.4036, -0.7217 0.506 3.6073, -0.6718 0.5325 3.4756, -0.6634 0.5458 3.4116, -0.6438 0.5436 3.4235, -0.6225 0.5593 3.3495, -0.6041 0.5571 3.3633, -0.5758 0.5728 3.2915, -0.5587 0.5706 3.307, -0.4686 0.5994 3.1914, -0.5404 0.5074 3.4039, -0.5765 0.4939 3.4579, -0.5658 0.4737 3.4615, -0.5912 0.4626 3.5074, -0.5839 0.4406 3.5079, -0.6093 0.4274 3.5643, -0.606 0.4045 3.5624, -0.6262 0.3913 3.6204, -0.6275 0.3684 3.6169, -0.6427 0.3549 3.6778, -0.6487 0.333 3.6737, -0.6585 0.3195 3.7362, -0.669 0.2992 3.7325, -0.673 0.2861 3.7946, -0.6876 0.2683 3.7921, -0.686 0.2553 3.8556, -0.7039 0.2407 3.8551, -0.5193 0.4195 3.4056, -0.4493 0.3863 3.2843, -0.4966 0.373 3.3295, -0.5401 0.3595 3.3798, -0.5785 0.346 3.4339, -0.606 0.3349 3.4808, -0.6338 0.3217 3.5393, -0.4541 0.5342 3.3079, -0.4992 0.5209 3.3535, -0.4894 0.5007 3.359, -0.5301 0.4872 3.4085, -0.523 0.4652 3.4103, -0.5586 0.4517 3.4626, -0.5551 0.4289 3.4613, -0.5805 0.4178 3.5064, -0.5811 0.3949 3.5027, -0.6069 0.3817 3.5588, -0.612 0.3597 3.5536, -0.633 0.3465 3.6123, -0.6427 0.3262 3.6066, -0.6589 0.3127 3.669, -0.6728 0.2949 3.6638, -0.6834 0.2814 3.7287, -0.701 0.2668 3.7249, -0.4383 0.492 3.3175, -0.5224 0.3476 3.301, -0.5855 0.3274 3.3396, -0.6469 0.3116 3.3858, -0.6985 0.3027 3.4278, -0.6666 0.3138 3.3738, -0.6036 0.3251 3.3254, -0.538 0.3409 3.2853, -0.4303 0.3675 3.1923, -0.4179 0.3742 3.2107, -0.3513 0.561 3.2296, -0.3609 0.5787 3.2182, -0.3811 0.3787 3.1333, -0.4437 0.3652 3.1736, -0.4576 0.3674 3.1552, -0.517 0.3541 3.2019, -0.5323 0.3608 3.1859, -0.5885 0.3475 3.2394, -0.6044 0.3583 3.2265, -0.6573 0.3447 3.2875, -0.6726 0.3593 3.2781, -0.7201 0.3458 3.3453, -0.7338 0.3635 3.3394, -0.7682 0.3524 3.3988, -0.7792 0.3726 3.3961, -0.2535 0.4078 3.0499, -0.3249 0.3943 3.0785, -0.3352 0.401 3.0588, -0.4052 0.3875 3.0951, -0.4169 0.3983 3.0783, -0.4846 0.3848 3.1222, -0.4968 0.3994 3.1089, -0.5603 0.3861 3.1595, -0.5718 0.4038 3.15, -0.6312 0.3905 3.2073, -0.641 0.4108 3.2018, -0.696 0.3972 3.2664, -0.7031 0.4192 3.2646, -0.7518 0.4057 3.3347, -0.7553 0.4285 3.336, -0.7899 0.4174 3.3971, -0.3121 0.6067 3.1702, -0.1844 0.6336 3.1207, -0.1909 0.6444 3.1013, -0.3027 0.5922 3.1856, -0.2416 0.6056 3.1586, -0.0561 0.6776 3.0538, -0.1973 0.6511 3.08, -0.0538 0.671 3.0758, -0.051 0.6602 3.0961, -0.1634 0.428 3.0945, -0.2378 0.4079 3.0933, -0.3148 0.3921 3.0992, -0.3931 0.3809 3.1137, -0.4714 0.374 3.1378, -0.547 0.3715 3.1716, -0.6188 0.3728 3.2157, -0.6857 0.377 3.271, -0.7445 0.3837 3.3359, -0.7865 0.3946 3.3956, -0.7068 0.442 3.2655, -0.6479 0.4327 3.1993, -0.5811 0.424 3.1436, -0.5073 0.4171 3.0984, -0.4278 0.4128 3.0639, -0.3452 0.4118 3.041, -0.2619 0.4144 3.0294, -0.1797 0.4213 3.0282, -0.101 0.4323 3.0364, -0.0261 0.4479 3.0522, -0.0255 0.4546 3.0743, -0.1781 0.6191 3.1376, -0.1136 0.6324 3.1227, -0.048 0.6457 3.1139, 0.0194 0.6592 3.1113, 0.0199 0.6844 2.9825, 0.0184 0.6911 3.0047, 0.0174 0.6933 3.0277, 0.017 0.6911 3.0507, 0.0172 0.6845 3.0729, 0.0871 0.6872 3.0973, 0.048 0.4591 3.0289, -0.0273 0.4456 3.0291, -0.0291 0.4478 3.0062, -0.1049 0.4346 3.0137, -0.1093 0.4412 2.9919, -0.186 0.4279 3.007, -0.1925 0.4387 2.9876, -0.2702 0.4252 3.0107, -0.2781 0.4398 2.9945, -0.3546 0.4263 3.0256, -0.363 0.444 3.0133, -0.4373 0.4306 3.0524, -0.4452 0.4508 3.0444, -0.5159 0.4373 3.0911, -0.5223 0.4593 3.0874, -0.5877 0.446 3.1405, -0.5915 0.4688 3.1407, -0.6516 0.4556 3.1999, -0.652 0.4784 3.2037, -0.7068 0.4649 3.2693, -0.7032 0.4869 3.2756, -0.7509 0.4734 3.3457, -0.743 0.4936 3.3537, -0.7763 0.4825 3.4138, -0.7643 0.5003 3.4227, 0.0868 0.6727 3.1153, 0.1534 0.6861 3.1256, 0.2227 0.7141 3.1245, 0.1972 0.4861 3.0501, 0.1231 0.4726 3.036, 0.1257 0.4748 3.0131, 0.0484 0.4613 3.0059, 0.0482 0.468 2.9837, -0.0314 0.4545 2.9841, -0.0341 0.4653 2.9638, -0.1139 0.452 2.972, -0.1187 0.4665 2.9546, -0.1989 0.4532 2.9707, -0.2048 0.471 2.957, -0.2853 0.4575 2.9814, -0.2915 0.4777 2.9721, -0.3701 0.4643 3.0046, -0.3756 0.4862 2.9997, -0.4511 0.4728 3.04, -0.4548 0.4956 3.0396, -0.526 0.4821 3.0873, -0.5271 0.505 3.0909, -0.5922 0.4917 3.1444, -0.5899 0.5137 3.1513, -0.6491 0.5004 3.2103, -0.6429 0.5207 3.2197, -0.6962 0.5071 3.2844, -0.686 0.5249 3.2951, -0.7318 0.5114 3.3635, -0.7177 0.526 3.3746, -0.7494 0.5149 3.4326, -0.7319 0.5257 3.4433, 0.2277 0.7249 3.1047, 0.3591 0.7517 3.1581, 0.3027 0.7449 3.1075, 0.219 0.6996 3.1422, 0.2824 0.713 3.1647, 0.3504 0.7409 3.1766, -0.7127 0.5324 3.4543, -0.6828 0.5435 3.3991, -0.7011 0.5368 3.3866, -0.6577 0.5503 3.3211, -0.673 0.5395 3.3075, -0.622 0.553 3.2449, -0.6338 0.5384 3.2314, -0.5767 0.5517 3.1737, -0.5847 0.5339 3.1612, -0.5212 0.5472 3.1083, -0.5255 0.527 3.098, -0.4553 0.5404 3.0503, -0.4563 0.5185 3.043, -0.381 0.5319 3.0022, -0.3793 0.5091 2.9989, -0.3001 0.5225 2.9655, -0.2965 0.4997 2.9667, -0.2146 0.5131 2.9413, -0.2101 0.4912 2.9471, -0.1276 0.5045 2.9301, -0.1233 0.4842 2.9404, -0.0405 0.4975 2.9315, -0.0372 0.4798 2.946, 0.046 0.4933 2.9453, 0.0474 0.4788 2.9633, 0.1287 0.4923 2.9705, 0.1276 0.4815 2.991, 0.2059 0.4949 3.0057, 0.2019 0.4883 3.0276, 0.2765 0.5018 3.0492, 0.2697 0.4996 3.0712, 0.3395 0.5129 3.0988, 0.3301 0.5152 3.1198, 0.3952 0.5286 3.1531, 0.3837 0.5353 3.172, -0.5396 0.5838 3.2216, -0.482 0.5971 3.1727, -0.4944 0.5904 3.1543, -0.4297 0.6039 3.1093, -0.439 0.5931 3.0911, -0.3684 0.6065 3.0516, -0.3743 0.5919 3.0347, -0.2985 0.6054 3.0016, -0.3014 0.5876 2.9871, -0.2213 0.6011 2.9611, -0.2215 0.5808 2.9499, -0.1392 0.5941 2.9318, -0.1374 0.5721 2.9247, -0.0531 0.5854 2.9145, -0.0503 0.5626 2.9121, 0.0363 0.5761 2.9103, 0.0392 0.5532 2.9126, 0.1254 0.5667 2.9194, 0.1274 0.5448 2.9265, 0.2118 0.5582 2.9415, 0.212 0.538 2.9527, 0.2937 0.5515 2.9756, 0.2913 0.5337 2.9904, 0.3687 0.5471 3.0204, 0.3633 0.5326 3.0376, 0.436 0.546 3.0743, 0.4274 0.5352 3.0929, 0.4947 0.5486 3.1356, 0.483 0.5419 3.1544, 0.5443 0.5553 3.2022, 0.5298 0.5531 3.2201, 0.5065 0.7874 3.2003, 0.4451 0.774 3.1561, 0.3799 0.7605 3.1179, 0.369 0.7583 3.1382, 0.4323 0.7717 3.1753, 0.492 0.7851 3.2182, 0.4785 0.7785 3.2358, 0.3434 0.7264 3.1932, 0.4017 0.7398 3.2276, 0.4665 0.7677 3.2524, 0.6804 0.7791 3.2525, 0.6104 0.7806 3.2043, 0.6654 0.7937 3.2624, 0.595 0.7914 3.2177, 0.6488 0.8045 3.2743, 0.5787 0.7981 3.2327, 0.6312 0.8112 3.2878, 0.6133 0.8135 3.3023, 0.5957 0.8113 3.3172, 0.5792 0.8047 3.332, 0.4565 0.7532 3.2674, 0.5062 0.7663 3.311, 0.5644 0.7939 3.3462, 0.5 0.5621 3.2541, 0.457 0.542 3.1925, 0.4065 0.5263 3.133, 0.3484 0.5152 3.0776, 0.2826 0.5084 3.0278, 0.209 0.5057 2.9855, 0.1291 0.5068 2.9525, 0.0442 0.511 2.9305, -0.0438 0.5178 2.9208, -0.1315 0.5264 2.9238, -0.218 0.536 2.9398, -0.3022 0.5454 2.9687, -0.3808 0.5539 3.0095, -0.452 0.5607 3.061, -0.5144 0.565 3.1215, -0.5662 0.5663 3.1883, -0.608 0.5639 3.2599, -0.6406 0.557 3.3352, -0.5924 0.5706 3.2756, -0.5537 0.5772 3.2045, -0.5053 0.5796 3.137, -0.4465 0.5785 3.0747, -0.3785 0.5742 3.0204, -0.3026 0.5674 2.9759, -0.2204 0.5588 2.9427, -0.1348 0.5493 2.922, -0.0471 0.5397 2.9142, 0.0419 0.5313 2.9195, 0.1286 0.5245 2.9376, 0.2111 0.5203 2.9676, 0.2876 0.5192 3.008, 0.3565 0.5218 3.0569, 0.4174 0.5285 3.1127, 0.4702 0.5397 3.1736, 0.5149 0.5554 3.2376, 0.6147 0.5816 3.3406, 0.5971 0.5883 3.354, 0.1742 0.2049 4.5942, 0.1012 0.2075 4.6287, 0.0226 0.2063 4.6537, -0.0595 0.2019 4.6678, -0.1437 0.195 4.67, -0.2282 0.1864 4.6595, -0.3105 0.1769 4.6363, -0.388 0.1674 4.6012, -0.4593 0.1588 4.5551, -0.5235 0.152 4.4988, -0.5784 0.1477 4.4343, -0.6232 0.1467 4.3638, -0.6576 0.1494 4.2893, -0.6815 0.156 4.2138, -0.6962 0.1671 4.1381, -0.7029 0.1829 4.0627, -0.7025 0.2031 3.9898, -0.4409 0.5906 3.2272, -0.4547 0.5972 3.2098, -0.3955 0.6107 3.1684, -0.4076 0.6129 3.1487, -0.3426 0.6263 3.112, -0.3522 0.6241 3.0911, -0.2819 0.6375 3.0599, -0.2886 0.6308 3.0388, -0.2135 0.6443 3.0138, -0.2173 0.6334 2.9937, -0.1391 0.6467 2.9757, -0.1401 0.6321 2.9578, -0.0588 0.6454 2.9472, -0.0575 0.6277 2.9324, 0.0272 0.6412 2.9298, 0.0301 0.6209 2.919, 0.1158 0.6344 2.9249, 0.1194 0.6124 2.9186, 0.2047 0.6259 2.9329, 0.2081 0.603 2.9314, 0.2918 0.6165 2.954, 0.2939 0.5936 2.9571, 0.3745 0.607 2.9876, 0.3744 0.5851 2.9949, 0.4511 0.5985 3.0329, 0.4481 0.5782 3.0437, 0.52 0.5916 3.0886, 0.5136 0.5739 3.1021, 0.5798 0.5873 3.153, 0.5698 0.5728 3.168, 0.6282 0.5858 3.2225, 0.6148 0.5751 3.2379, 0.6666 0.5881 3.2963, 0.6501 0.5815 3.3112, 0.6962 0.5949 3.3741, 0.6773 0.5927 3.3873, 0.716 0.606 3.4526, 0.6956 0.6083 3.4635, 0.7453 0.7747 3.3122, 0.7318 0.7925 3.3185, 0.716 0.8071 3.327, 0.6983 0.8179 3.3373, 0.6795 0.8246 3.3491, 0.6603 0.8269 3.3618, 0.6414 0.8247 3.375, 0.6625 0.8314 3.4484, 0.5518 0.7793 3.3591, 0.5938 0.7927 3.4125, 0.6452 0.8206 3.4595, 0.7692 0.6216 3.5115, 0.736 0.6083 3.4412, 0.755 0.6149 3.4298, 0.714 0.6015 3.3609, 0.7301 0.6123 3.3482, 0.6815 0.5989 3.2822, 0.6941 0.6135 3.2693, 0.6396 0.6004 3.2085, 0.6483 0.6181 3.1965, 0.5874 0.605 3.1402, 0.5924 0.6253 3.1301, 0.524 0.6119 3.0781, 0.5254 0.6338 3.0709, 0.4518 0.6204 3.0256, 0.4503 0.6433 3.0221, 0.3726 0.6299 2.9843, 0.369 0.6527 2.9851, 0.2883 0.6393 2.9552, 0.2835 0.6613 2.9607, 0.2004 0.6479 2.9388, 0.1954 0.6681 2.9488, 0.1118 0.6546 2.9353, 0.1076 0.6724 2.9496, 0.0244 0.6589 2.9444, 0.022 0.6735 2.9622, -0.0596 0.66 2.9652, -0.0597 0.6709 2.9856, -0.1373 0.6576 2.9961, -0.1347 0.6643 3.0181, -0.2088 0.651 3.0354, -0.2034 0.6533 3.0578, -0.2743 0.6398 3.0816, -0.2662 0.6376 3.1032, -0.3324 0.6241 3.1327, -0.3222 0.6175 3.1523, 0.8016 0.7678 3.3813, 0.7907 0.7881 3.3843, 0.7768 0.8058 3.3893, 0.7602 0.8204 3.3962, 0.7416 0.8313 3.4048, 0.7218 0.838 3.4148, 0.7015 0.8403 3.4256, 0.6815 0.8381 3.437, 0.7221 0.858 3.5779, 0.6305 0.8061 3.4698, 0.6614 0.8194 3.53, 0.7031 0.8472 3.5856, 0.6758 0.615 3.4734, 0.6581 0.5949 3.4, 0.6326 0.5793 3.3261, 0.5997 0.5684 3.2542, 0.5578 0.562 3.1846, 0.5051 0.5594 3.118, 0.443 0.5605 3.0577, 0.3725 0.5648 3.006, 0.2946 0.5717 2.9644, 0.2105 0.5802 2.9343, 0.1227 0.5896 2.9167, 0.0332 0.5989 2.9124, -0.0555 0.6074 2.9214, -0.1401 0.6144 2.9429, -0.2199 0.6188 2.9759, -0.2942 0.62 3.0191, -0.3609 0.6174 3.0707, -0.4191 0.6106 3.1288, -0.7127 0.2763 3.5786, -0.6917 0.283 3.5858, -0.6726 0.2938 3.5931, -0.656 0.3084 3.6001, 0.9119 0.731 3.7143, 0.9031 0.7398 3.6265, 0.9182 0.7529 3.7106, 0.9047 0.7627 3.6231, 0.9201 0.7758 3.7073, 0.9018 0.7855 3.6207, 0.9175 0.7986 3.7046, 0.8947 0.8075 3.6193, 0.9105 0.8206 3.7027, 0.8835 0.8278 3.6192, 0.8994 0.8409 3.7015, 0.8687 0.8455 3.6201, 0.8845 0.8586 3.7011, 0.8508 0.8601 3.6222, 0.8665 0.8732 3.7015, 0.8306 0.871 3.6254, 0.8461 0.8841 3.7027, 0.8088 0.8777 3.6294, 0.8241 0.8908 3.7048, 0.7863 0.8799 3.6342, 0.8012 0.893 3.7075, 0.7784 0.8908 3.7108, 0.7565 0.8842 3.7145, 0.6867 0.8327 3.5929, 0.7058 0.8458 3.6571, 0.7364 0.8734 3.7186, 0.7189 0.8589 3.7228, 0.7383 0.8759 3.7317, 0.7306 0.6416 3.6049, 0.9033 0.7133 3.7345, 0.9138 0.7335 3.7306, 0.9202 0.7554 3.727, 0.9222 0.7783 3.7238, 0.9196 0.8011 3.721, 0.9126 0.8231 3.7189, 0.9015 0.8434 3.7175, 0.8867 0.8612 3.7169, 0.8687 0.8757 3.717, 0.8483 0.8866 3.7179, 0.8262 0.8933 3.7195, 0.8033 0.8956 3.7218, 0.7804 0.8934 3.7247, 0.7585 0.8867 3.728, -0.5673 0.3638 3.4436, -0.5299 0.3773 3.3905, -0.4875 0.3908 3.3412, -0.4413 0.4041 3.2967, -0.3911 0.4174 3.2567, -0.3366 0.4309 3.2211, -0.2789 0.4443 3.1907, -0.2183 0.4578 3.1661, -0.1557 0.4712 3.1472, -0.0922 0.4845 3.1344, -0.0277 0.4978 3.1275, 0.0383 0.5113 3.1268, 0.1041 0.5248 3.1325, 0.1691 0.5383 3.1444, 0.2327 0.5517 3.1623, 0.2942 0.5651 3.1861, 0.3531 0.5785 3.2156, 0.4092 0.5919 3.2508, 0.4618 0.6053 3.2912, 0.5093 0.6184 3.3352, 0.5527 0.6315 3.3835, 0.5923 0.6449 3.4369, 0.6267 0.6582 3.494, 0.6554 0.6715 3.5537, 0.6785 0.6848 3.6159, 0.6955 0.6979 3.6792, 0.7066 0.711 3.7439, 0.7081 0.7135 3.7565, 0.7119 0.7269 3.8233, 0.19 0.6859 2.9626, 0.2708 0.6994 2.9834, 0.2776 0.6816 2.9702, 0.3569 0.695 2.999, 0.3637 0.6747 2.9901, 0.4409 0.6881 3.0271, 0.4466 0.6661 3.0226, 0.5205 0.6795 3.0675, 0.5243 0.6567 3.0673, 0.5937 0.6701 3.1194, 0.5945 0.6472 3.1231, 0.657 0.6603 3.1801, 0.6542 0.6383 3.1869, 0.7106 0.6514 3.2491, 0.7039 0.6312 3.2581, 0.7547 0.6446 3.3264, 0.7438 0.6268 3.3366, 0.787 0.6402 3.4084, 0.7722 0.6257 3.4187, 0.8073 0.639 3.4924, 0.7892 0.6282 3.5018, 0.8165 0.6415 3.5768, 0.7957 0.6348 3.5845, 0.8151 0.6479 3.6588, 0.7927 0.6457 3.6642, 0.8048 0.6588 3.7379, 0.7819 0.6611 3.7406, 0.7834 0.6636 3.7546, 0.7613 0.6703 3.7562, 0.8332 0.6769 3.8276, 0.8292 0.6636 3.7494, 0.8512 0.6702 3.746, 0.8495 0.6677 3.7309, 0.8696 0.6785 3.7268, 0.8562 0.6654 3.6471, 0.8732 0.6799 3.6413, 0.8519 0.6668 3.5618, 0.8652 0.6845 3.555, 0.8356 0.6712 3.4755, 0.8446 0.6915 3.4688, 0.8071 0.6782 3.3917, 0.8116 0.7001 3.3859, 0.7662 0.6868 3.3118, 0.7664 0.7096 3.3081, 0.7139 0.6962 3.2388, 0.7102 0.7191 3.2379, 0.6528 0.706 3.1758, 0.646 0.728 3.1785, 0.5835 0.7149 3.1225, 0.5745 0.7352 3.1292, 0.5061 0.7218 3.0789, 0.4959 0.7395 3.0897, 0.4242 0.7261 3.047, 0.4139 0.7407 3.0618, 0.3401 0.7273 3.0272, 0.3307 0.7382 3.0453, 0.2558 0.7248 3.0188, 0.2481 0.7315 3.0395, 0.1673 0.7203 3.0431, 0.0902 0.7046 3.0547, 0.8725 0.7076 3.9069, 0.8936 0.7089 3.8223, 0.8905 0.7222 3.9063, 0.9083 0.7266 3.8197, 0.9053 0.7399 3.9051, 0.9192 0.7468 3.8168, 0.9164 0.7601 3.9033, 0.9259 0.7688 3.8138, 0.9234 0.7821 3.9009, 0.9281 0.7916 3.8108, 0.9259 0.8049 3.8981, 0.9259 0.8145 3.8079, 0.9239 0.8278 3.895, 0.9191 0.8364 3.8051, 0.9174 0.8498 3.8916, 0.9082 0.8567 3.8027, 0.9068 0.87 3.8882, 0.8935 0.8745 3.8006, 0.8923 0.8878 3.8847, 0.8756 0.8891 3.799, 0.8747 0.9024 3.8815, 0.8552 0.8999 3.798, 0.8544 0.9132 3.8785, 0.833 0.9066 3.7975, 0.8324 0.9199 3.876, 0.81 0.9089 3.7977, 0.8095 0.9222 3.874, 0.7869 0.9067 3.7984, 0.7865 0.92 3.8725, 0.7643 0.9134 3.8717, 0.7207 0.8614 3.7356, 0.7265 0.8747 3.8037, 0.7438 0.9026 3.8716, -0.5229 0.3976 3.3993, -0.4784 0.4331 3.3572, -0.4813 0.4111 3.3506, -0.4338 0.4463 3.3135, -0.4361 0.4244 3.3066, -0.3852 0.4596 3.2741, -0.3868 0.4377 3.2671, -0.3324 0.4731 3.239, -0.3333 0.4511 3.2318, -0.2763 0.4866 3.209, -0.2766 0.4646 3.2017, -0.2175 0.5 3.1845, -0.2171 0.478 3.1772, -0.1566 0.5135 3.1656, -0.1555 0.4915 3.1584, -0.0948 0.5268 3.1526, -0.0931 0.5048 3.1455, -0.0321 0.5401 3.1454, -0.0296 0.5181 3.1385, 0.0322 0.5536 3.1442, 0.0353 0.5316 3.1376, 0.0964 0.5671 3.1492, 0.1001 0.5451 3.143, 0.1598 0.5805 3.1603, 0.1641 0.5585 3.1544, 0.222 0.594 3.1773, 0.2268 0.572 3.1719, 0.2821 0.6074 3.2, 0.2874 0.5854 3.195, 0.3398 0.6208 3.2284, 0.3456 0.5988 3.2239, 0.3948 0.6342 3.2622, 0.4009 0.6122 3.2583, 0.4464 0.6476 3.3012, 0.4528 0.6256 3.2979, 0.493 0.6606 3.3437, 0.4998 0.6387 3.341, 0.5356 0.6737 3.3904, 0.5426 0.6517 3.3884, 0.5747 0.6871 3.4422, 0.5818 0.6651 3.4408, 0.6087 0.7005 3.4976, 0.6159 0.6785 3.4969, 0.6371 0.7138 3.5556, 0.6444 0.6918 3.5556, 0.6601 0.7271 3.6161, 0.6673 0.7051 3.6168, 0.6772 0.7402 3.6777, 0.6843 0.7182 3.6791, 0.6885 0.7533 3.7407, 0.6955 0.7313 3.7427, 0.69 0.7558 3.753, 0.697 0.7338 3.7551, 0.6943 0.7691 3.8181, 0.701 0.7471 3.8209, 0.6924 0.7824 3.8835, 0.6988 0.7605 3.8868, 0.6845 0.7956 3.9477, 0.7336 0.7299 4.117, 0.7571 0.7166 4.0467, 0.7793 0.7144 4.053, 0.7965 0.7012 3.9793, 0.8192 0.7034 3.9829, 0.8298 0.6902 3.9059, 0.852 0.6968 3.9067, 0.8554 0.6835 3.8263, 0.8758 0.6943 3.8245, 0.8713 0.681 3.7423, 0.8889 0.6955 3.7384, 0.8871 0.693 3.7226, 0.9014 0.7107 3.7184, 0.8871 0.6976 3.6358, 0.8971 0.7179 3.6308, 0.8748 0.7048 3.5491, 0.8803 0.7267 3.5443, 0.8496 0.7134 3.4634, 0.8506 0.7363 3.4598, 0.8122 0.723 3.3822, 0.8088 0.7458 3.3806, 0.7629 0.7325 3.3069, 0.7558 0.7544 3.3083, 0.7033 0.741 3.24, 0.6932 0.7613 3.2449, 0.6364 0.7482 3.1843, 0.6244 0.766 3.193, 0.5633 0.7529 3.139, 0.5504 0.7675 3.1515, 0.4842 0.7541 3.1034, 0.4715 0.765 3.1194, 0.4028 0.7516 3.0789, 0.3913 0.7583 3.0979, 0.321 0.7449 3.0653, 0.3116 0.7472 3.0863, 0.2407 0.7338 3.0613, 0.2338 0.7316 3.0833, 0.1626 0.7181 3.0656, 0.8016 0.7166 4.0587, 0.8412 0.71 3.9858, 0.8233 0.7232 4.0636, 0.8616 0.7208 3.9878, 0.8434 0.734 4.0675, 0.8796 0.7354 3.9889, 0.8612 0.7485 4.0703, 0.8945 0.7531 3.9891, 0.876 0.7663 4.0718, 0.9057 0.7733 3.9883, 0.8872 0.7865 4.0721, 0.9129 0.7953 3.9866, 0.8945 0.8085 4.0711, 0.9156 0.8181 3.9841, 0.8975 0.8313 4.0688, 0.9139 0.841 3.9807, 0.8961 0.8542 4.0653, 0.9078 0.863 3.9768, 0.8904 0.8761 4.0608, 0.8975 0.8832 3.9724, 0.8806 0.8964 4.0554, 0.8835 0.901 3.9676, 0.867 0.9142 4.0494, 0.8662 0.9156 3.9627, 0.8502 0.9288 4.0429, 0.8463 0.9264 3.9579, 0.8309 0.9396 4.0363, 0.8246 0.9331 3.9533, 0.8097 0.9463 4.0297, 0.802 0.9354 3.9492, 0.7875 0.9486 4.0235, 0.7652 0.9464 4.0178, 0.7436 0.9397 4.0129, 0.7258 0.888 3.8721, 0.7188 0.9012 3.9396, 0.7235 0.9289 4.009, -0.4345 0.4692 3.3172, -0.39 0.5053 3.2776, -0.3863 0.4825 3.2777, -0.3375 0.5188 3.242, -0.3338 0.4959 3.2424, -0.2817 0.5323 3.2115, -0.278 0.5094 3.2123, -0.2232 0.5457 3.1864, -0.2196 0.5229 3.1876, -0.1624 0.5592 3.167, -0.1589 0.5363 3.1685, -0.1008 0.5725 3.1535, -0.0974 0.5496 3.1553, -0.038 0.5858 3.1457, -0.0349 0.5629 3.1478, 0.0262 0.5993 3.144, 0.0292 0.5764 3.1464, 0.0905 0.6127 3.1484, 0.0932 0.5899 3.1511, 0.154 0.6262 3.1589, 0.1564 0.6034 3.1618, 0.2164 0.6397 3.1754, 0.2185 0.6168 3.1785, 0.2766 0.6531 3.1976, 0.2785 0.6302 3.2009, 0.3346 0.6664 3.2254, 0.3361 0.6436 3.2289, 0.3899 0.6799 3.2588, 0.391 0.657 3.2624, 0.4418 0.6933 3.2973, 0.4426 0.6704 3.301, 0.4888 0.7063 3.3394, 0.4893 0.6835 3.3432, 0.5319 0.7194 3.3858, 0.532 0.6966 3.3896, 0.5714 0.7328 3.4372, 0.5712 0.7099 3.441, 0.6058 0.7462 3.4923, 0.6053 0.7233 3.4961, 0.6348 0.7595 3.5501, 0.6339 0.7366 3.5538, 0.6583 0.7728 3.6104, 0.657 0.7499 3.614, 0.6759 0.7859 3.6719, 0.6743 0.763 3.6753, 0.6878 0.799 3.7348, 0.6859 0.7761 3.7381, 0.6894 0.8015 3.7471, 0.6875 0.7786 3.7503, 0.6942 0.8148 3.8121, 0.692 0.792 3.8152, 0.6929 0.8281 3.8775, 0.6904 0.8053 3.8803, 0.6856 0.8413 3.9419, 0.6828 0.8185 3.9444, 0.6723 0.8545 4.0054, 0.6693 0.8316 4.0077, 0.6531 0.8678 4.0679, 0.7239 0.7224 3.8937, 0.7416 0.7078 3.897, 0.7166 0.7342 4.0335, 0.7618 0.697 3.8999, 0.7871 0.677 3.8284, 0.8064 0.6614 3.7523, 0.8276 0.661 3.7346, 0.8366 0.6546 3.653, 0.8355 0.6523 3.5692, 0.823 0.6535 3.4835, 0.7988 0.658 3.3993, 0.7622 0.6648 3.318, 0.714 0.6734 3.2426, 0.6565 0.6831 3.1763, 0.59 0.6929 3.1192, 0.5144 0.7015 3.0714, 0.4333 0.7084 3.0353, 0.349 0.7127 3.0115, 0.2635 0.7139 2.9998, 0.1784 0.7113 2.9992, 0.7359 0.7233 4.0402, 0.7035 0.7432 4.1848, 0.7551 0.7276 4.1253, 0.7242 0.7409 4.1951, 0.7768 0.7298 4.133, 0.745 0.7431 4.2048, 0.7979 0.7365 4.1399, 0.7654 0.7497 4.2137, 0.8176 0.7473 4.1457, 0.7844 0.7605 4.2213, 0.835 0.7618 4.1502, 0.8014 0.7751 4.2273, 0.8496 0.7795 4.1531, 0.8156 0.7928 4.2316, 0.8608 0.7998 4.1544, 0.8267 0.813 4.234, 0.8681 0.8217 4.1541, 0.834 0.835 4.2343, 0.8713 0.8446 4.1521, 0.8374 0.8578 4.2326, 0.8703 0.8674 4.1485, 0.8366 0.8807 4.229, 0.865 0.8894 4.1435, 0.8319 0.9027 4.2235, 0.8557 0.9097 4.1372, 0.8232 0.9229 4.2164, 0.8428 0.9274 4.1299, 0.811 0.9407 4.2079, 0.8267 0.942 4.1219, 0.7957 0.9553 4.1984, 0.808 0.9529 4.1135, 0.778 0.9661 4.1883, 0.7876 0.9596 4.105, 0.7584 0.9728 4.1779, 0.7661 0.9619 4.0967, 0.7378 0.9751 4.1676, 0.7444 0.9596 4.0889, 0.7169 0.9729 4.1579, 0.6965 0.9663 4.1491, 0.7057 0.9144 4.0062, 0.6862 0.9277 4.0718, 0.6775 0.9555 4.1415, -0.3435 0.5408 3.2377, -0.2943 0.5744 3.1979, -0.2872 0.5542 3.2066, -0.2344 0.5879 3.1717, -0.2282 0.5677 3.1811, -0.1722 0.6014 3.1512, -0.1669 0.5811 3.1612, -0.109 0.6147 3.1369, -0.1047 0.5944 3.1472, -0.0447 0.628 3.1284, -0.0413 0.6077 3.1392, 0.0213 0.6414 3.1261, 0.0236 0.6212 3.1371, 0.0872 0.6549 3.1302, 0.0885 0.6347 3.1414, 0.1525 0.6684 3.1405, 0.1527 0.6482 3.1517, 0.2166 0.6819 3.1569, 0.2157 0.6616 3.1681, 0.2786 0.6953 3.1791, 0.2767 0.675 3.1902, 0.3383 0.7086 3.2073, 0.3354 0.6884 3.2181, 0.3953 0.722 3.2411, 0.3913 0.7018 3.2516, 0.4489 0.7355 3.2802, 0.4439 0.7152 3.2903, 0.4975 0.7485 3.323, 0.4916 0.7283 3.3326, 0.542 0.7616 3.3702, 0.5352 0.7414 3.3793, 0.5829 0.775 3.4227, 0.5754 0.7548 3.4311, 0.6187 0.7884 3.479, 0.6104 0.7681 3.4866, 0.6488 0.8017 3.538, 0.6399 0.7814 3.5448, 0.6734 0.8149 3.5997, 0.6638 0.7947 3.6056, 0.692 0.828 3.6626, 0.6819 0.8078 3.6676, 0.7046 0.8411 3.727, 0.6941 0.8209 3.7311, 0.7064 0.8437 3.7396, 0.6958 0.8234 3.7435, 0.7118 0.857 3.8063, 0.7009 0.8368 3.8092, 0.711 0.8703 3.8733, 0.6998 0.8501 3.8751, 0.7039 0.8835 3.9394, 0.6927 0.8633 3.9402, 0.6909 0.8967 4.0046, 0.6796 0.8765 4.0044, 0.6716 0.91 4.0689, 0.6604 0.8897 4.0675, 0.6463 0.9232 4.1311, 0.6353 0.903 4.1287, 0.6151 0.9365 4.1909, 0.6246 0.8582 4.1301, 0.6509 0.8221 4.0735, 0.6253 0.8353 4.1338, 0.6562 0.8001 4.0785, 0.6301 0.8134 4.1392, 0.6655 0.7798 4.0848, 0.6387 0.7931 4.1464, 0.6784 0.7621 4.092, 0.6509 0.7753 4.1548, 0.6662 0.7607 4.1643, 0.684 0.7499 4.1744, 0.0883 0.698 3.0768, 0.6245 0.9928 4.2746, 0.6829 0.9862 4.2241, 0.5917 0.9675 4.2544, 0.6072 0.9821 4.2635, 0.6289 0.9542 4.1965, 0.6605 0.9409 4.1354, 0.7028 0.9884 4.2358, 0.7224 0.9861 4.248, 0.7409 0.9794 4.2601, 0.7576 0.9686 4.2719, 0.7719 0.954 4.2828, 0.7833 0.9362 4.2923, 0.7912 0.916 4.3002, 0.7955 0.894 4.3061, 0.7958 0.8711 4.3098, 0.7923 0.8483 4.3112, 0.7851 0.8263 4.3102, 0.7743 0.8061 4.3068, 0.7605 0.7884 4.3012, 0.7442 0.7738 4.2936, 0.726 0.763 4.2842, 0.7065 0.7564 4.2735, 0.6867 0.7542 4.2618, 0.6671 0.7565 4.2497, 0.6117 0.7828 4.3983, 0.6801 0.7763 4.3509, 0.6288 0.7895 4.4124, 0.6974 0.7871 4.3619, 0.6449 0.8002 4.4249, 0.7129 0.8016 4.371, 0.6596 0.8148 4.4355, 0.7261 0.8194 4.3779, 0.6721 0.8325 4.4435, 0.7365 0.8396 4.3822, 0.682 0.8527 4.4489, 0.7436 0.8616 4.384, 0.689 0.8747 4.4512, 0.7472 0.8844 4.3829, 0.6927 0.8975 4.4505, 0.7472 0.9073 4.3792, 0.693 0.9204 4.4468, 0.7436 0.9292 4.3729, 0.6899 0.9424 4.4402, 0.7364 0.9495 4.3643, 0.6836 0.9626 4.431, 0.726 0.9673 4.3537, 0.6742 0.9804 4.4195, 0.7127 0.9819 4.3416, 0.6621 0.995 4.4061, 0.6972 0.9927 4.3283, 0.6479 1.0058 4.3915, 0.6799 0.9994 4.3144, 0.6319 1.0125 4.3761, 0.6615 1.0017 4.3005, 0.615 1.0148 4.3605, 0.6428 0.9995 4.287, 0.5471 1.0258 4.3994, 0.5164 1.0083 4.3697, 0.5497 0.9807 4.3082, 0.5785 0.9498 4.2475, 0.6044 0.9163 4.1875, 0.6279 0.881 4.1284, 0.6499 0.8449 4.0699, 0.6707 0.8088 4.0111, 0.6906 0.7736 3.9517, 0.7095 0.7402 3.8903, 0.7266 0.7091 3.8254, 0.7409 0.6812 3.7571, 0.7599 0.6678 3.7426, -0.7244 0.2298 3.8554, -0.7241 0.1964 3.9949, -0.7245 0.1806 4.0707, -0.7167 0.1693 4.1486, -0.6999 0.1627 4.2262, -0.6731 0.1601 4.3028, -0.6351 0.1612 4.3773, -0.5865 0.1655 4.4468, -0.5279 0.1722 4.5091, -0.4603 0.1807 4.5624, -0.3863 0.1902 4.6046, -0.3069 0.1998 4.6352, -0.2237 0.2084 4.6537, -0.1394 0.2153 4.6597, -0.0562 0.2197 4.6534, 0.0241 0.2209 4.6358, 0.1001 0.2184 4.6083, 0.1703 0.2116 4.5724, 0.2801 0.1911 4.5119, 0.3904 0.1624 4.4263, 0.481 0.1288 4.3241, 0.5681 0.9296 4.2432, 0.561 0.9076 4.2415, 0.5573 0.8848 4.2425, 0.5574 0.8619 4.2462, 0.561 0.8399 4.2525, 0.5682 0.8197 4.2611, 0.5786 0.8019 4.2717, 0.5971 0.8943 4.1864, 0.5936 0.8715 4.1878, 0.594 0.8486 4.1915, 0.5982 0.8266 4.1974, 0.6062 0.8064 4.2053, 0.6175 0.7886 4.2149, 0.5919 0.7873 4.2839, 0.4975 0.8136 4.3868, 0.5719 0.8026 4.469, 0.5868 0.8134 4.483, 0.6004 0.8279 4.4948, 0.6122 0.8456 4.504, 0.6215 0.8659 4.5102, 0.6282 0.8878 4.5132, 0.632 0.9107 4.5129, 0.6327 0.9335 4.5092, 0.6302 0.9555 4.5023, 0.6248 0.9758 4.4926, 0.6165 0.9935 4.4802, 0.6057 1.0081 4.4659, 0.5929 1.019 4.4499, 0.5784 1.0257 4.4331, 0.563 1.028 4.416, 0.4308 1.0522 4.4929, 0.4912 1.039 4.4488, 0.5313 1.0191 4.3837, 0.477 1.0324 4.4318, 0.4062 1.0348 4.458, 0.4182 1.0456 4.4746, 0.3844 0.8401 4.4714, 0.3765 0.8547 4.4552, 0.4337 0.8414 4.4164, 0.3707 0.8724 4.4416, 0.4266 0.8592 4.4034, 0.3671 0.8927 4.4309, 0.422 0.8794 4.3931, 0.366 0.9147 4.4238, 0.4202 0.9014 4.3861, 0.3674 0.9375 4.4203, 0.4212 0.9243 4.3825, 0.3711 0.9604 4.4206, 0.425 0.9471 4.3825, 0.3771 0.9823 4.4248, 0.4314 0.9691 4.3861, 0.3852 1.0025 4.4327, 0.4402 0.9893 4.3931, 0.395 1.0203 4.4439, 0.6074 0.7764 4.2971, 0.5104 0.8027 4.4027, 0.4543 0.816 4.4488, 0.3941 0.8292 4.4894, 0.6247 0.7698 4.311, 0.5248 0.796 4.4196, 0.4671 0.8093 4.4669, 0.4052 0.8225 4.5086, 0.3002 1.0784 4.5627, 0.3778 1.0676 4.5512, 0.3273 1.0156 4.4666, 0.2741 1.0465 4.508, 0.3361 1.0334 4.4787, 0.2587 0.8663 4.5331, 0.388 1.0653 4.5719, 0.3972 1.0586 4.592, 0.4052 1.0477 4.6109, 0.4115 1.0331 4.6277, 0.4161 1.0154 4.6418, 0.4187 0.9951 4.6527, 0.4191 0.9731 4.66, 0.4175 0.9503 4.6633, 0.4138 0.9274 4.6626, 0.4081 0.9055 4.6579, 0.4008 0.8852 4.6493, 0.3921 0.8675 4.6372, 0.3823 0.853 4.6221, 0.3718 0.8422 4.6045, 0.361 0.8355 4.5852, 0.3504 0.8333 4.5647, 0.2309 1.0915 4.5884, 0.1593 1.1045 4.6075, 0.0855 1.1177 4.62, 0.2035 1.0418 4.518, 0.2665 1.0287 4.4952, 0.26 1.0085 4.486, 0.32 0.9954 4.4581, 0.3144 0.9735 4.4533, 0.1239 0.967 4.5197, 0.1866 0.9319 4.5114, 0.1223 0.945 4.5268, 0.1871 0.9117 4.5226, 0.1218 0.9247 4.538, 0.189 0.8939 4.5373, 0.1223 0.9069 4.5528, 0.1239 0.8924 4.5707, 0.2648 0.8554 4.5526, 0.1264 0.8815 4.591, 0.3069 0.8661 4.6551, 0.2981 0.8553 4.6366, 0.2891 0.8486 4.6163, 0.2804 0.8464 4.595, 0.2722 0.8487 4.5735, 0.0715 1.068 4.5458, 0.1385 1.0548 4.5349, 0.1338 1.0346 4.5247, 0.1979 1.0216 4.5082, 0.1932 0.9996 4.5026, 0.2549 0.9866 4.4808, 0.2513 0.9637 4.4797, 0.3107 0.9506 4.4526, 0.3091 0.9278 4.456, -0.0019 1.039 4.5327, 0.0611 1.003 4.5267, -0.0049 1.0161 4.5304, 0.0583 0.9801 4.5292, -0.0079 0.9933 4.5327, 0.0561 0.9581 4.5362, -0.0107 0.9713 4.5394, 0.0546 0.9379 4.5473, -0.0133 0.9511 4.5503, 0.0537 0.9201 4.5621, -0.0155 0.9333 4.565, -0.0173 0.9187 4.5828, -0.0186 0.9078 4.6033, 0.0556 0.888 4.6226, -0.0193 0.9011 4.6254, 0.0575 0.8857 4.6456, -0.0195 0.8989 4.6484, 0.0601 0.8879 4.6685, -0.0637 1.0942 4.5487, 0.0037 1.0812 4.5504, 0.001 1.0609 4.5394, 0.0678 1.0478 4.5351, 0.0643 1.0258 4.5287, 0.1297 1.0127 4.5186, 0.1264 0.9898 4.5169, 0.1897 0.9768 4.5012, 0.1875 0.9539 4.5042, 0.2493 0.9409 4.4829, 0.2491 0.9189 4.4902, 0.3095 0.9058 4.4632, 0.3121 0.8855 4.4741, -0.1307 1.1073 4.541, -0.0654 1.074 4.5376, -0.1314 1.087 4.5297, -0.0676 1.052 4.5306, -0.133 1.0651 4.5226, -0.0704 1.0292 4.5281, -0.1356 1.0422 4.5198, -0.0736 1.0063 4.5301, -0.1389 1.0194 4.5215, -0.077 0.9844 4.5365, -0.1429 0.9974 4.5275, -0.0806 0.9641 4.5471, -0.1474 0.9771 4.5378, -0.0842 0.9463 4.5615, -0.1523 0.9594 4.5518, -0.1574 0.9448 4.569, 0.1489 0.8922 4.6995, 0.0632 0.8945 4.6904, -0.019 0.9011 4.6715, -0.0958 0.9119 4.6443, -0.1624 0.9339 4.5889, -0.1671 0.9272 4.6105, 0.1542 0.9067 4.7168, 0.0666 0.9053 4.7106, -0.018 0.9077 4.6936, -0.0975 0.9141 4.6673, -0.1715 0.9249 4.6331, -0.24 0.9404 4.5928, -0.199 1.1381 4.5417, -0.1973 1.1204 4.5269, -0.197 1.1002 4.5157, -0.1979 1.0782 4.5084, -0.2002 1.0554 4.5054, -0.2037 1.0325 4.5067, -0.2082 1.0105 4.5124, -0.2137 0.9903 4.5222, -0.2198 0.9725 4.5357, -0.3111 0.9535 4.5683, -0.2465 0.9381 4.6149, -0.1753 0.9272 4.6559, -0.0985 0.9207 4.6894, -0.0165 0.9185 4.7141, 0.0703 0.9199 4.7283, 0.1593 0.9244 4.7308, 0.2478 0.9316 4.7209, -0.533 1.2325 4.4663, -0.4706 1.2195 4.5115, -0.4577 1.2173 4.4924, -0.4196 1.2095 4.5159, -0.4088 1.2028 4.4966, -0.386 1.1598 4.4483, -0.3917 1.1775 4.4621, -0.4268 1.1853 4.4402, -0.4354 1.1998 4.456, 0.1681 0.9666 4.7471, 0.164 0.9447 4.741, 0.0778 0.9578 4.7533, 0.074 0.9376 4.7427, -0.0121 0.9508 4.7467, -0.0145 0.933 4.732, -0.0985 0.9461 4.7279, -0.0989 0.9315 4.7099, -0.1806 0.9446 4.6982, -0.1784 0.9338 4.6778, -0.2574 0.9469 4.6588, -0.2524 0.9403 4.6372, -0.3274 0.9534 4.6114, -0.3195 0.9512 4.5897, -0.39 0.9643 4.5578, -0.3796 0.9666 4.5372, -0.4451 0.9797 4.5, -0.4328 0.9864 4.4815, -0.469 0.9942 4.4573, -0.4562 1.0051 4.4413, -0.5413 1.0006 4.4289, -0.4823 0.9875 4.475, -0.4956 0.9852 4.4938, -0.4574 0.9775 4.5195, -0.4691 0.9797 4.5393, -0.3999 0.9665 4.5786, -0.4089 0.9732 4.5989, -0.3345 0.96 4.6324, -0.3404 0.9708 4.652, -0.2615 0.9577 4.6789, -0.2645 0.9722 4.6966, -0.1819 0.9591 4.7162, -0.1822 0.9768 4.7311, -0.0974 0.9638 4.7428, -0.0957 0.984 4.7539, -0.0093 0.971 4.7576, -0.0064 0.993 4.7643, 0.0813 0.9798 4.7598, 0.0845 1.0026 4.7617, 0.1715 0.9895 4.7488, 0.174 1.0123 4.746, 0.2582 0.9993 4.7249, 0.2591 1.0212 4.7177, 0.3403 1.0082 4.6889, 0.3387 1.0285 4.6778, -0.5084 0.9875 4.513, -0.5203 0.9941 4.5317, -0.48 0.9863 4.5586, -0.4894 0.9971 4.5768, -0.4166 0.984 4.6179, -0.4228 0.9985 4.6348, -0.345 0.9854 4.6694, -0.3481 1.0031 4.684, -0.2662 0.99 4.7114, -0.2666 1.0102 4.7227, -0.1815 0.9971 4.7423, -0.1799 1.019 4.7495, -0.0935 1.006 4.7609, -0.0907 1.0288 4.7634, -0.0034 1.0158 4.7666, -0.0005 1.0386 4.7644, 0.0872 1.0255 4.7592, 0.0894 1.0475 4.7523, 0.1755 1.0343 4.7389, 0.1761 1.0546 4.7277, 0.2586 1.0415 4.7065, 0.2567 1.0593 4.6918, 0.3355 1.0462 4.6633, 0.3307 1.0608 4.646, -0.5307 1.0049 4.5493, -0.4971 1.0116 4.5931, -0.4272 1.0162 4.649, -0.3495 1.0233 4.6952, -0.2656 1.0322 4.73, -0.1774 1.0419 4.7523, -0.0875 1.0517 4.7614, 0.0024 1.0606 4.7576, 0.091 1.0677 4.7412, 0.1755 1.0723 4.7129, 0.2535 1.0739 4.6741, 0.3245 1.0717 4.6265, -0.5964 1.0179 4.4984, -0.5393 1.0194 4.5652, -0.5028 1.0294 4.6068, -0.4296 1.0365 4.66, -0.3492 1.0453 4.7025, -0.2633 1.055 4.733, -0.174 1.0647 4.7506, -0.0841 1.0737 4.755, 0.005 1.0809 4.7467, 0.0919 1.0855 4.7264, 0.174 1.0869 4.6949, 0.2492 1.0847 4.6541, -0.6556 1.2628 4.2715, -0.5598 1.2367 4.3827, -0.4204 1.1676 4.4267, -0.3825 1.1396 4.4376, -0.3227 1.1045 4.462, -0.2633 1.0685 4.4849, -0.4752 1.1806 4.3865, -0.4164 1.1473 4.4162, -0.3814 1.1176 4.4304, -0.3243 1.0816 4.4587, -0.5641 1.0311 4.349, -0.4993 1.0327 4.3852, -0.5501 1.0457 4.3377, -0.5381 1.0635 4.329, -0.573 1.2067 4.2912, -0.5262 1.1936 4.3412, -0.5203 1.1734 4.3316, -0.4702 1.1604 4.3764, -0.4681 1.1384 4.3693, -0.4149 1.1254 4.409, -0.416 1.1025 4.4054, -0.3828 1.0947 4.4268, -0.3865 1.0719 4.4272, -0.3335 1.0368 4.4641, -0.5736 1.0968 4.273, -0.5837 1.0766 4.2779, -0.5964 1.0588 4.2855, -0.6537 1.0573 4.2376, -0.6812 1.0266 4.3501, -0.7093 1.0375 4.2724, -0.6636 1.0244 4.3352, -0.6457 1.0267 4.3207, -0.5796 1.0203 4.3624, -0.7872 1.0787 4.057, -0.7609 1.0656 4.1278, -0.7821 1.0633 4.1368, -0.7487 1.0504 4.2063, -0.7687 1.0526 4.2177, -0.7282 1.0397 4.2856, -0.746 1.0463 4.2988, -0.6977 1.0332 4.3649, -0.7126 1.044 4.379, -0.6571 1.0309 4.4416, -0.6685 1.0455 4.4555, -0.6064 1.0325 4.5134, -0.6141 1.0502 4.5261, -0.5458 1.0372 4.5786, -0.5498 1.0574 4.5891, -0.5063 1.0496 4.6176, -0.5073 1.0716 4.6248, -0.43 1.0584 4.6673, -0.4284 1.0813 4.6707, -0.3472 1.0681 4.7057, -0.3437 1.091 4.7047, -0.2599 1.0779 4.7316, -0.2553 1.0998 4.726, -0.17 1.0867 4.7445, -0.1655 1.107 4.7343, -0.0805 1.0939 4.7444, -0.0769 1.1117 4.73, 0.0072 1.0987 4.7321, 0.009 1.1133 4.7142, 0.092 1.1001 4.7084, 0.0914 1.1109 4.688, 0.1715 1.0978 4.6746, 0.1681 1.1045 4.6527, 0.2376 1.0937 4.6104, -0.5749 1.2433 4.3989, -0.6268 1.2564 4.3441, -0.6444 1.2586 4.359, -0.6923 1.2717 4.2979, -0.7115 1.2694 4.3106, -0.7545 1.2823 4.2442, -0.7742 1.2756 4.2541, -0.8118 1.2886 4.1821, -0.8311 1.2777 4.1891, -0.6735 1.2695 4.2847, -0.7342 1.2846 4.2332, -0.7912 1.2953 4.174, -0.7491 1.2954 4.1554, -0.77 1.2976 4.165, -0.7291 1.2887 4.1456, -0.3924 1.0499 4.4314, -0.4198 1.0797 4.4056, -0.4689 1.1156 4.3657, -0.5175 1.1514 4.3248, -0.5662 1.1865 4.2822, -0.615 1.2198 4.2369, -0.6633 1.2504 4.1888, -0.711 1.2779 4.1361, -0.7219 1.2764 4.0623, -0.6954 1.2634 4.1271, -0.6829 1.2457 4.1191, -0.6516 1.2327 4.1796, -0.6433 1.2125 4.172, -0.6074 1.1995 4.2286, -0.6035 1.1776 4.2224, -0.5628 1.1645 4.2756, -0.563 1.1417 4.2719, -0.518 1.1286 4.3211, -0.5217 1.1057 4.3205, -0.4727 1.0927 4.3655, -0.4792 1.0707 4.3687, -0.4259 1.0577 4.4095, -0.4343 1.0374 4.4169, -0.4004 1.0297 4.4393, -0.41 1.0119 4.4506, -0.3492 0.9988 4.4848, -0.6068 1.1319 4.2174, -0.6139 1.1099 4.2188, -0.6244 1.0897 4.2228, -0.6378 1.0719 4.2291, -0.721 1.0832 4.1127, -0.8246 1.1141 3.8547, -0.8068 1.0917 3.9839, -0.8293 1.0894 3.9889, -0.8091 1.0764 4.064, -0.8309 1.0786 4.0716, -0.803 1.0656 4.1464, -0.823 1.0722 4.1561, -0.7877 1.0592 4.2293, -0.8049 1.07 4.2404, -0.7621 1.0571 4.3115, -0.7758 1.0716 4.3232, -0.7252 1.0586 4.3919, -0.735 1.0763 4.403, -0.6773 1.0632 4.4676, -0.6832 1.0834 4.4772, -0.619 1.0704 4.5362, -0.6212 1.0924 4.5433, -0.5513 1.0793 4.5963, -0.5501 1.1022 4.5999, -0.506 1.0944 4.6283, -0.5023 1.1173 4.628, -0.4247 1.1041 4.67, -0.4192 1.1261 4.6653, -0.3386 1.113 4.6995, -0.3323 1.1332 4.6902, -0.2499 1.1201 4.7162, -0.2437 1.1379 4.7027, -0.1606 1.1247 4.7203, -0.1556 1.1393 4.703, -0.0735 1.1263 4.7124, -0.0703 1.1371 4.6922, 0.0103 1.1241 4.6938, 0.011 1.1308 4.6716, 0.09 1.1176 4.6658, 0.0881 1.1199 4.6429, 0.164 1.1067 4.6301, -0.9196 1.2714 4.0347, -0.8803 1.2762 4.1154, -0.9048 1.2892 4.0336, -0.8627 1.2908 4.1116, -0.887 1.3038 4.0313, -0.8429 1.3016 4.1064, -0.8668 1.3146 4.028, -0.8216 1.3083 4.1002, -0.8451 1.3213 4.0238, -0.7997 1.3106 4.0932, -0.8226 1.3236 4.0188, -0.7779 1.3084 4.0855, -0.8002 1.3214 4.0132, -0.7788 1.3148 4.0073, -0.7593 1.304 4.0012, -0.6991 1.2385 4.0495, -0.6936 1.2165 4.0446, -0.6924 1.1937 4.041, -0.6955 1.1708 4.0389, -0.7027 1.1488 4.0383, -0.7139 1.1286 4.0393, -0.7285 1.1108 4.0417, -0.7648 1.1092 3.9764, -0.8486 1.1247 3.7788, -0.8476 1.1118 3.8561, -0.8705 1.114 3.8581, -0.8516 1.0916 3.9945, -0.873 1.0982 4.0004, -0.8516 1.0852 4.0795, -0.8705 1.096 4.0873, -0.8411 1.083 4.1657, -0.8567 1.0975 4.1746, -0.8196 1.0846 4.2508, -0.8314 1.1023 4.2599, -0.7867 1.0894 4.3334, -0.7942 1.1096 4.3417, -0.7418 1.0965 4.4121, -0.7452 1.1185 4.4186, -0.6859 1.1054 4.484, -0.6855 1.1282 4.4877, -0.6204 1.1152 4.547, -0.6166 1.1381 4.5472, -0.5464 1.125 4.5997, -0.5403 1.147 4.5959, -0.4963 1.1392 4.6238, -0.4884 1.1595 4.6159, -0.412 1.1464 4.6567, -0.4035 1.1641 4.6445, -0.3249 1.151 4.6774, -0.3167 1.1656 4.6613, -0.2371 1.1525 4.686, -0.2303 1.1633 4.6667, -0.1506 1.1502 4.6832, -0.1458 1.1569 4.6615, -0.0676 1.1438 4.6702, -0.0653 1.1461 4.6472, 0.0112 1.1331 4.6486, -0.3627 1.1986 4.5716, -0.4314 1.2117 4.5357, -0.4437 1.2094 4.5552, -0.4839 1.2172 4.5303, -0.4972 1.2105 4.548, -0.5629 1.2235 4.5002, -0.577 1.2127 4.5149, -0.6394 1.2257 4.4598, -0.6534 1.2111 4.4711, -0.7116 1.2242 4.4087, -0.7244 1.2064 4.4163, -0.7772 1.2195 4.3475, -0.7877 1.1992 4.3515, -0.8341 1.2122 4.2779, -0.8413 1.1902 4.2786, -0.8809 1.2031 4.2004, -0.8841 1.1803 4.1985, -0.9164 1.1933 4.1161, -0.9151 1.1705 4.1126, -0.9393 1.1835 4.0275, -0.9334 1.1615 4.0232, -0.9475 1.1727 3.9488, -0.9451 1.1637 3.8701, -0.2701 1.1658 4.5387, -0.3994 1.192 4.4784, -0.4459 1.2106 4.4736, -0.5185 1.2303 4.4484, -0.5911 1.2455 4.4154, -0.6076 1.2432 4.4314, -0.6623 1.2563 4.3735, -0.68 1.2496 4.3869, -0.7303 1.2627 4.3224, -0.748 1.2518 4.3327, -0.7928 1.2648 4.2628, -0.8093 1.2502 4.2698, -0.8482 1.2631 4.1945, -0.8625 1.2454 4.1983, -0.8949 1.2584 4.1179, -0.9061 1.2381 4.1188, -0.9308 1.2512 4.0346, -0.938 1.2292 4.0333, -0.9529 1.2404 3.9586, -0.9556 1.2175 3.956, -0.9459 1.2624 3.9604, -0.8007 1.3372 3.8822, -0.8227 1.3438 3.8847, -0.8457 1.346 3.8867, -0.8687 1.3438 3.8881, -0.8908 1.3371 3.8888, -0.9113 1.3262 3.8889, -0.9292 1.3116 3.8883, -0.944 1.2938 3.8871, -0.9551 1.2736 3.8852, -0.962 1.2516 3.8829, -0.9644 1.2288 3.8801, -0.9623 1.2059 3.8769, -0.4445 1.0197 4.4277, -0.4882 1.0505 4.3754, -0.5285 1.0838 4.3232, -0.5666 1.1188 4.271, -0.6032 1.1547 4.2186, -0.6388 1.1905 4.1662, -0.6739 1.2254 4.1122, -0.7087 1.2587 4.0555, -0.7423 1.2894 3.9953, -0.7804 1.3264 3.8793, -0.7285 1.2717 3.9896, -0.7302 1.2627 3.9273, -0.7374 1.2739 3.8693, -0.724 1.2407 3.9235, -0.7309 1.2519 3.8659, -0.7221 1.2179 3.9202, -0.7288 1.2291 3.8628, -0.7248 1.195 3.9175, -0.7313 1.2063 3.86, -0.7319 1.1731 3.9157, -0.7382 1.1843 3.8576, -0.7492 1.164 3.8557, -0.7184 1.2515 3.9845, -0.7125 1.2295 3.9802, -0.711 1.2067 3.9767, -0.7138 1.1838 3.9743, -0.721 1.1619 3.9731, -0.7322 1.1416 3.973, -0.747 1.1238 3.9741, -0.764 1.1462 3.8545, -0.8426 1.1376 3.7016, -0.8716 1.1269 3.7787, -0.8926 1.1207 3.8606, -0.8926 1.109 4.0065, -0.8869 1.1105 4.0948, -0.8692 1.1152 4.1827, -0.8396 1.1225 4.2676, -0.7982 1.1316 4.3479, -0.745 1.1413 4.4223, -0.6818 1.1511 4.4882, -0.6101 1.16 4.5439, -0.5319 1.1673 4.5884, -0.4788 1.1773 4.6046, -0.3939 1.1787 4.6293, -0.3082 1.1764 4.6428, -0.2235 1.17 4.6456, -0.1414 1.1592 4.6389, -0.941 1.1895 3.6976, -0.958 1.1969 3.7863, -0.9522 1.2098 3.6991, -0.9648 1.2188 3.789, -0.9592 1.2317 3.7012, -0.9671 1.2417 3.792, -0.9619 1.2546 3.7039, -0.9649 1.2645 3.795, -0.96 1.2774 3.7071, -0.9583 1.2865 3.798, -0.9536 1.2994 3.7107, -0.9475 1.3068 3.8008, -0.9431 1.3197 3.7145, -0.9329 1.3245 3.8034, -0.9288 1.3374 3.7184, -0.915 1.3391 3.8056, -0.9112 1.352 3.7223, -0.8946 1.35 3.8074, -0.8911 1.3629 3.7259, -0.8725 1.3567 3.8087, -0.8692 1.3696 3.7292, -0.8495 1.3589 3.8094, -0.8463 1.3719 3.732, -0.8233 1.3696 3.7342, -0.8012 1.363 3.7358, -0.7808 1.3522 3.7366, -0.782 1.1316 3.8539, -0.7777 1.1575 3.7113, -0.8197 1.1399 3.7044, -0.8069 1.1529 3.6295, -0.8521 1.1528 3.6203, -0.8656 1.1398 3.6994, -0.8877 1.1465 3.6978, -0.8938 1.1336 3.7791, -0.9143 1.1444 3.7802, -0.9128 1.1315 3.8635, -0.9306 1.146 3.8667, -0.9096 1.1236 4.0124, -0.9234 1.1413 4.0181, -0.9001 1.1283 4.1017, -0.9097 1.1485 4.1077, -0.8782 1.1355 4.1895, -0.8832 1.1574 4.1949, -0.8441 1.1445 4.2734, -0.8447 1.1673 4.2771, -0.7984 1.1544 4.3517, -0.7949 1.1772 4.3529, -0.7414 1.1642 4.4232, -0.7344 1.1862 4.4212, -0.675 1.1731 4.4856, -0.6654 1.1933 4.4798, -0.6011 1.1803 4.5372, -0.5899 1.1981 4.5274, -0.5217 1.1851 4.5776, -0.5099 1.1996 4.564, -0.4678 1.1919 4.5903, -0.456 1.2027 4.5737, -0.3836 1.1896 4.6116, -0.3731 1.1963 4.5921, -0.2995 1.1831 4.6224, -0.291 1.1854 4.6009, -0.2171 1.1723 4.6234, -0.2112 1.1701 4.6012, -0.1346 1.1503 4.5942, -0.785 1.0984 3.9797, -0.8024 1.1208 3.854, -0.7978 1.1466 3.7077, -0.7854 1.1596 3.6347, -0.7531 1.3507 3.6668, -0.7382 1.333 3.6675, -0.727 1.3127 3.6671, -0.7198 1.2908 3.6656, -0.7169 1.2679 3.6631, -0.7185 1.2451 3.6597, -0.7245 1.2231 3.6556, -0.7347 1.2028 3.6508, -0.7486 1.1851 3.6456, -0.8037 1.1788 3.4677, -0.8313 1.1658 3.5427, -0.8528 1.1725 3.5371, -0.874 1.1595 3.6167, -0.8943 1.1703 3.614, -0.9081 1.1573 3.697, -0.9262 1.1718 3.6969, -0.9322 1.1589 3.7818, -0.947 1.1766 3.7838, -0.9558 1.184 3.8735, -0.9538 1.1947 3.9527, -0.9409 1.2063 4.031, -0.9133 1.2162 4.1182, -0.8736 1.2251 4.2003, -0.8233 1.2324 4.2749, -0.7638 1.2373 4.3412, -0.6966 1.2388 4.3988, -0.6239 1.2366 4.4464, -0.548 1.2302 4.4837, -0.7694 1.1917 3.3955, -0.8246 1.1854 3.4603, -0.7895 1.1983 3.3862, -0.8441 1.1962 3.4539, -0.8083 1.2091 3.3781, -0.8614 1.2107 3.449, -0.8252 1.2236 3.3716, -0.8759 1.2284 3.4456, -0.8393 1.2413 3.3669, -0.887 1.2487 3.444, -0.8502 1.2616 3.3643, -0.8944 1.2706 3.4441, -0.8576 1.2835 3.3637, -0.8976 1.2935 3.446, -0.861 1.3064 3.3653, -0.8967 1.3163 3.4496, -0.8604 1.3292 3.369, -0.8916 1.3383 3.4548, -0.8557 1.3512 3.3746, -0.8825 1.3586 3.4613, -0.8473 1.3715 3.382, -0.8697 1.3763 3.469, -0.8353 1.3892 3.3907, -0.8539 1.3909 3.4774, -0.8203 1.4038 3.4006, -0.8355 1.4018 3.4864, -0.8028 1.4147 3.4112, -0.8153 1.4085 3.4955, -0.7835 1.4214 3.4221, -0.794 1.4108 3.5044, -0.7631 1.4237 3.4329, -0.7726 1.4085 3.5127, -0.7425 1.4215 3.4432, -0.7224 1.4148 3.4525, -0.8728 1.1833 3.5326, -0.8905 1.1978 3.5292, -0.9052 1.2155 3.5272, -0.9165 1.2358 3.5266, -0.9238 1.2577 3.5274, -0.9268 1.2806 3.5296, -0.9256 1.3034 3.5331, -0.92 1.3254 3.5378, -0.9103 1.3457 3.5434, -0.897 1.3634 3.5499, -0.8804 1.378 3.5569, -0.8613 1.3889 3.5641, -0.8403 1.3956 3.5713, -0.8183 1.3979 3.5783, -0.7962 1.3956 3.5846, -0.7747 1.389 3.5902, -0.6892 1.3386 3.5365, -0.6726 1.3718 3.4718, -0.7004 1.3589 3.5349, -0.737 1.3637 3.5981, -0.7547 1.3782 3.5947, -0.7037 1.3038 3.5999, -0.711 1.3257 3.6007, -0.7223 1.346 3.6001, -0.6461 1.2173 3.2907, -0.7094 1.2022 3.3392, -0.6642 1.215 3.2764, -0.729 1.2045 3.3271, -0.6826 1.2173 3.2626, -0.7482 1.2111 3.316, -0.7007 1.2239 3.2498, -0.7662 1.2219 3.3063, -0.7178 1.2347 3.2384, -0.7824 1.2364 3.2983, -0.7331 1.2492 3.229, -0.7961 1.2541 3.2923, -0.7462 1.267 3.2219, -0.8067 1.2744 3.2887, -0.7565 1.2872 3.2173, -0.814 1.2963 3.2875, -0.7636 1.3091 3.2155, -0.8175 1.3192 3.2888, -0.7672 1.332 3.2164, -0.8172 1.342 3.2925, -0.7673 1.3548 3.2202, -0.8131 1.364 3.2985, -0.7637 1.3768 3.2265, -0.8053 1.3843 3.3066, -0.7567 1.3971 3.2353, -0.7942 1.402 3.3164, -0.7465 1.4148 3.246, -0.7801 1.4166 3.3276, -0.7335 1.4294 3.2585, -0.7637 1.4275 3.3397, -0.7182 1.4403 3.272, -0.7454 1.4342 3.3523, -0.7012 1.447 3.2862, -0.7261 1.4365 3.3649, -0.6831 1.4493 3.3005, -0.6647 1.4471 3.3143, -0.6466 1.4404 3.3271, -0.6166 1.4334 3.3215, -0.6141 1.4151 3.3479, -0.6395 1.3846 3.4118, -0.6617 1.3515 3.4744, -0.6819 1.3167 3.5364, -0.6333 1.4442 3.3097, -0.6511 1.4509 3.2964, -0.6543 1.3296 3.475, -0.6288 1.3643 3.4155, -0.6011 1.3974 3.355, -0.6015 1.4189 3.3313, -0.6692 1.4531 3.2821, -0.6869 1.4508 3.2673, -0.7035 1.4441 3.2527, -0.7184 1.4333 3.2387, -0.7311 1.4187 3.2259, -0.741 1.4009 3.2149, -0.7478 1.3806 3.206, -0.7512 1.3587 3.1995, -0.751 1.3358 3.1958, -0.7473 1.313 3.1949, -0.7403 1.291 3.1969, -0.7301 1.2708 3.2018, -0.7172 1.253 3.2093, -0.7021 1.2385 3.2191, -0.6854 1.2277 3.2309, -0.6676 1.2211 3.2442, -0.6496 1.2189 3.2585, -0.6319 1.2211 3.2733, -0.5316 1.4701 3.2014, -0.6015 1.4638 3.2384, -0.5173 1.4593 3.216, -0.5553 1.4319 3.2777, -0.5886 1.4012 3.3388, -0.5908 1.3771 3.3596, -0.6216 1.3424 3.4166, -0.6509 1.3067 3.4733, -0.6796 1.271 3.5309, -0.7075 1.2361 3.5895, -0.4015 1.4849 3.1308, -0.5785 1.381 3.3436, -0.5837 1.3552 3.3614, -0.6181 1.3195 3.4154, -0.6516 1.2839 3.4697, -0.6847 1.249 3.5257, -0.7172 1.2158 3.5839, -0.5334 1.3939 3.2921, -0.5714 1.359 3.3457, -0.58 1.3323 3.3605, -0.6183 1.2967 3.4116, -0.6562 1.2619 3.4641, -0.6938 1.2287 3.5192, -0.7306 1.1981 3.5774, -0.6181 1.466 3.2225, -0.6344 1.4637 3.2062, -0.6496 1.457 3.1901, -0.6632 1.4462 3.1748, -0.6747 1.4316 3.1609, -0.6835 1.4138 3.149, -0.6895 1.3936 3.1395, -0.6923 1.3716 3.1328, -0.6918 1.3487 3.1291, -0.688 1.3259 3.1286, -0.6812 1.3039 3.1312, -0.6715 1.2837 3.137, -0.6594 1.266 3.1456, -0.6452 1.2514 3.1568, -0.6296 1.2407 3.17, -0.6132 1.234 3.1849, -0.5965 1.2318 3.2008, -0.5802 1.2341 3.2171, -0.6152 1.2278 3.2879, -0.5902 1.47 3.1326, -0.6024 1.4591 3.1161, -0.6125 1.4445 3.1013, -0.9122 1.1848 3.6123, -0.9271 1.2025 3.6116, -0.9384 1.2228 3.612, -0.9456 1.2447 3.6135, -0.9484 1.2676 3.616, -0.9468 1.2904 3.6194, -0.9408 1.3124 3.6235, -0.9307 1.3327 3.6283, -0.9168 1.3504 3.6335, -0.8997 1.365 3.6389, -0.8799 1.3759 3.6444, -0.8584 1.3826 3.6496, -0.8359 1.3849 3.6545, -0.8133 1.3826 3.6588, -0.7914 1.376 3.6624, -0.413 1.4957 3.1139, -0.2794 1.5215 3.0486, -0.7065 1.211 3.5115, -0.6647 1.2416 3.4567, -0.6225 1.2747 3.4056, -0.58 1.3095 3.3568, -0.5677 1.3361 3.3448, -0.5266 1.3719 3.2947, -0.4838 1.4068 3.2448, -0.4391 1.4399 3.1951, -0.3909 1.4704 3.1454, -0.3721 1.3048 3.1348, -0.5236 1.247 3.1659, -0.4876 1.2792 3.2146, -0.4977 1.2646 3.1997, -0.3794 1.2902 3.1183, -0.5099 1.2537 3.1833, -0.3883 1.2793 3.1, -0.3987 1.2726 3.0804, -0.6202 1.4268 3.0886, -0.5524 1.4396 3.0347, -0.4799 1.4524 2.987, -0.4029 1.4653 2.9457, -0.3223 1.4781 2.9117, -0.1925 1.4695 3.0875, -0.2501 1.4582 3.1061, -0.2451 1.4362 3.1115, -0.3079 1.4234 3.1377, -0.3042 1.4005 3.1386, -0.3642 1.3876 3.17, -0.3627 1.3648 3.1666, -0.4195 1.352 3.203, -0.421 1.33 3.1958, -0.4748 1.3172 3.2373, -0.4798 1.2969 3.2273, -0.5311 1.284 3.2743, -0.5399 1.2662 3.2624, -0.5876 1.2533 3.3147, -0.6003 1.2387 3.3019, -0.6137 1.2349 3.3185, -0.6291 1.224 3.3049, -0.7092 1.1984 3.4275, -0.41 1.2704 3.0603, -0.3305 1.2855 3.0461, -0.3025 1.3777 3.1353, -0.3027 1.3557 3.128, -0.3048 1.3354 3.117, -0.3089 1.3177 3.1027, -0.6253 1.4065 3.0786, -0.5565 1.4193 3.0243, -0.558 1.3973 3.0171, -0.4839 1.4101 2.969, -0.4824 1.3873 2.9656, -0.4035 1.4002 2.9242, -0.3998 1.3773 2.925, -0.3173 1.3902 2.8914, -0.3123 1.3682 2.8968, -0.2377 1.3796 2.8738, -0.1569 1.3707 2.8672, -0.143 1.5189 3.0491, -0.2563 1.4784 3.0967, -0.138 1.5011 3.0632, -0.6007 1.2495 3.3309, -0.5777 1.2711 3.3257, -0.5251 1.3043 3.2838, -0.4727 1.3392 3.2442, -0.4206 1.3748 3.2065, -0.3679 1.4105 3.1695, -0.3133 1.4453 3.1328, -0.188 1.4476 3.0933, -0.2415 1.4134 3.1127, -0.1845 1.4247 3.0947, -0.2395 1.3905 3.1096, -0.1822 1.4019 3.0918, -0.239 1.3686 3.1023, -0.1811 1.3799 3.0846, -0.2402 1.3483 3.0912, -0.1213 1.371 3.0603, 0.0209 1.3642 3.016, -0.1253 1.3278 3.0072, -0.2593 1.2984 3.0183, -0.3399 1.2832 3.0251, -0.4218 1.2726 3.0405, -0.5032 1.2664 3.0651, -0.5828 1.2644 3.0998, -0.5161 1.2772 3.0492, -0.4451 1.29 3.0047, -0.4336 1.2792 3.0217, -0.3599 1.2921 2.9846, -0.3498 1.2854 3.0043, -0.2748 1.2983 2.9749, -0.2667 1.2961 2.9965, -0.1324 1.3188 2.9626, -0.1285 1.3211 2.9853, -0.2429 1.3305 3.0766, -0.1217 1.3532 3.0455, -0.0526 1.3838 3.0513, 0.0191 1.3788 3.0339, 0.0168 1.3965 3.0485, 0.166 1.3899 3.0308, 0.0223 1.3533 2.9956, -0.4557 1.3045 2.9902, -0.3698 1.3029 2.9666, -0.283 1.305 2.9543, -0.1368 1.321 2.94, -0.0548 1.3316 2.953, 0.0231 1.3466 2.9734, 0.0687 1.5573 3.0355, 0.0697 1.5395 3.0504, 0.1397 1.5701 3.0439, 0.0867 1.4094 3.0521, 0.0903 1.3916 3.0377, 0.156 1.4223 3.062, 0.1609 1.4045 3.048, 0.2244 1.4351 3.0783, 0.1022 1.3572 2.9549, 0.0234 1.3443 2.9504, 0.0231 1.3466 2.9274, -0.0572 1.3338 2.9301, -0.0601 1.3404 2.9081, -0.1417 1.3277 2.9183, -0.1468 1.3384 2.8985, -0.2912 1.3158 2.9355, -0.299 1.3303 2.9193, -0.379 1.3174 2.9511, -0.3873 1.3351 2.9388, -0.4651 1.3223 2.9786, -0.4728 1.3425 2.9705, -0.5468 1.3297 3.0176, -0.5531 1.3516 3.0137, -0.6228 1.3388 3.0678, -0.6266 1.3617 3.068, 0.2887 1.6212 3.0428, 0.1433 1.5954 3.0056, 0.141 1.5846 3.0259, 0.2828 1.6104 3.0624, 0.1393 1.5524 3.0588, 0.208 1.5652 3.0736, 0.2782 1.5958 3.0799, 0.2571 1.3829 2.9856, 0.1803 1.3701 2.9667, 0.1841 1.3723 2.944, 0.1039 1.3594 2.932, 0.105 1.3661 2.9098, 0.0221 1.3532 2.9052, 0.0207 1.364 2.8848, -0.0634 1.3512 2.8879, -0.067 1.3658 2.8702, -0.1519 1.353 2.8812, -0.3062 1.348 2.9062, -0.3943 1.3554 2.9299, -0.4787 1.3644 2.9661, -0.5569 1.3745 3.0136, -0.6274 1.3845 3.0717, 0.4705 1.6465 3.0274, 0.3866 1.6405 3.009, 0.4583 1.6532 3.046, 0.3763 1.6427 3.0296, 0.4462 1.6555 3.0655, 0.3665 1.6405 3.0505, 0.4346 1.6532 3.0855, 0.4239 1.6466 3.1049, 0.4146 1.6358 3.1232, 0.2752 1.5781 3.0945, 0.3396 1.5908 3.121, 0.407 1.6213 3.1395, 0.3065 1.4156 3.0717, -0.483 1.4321 2.9762, -0.4052 1.423 2.9275, -0.3209 1.413 2.8902, -0.2423 1.4016 2.868, -0.1615 1.3909 2.8569, -0.0706 1.3835 2.8558, 0.0187 1.3785 2.8668, 0.1054 1.3768 2.8893, 0.1872 1.3789 2.922, 0.263 1.3851 2.9633, 0.3321 1.3958 3.0113, 0.3934 1.4108 3.0639, 0.448 1.4302 3.1198, 0.4363 1.4411 3.1365, 0.5539 1.6484 3.0566, 0.5407 1.6593 3.0723, 0.5269 1.666 3.0896, 0.5131 1.6683 3.1081, 0.4997 1.6661 3.1268, 0.4874 1.6594 3.1452, 0.5345 1.6614 3.2075, 0.4014 1.6036 3.1533, 0.4606 1.6164 3.1914, 0.5241 1.6469 3.2222, 0.5161 1.6292 3.2348, 0.5556 1.6544 3.2505, 0.6844 1.6364 3.1224, 0.6345 1.6467 3.0969, 0.6724 1.6542 3.1312, 0.6212 1.6612 3.109, 0.6586 1.6688 3.1427, 0.6067 1.6721 3.1234, 0.6433 1.6796 3.1563, 0.5914 1.6788 3.1394, 0.6272 1.6863 3.1715, 0.5759 1.6811 3.1565, 0.6108 1.6886 3.1877, 0.5609 1.6789 3.174, 0.5949 1.6864 3.2044, 0.5469 1.6722 3.1912, 0.58 1.6798 3.2208, 0.6062 1.5193 3.3261, 0.5709 1.4888 3.2659, 0.5534 1.4667 3.2246, 0.51 1.443 3.1622, 0.4602 1.4235 3.1012, 0.4037 1.4085 3.0433, 0.34 1.398 2.9896, 0.2681 1.3918 2.9417, 0.1895 1.3897 2.9017, 0.1051 1.3914 2.8713, 0.0164 1.3962 2.8521, -0.0743 1.4037 2.8451, -0.1655 1.4129 2.8508, -0.2458 1.4244 2.8666, -0.323 1.4359 2.8933, -0.405 1.445 2.9347, -0.4583 1.4956 3.0356, -0.393 1.4976 2.977, -0.3195 1.4959 2.9263, -0.1737 1.5008 2.8701, -0.173 1.4806 2.8589, -0.086 1.4933 2.8461, -0.0837 1.4714 2.8391, 0.0049 1.4841 2.8344, 0.0078 1.4613 2.8322, 0.0974 1.4741 2.8358, 0.1002 1.4513 2.8383, 0.1889 1.4642 2.8504, 0.1905 1.4422 2.8575, 0.2772 1.4551 2.8778, 0.2768 1.4348 2.889, 0.3605 1.4477 2.917, 0.3574 1.43 2.9315, 0.4361 1.4427 2.9661, 0.43 1.4282 2.9831, 0.5039 1.4409 3.024, 0.4946 1.4301 3.0423, 0.5634 1.4429 3.0892, 0.551 1.4363 3.1076, 0.6137 1.4491 3.1596, 0.5987 1.4469 3.177, 0.6325 1.4544 3.2094, 0.6161 1.4567 3.2256, 0.8168 1.6195 3.2484, 0.7547 1.6288 3.1806, 0.8097 1.6415 3.2499, 0.7447 1.6491 3.1856, 0.7993 1.6618 3.254, 0.7321 1.6669 3.1934, 0.786 1.6795 3.2606, 0.7172 1.6815 3.2035, 0.7703 1.6941 3.2694, 0.7008 1.6923 3.2157, 0.7528 1.705 3.2801, 0.6834 1.699 3.2294, 0.7343 1.7117 3.2922, 0.6656 1.7013 3.2441, 0.7153 1.714 3.3052, 0.6967 1.7118 3.3188, 0.6791 1.7051 3.3323, 0.5469 1.6367 3.2627, 0.5953 1.6494 3.3131, 0.6497 1.6798 3.3572, -0.1235 1.4132 3.0786, -0.1219 1.3913 3.0715, -0.0564 1.426 3.0693, -0.0542 1.404 3.0624, 0.0113 1.4388 3.0661, 0.0142 1.4168 3.0594, 0.0796 1.4516 3.0691, 0.0831 1.4297 3.0627, 0.1475 1.4645 3.0783, 0.1515 1.4425 3.0723, 0.2144 1.4774 3.0937, 0.2189 1.4554 3.0881, 0.2797 1.4902 3.1151, 0.2847 1.4682 3.1099, 0.3422 1.5029 3.142, 0.3477 1.481 3.1373, 0.4021 1.5157 3.1744, 0.408 1.4937 3.1702, 0.4594 1.5285 3.2125, 0.4656 1.5065 3.2088, 0.513 1.5413 3.2557, 0.5196 1.5193 3.2526, 0.5427 1.5488 3.2834, 0.5494 1.5269 3.2806, 0.5892 1.5615 3.3333, 0.5962 1.5395 3.3312, 0.6312 1.5742 3.3873, 0.6383 1.5522 3.3857, 0.6685 1.5869 3.4452, 0.5847 1.4742 3.2544, 0.568 1.4558 3.2102, 0.5238 1.4363 3.1448, 0.4723 1.4212 3.0816, 0.4135 1.4107 3.0224, 0.347 1.4046 2.9686, 0.2722 1.4026 2.9216, 0.1908 1.4042 2.8837, 0.1041 1.4091 2.8564, 0.0137 1.4165 2.8412, -0.0778 1.4257 2.8387, -0.1689 1.4357 2.849, -0.2481 1.4472 2.8695, -0.3234 1.4579 2.9006, -0.4479 1.5023 3.0552, -0.3857 1.5085 2.9962, -0.3153 1.5105 2.9438, -0.1733 1.5186 2.8849, -0.0876 1.5136 2.8572, 0.002 1.5061 2.8411, 0.0942 1.497 2.8377, 0.1863 1.487 2.8476, 0.2762 1.477 2.8705, 0.3619 1.4679 2.9058, 0.4404 1.4604 2.9519, 0.5115 1.4554 3.0077, 0.5743 1.4537 3.0719, 0.6277 1.4557 3.1423, 0.6484 1.4566 3.1927, 0.6853 1.4671 3.2676, 0.7138 1.482 3.3435, 0.6952 1.4887 3.3556, 0.8693 1.6094 3.325, 0.8658 1.6323 3.3236, 0.8586 1.6543 3.3244, 0.8479 1.6745 3.3276, 0.834 1.6923 3.333, 0.8176 1.7069 3.3403, 0.7993 1.7177 3.3494, 0.7797 1.7244 3.3597, 0.7596 1.7267 3.3711, 0.7398 1.7245 3.3829, 0.7573 1.7306 3.4609, 0.6391 1.6621 3.3676, 0.6781 1.6748 3.4263, 0.724 1.7053 3.4801, -0.1294 1.4589 3.0796, -0.1261 1.4361 3.0813, -0.0624 1.4717 3.0698, -0.0592 1.4489 3.0718, 0.0053 1.4845 3.0661, 0.0083 1.4616 3.0684, 0.0737 1.4973 3.0685, 0.0764 1.4745 3.071, 0.1416 1.5102 3.0772, 0.1441 1.4873 3.08, 0.2086 1.5231 3.0921, 0.2109 1.5002 3.0951, 0.2741 1.5359 3.113, 0.2761 1.5131 3.1162, 0.3368 1.5486 3.1394, 0.3385 1.5258 3.1427, 0.397 1.5614 3.1713, 0.3984 1.5385 3.1748, 0.4546 1.5742 3.2089, 0.4556 1.5513 3.2126, 0.5086 1.587 3.2517, 0.5093 1.5641 3.2554, 0.5385 1.5945 3.2792, 0.539 1.5717 3.2829, 0.5854 1.6072 3.3287, 0.5856 1.5844 3.3325, 0.6278 1.6199 3.3824, 0.6277 1.597 3.3861, 0.6656 1.6326 3.44, 0.6651 1.6098 3.4437, 0.6979 1.6454 3.5009, 0.6971 1.6225 3.5046, 0.7247 1.6581 3.5646, 0.6777 1.4996 3.3662, 0.6 1.4634 3.2408, 0.5833 1.4491 3.1941, 0.5376 1.434 3.1264, 0.4839 1.4234 3.0617, 0.4224 1.4174 3.0021, 0.3529 1.4154 2.949, 0.2751 1.4171 2.9038, 0.1911 1.422 2.8688, 0.1024 1.4293 2.8453, 0.0108 1.4384 2.8345, -0.0809 1.4485 2.8366, -0.1714 1.4586 2.8518, -0.2491 1.4692 2.8767, 0.7747 1.4925 3.3977, 0.7327 1.4797 3.3304, 0.7514 1.482 3.3169, 0.7026 1.4693 3.2525, 0.7189 1.4759 3.2374, 0.6633 1.4632 3.1763, 0.6766 1.474 3.1607, 0.6401 1.4665 3.1261, 0.6505 1.481 3.1114, 0.5833 1.4682 3.0563, 0.5901 1.4859 3.0431, 0.5171 1.4731 2.9939, 0.5204 1.4934 2.9831, 0.4428 1.4806 2.9409, 0.4432 1.5026 2.9335, 0.3616 1.4899 2.8985, 0.3596 1.5127 2.8952, 0.274 1.4999 2.8675, 0.2705 1.5227 2.8688, 0.183 1.5099 2.8493, 0.179 1.5318 2.8553, 0.0908 1.519 2.8441, 0.0872 1.5392 2.8547, -0.0006 1.5264 2.852, -0.0029 1.5441 2.8666, -0.0886 1.5314 2.872, -0.0888 1.546 2.8899, -0.1719 1.5332 2.9028, -0.1696 1.5441 2.9231, -0.3098 1.5214 2.9635, -0.3032 1.5281 2.9846, -0.3772 1.5152 3.0166, -0.3678 1.5175 3.0376, -0.4366 1.5046 3.0753, -0.4249 1.5024 3.0951, 0.9445 1.6121 3.4915, 0.9103 1.5993 3.4084, 0.9112 1.6222 3.4047, 0.8393 1.7305 3.4227, 0.8583 1.7196 3.4153, 0.8753 1.705 3.4095, 0.8896 1.6873 3.4054, 0.7116 1.6876 3.4885, 0.7394 1.7003 3.5533, 0.775 1.7308 3.6146, 0.7613 1.713 3.6206, 0.8002 1.7542 3.7449, 0.7514 1.6928 3.6259, 0.73 1.6801 3.5596, 0.7028 1.6673 3.4955, 0.6699 1.6546 3.4341, 0.6317 1.6418 3.3761, 0.5887 1.6292 3.3222, 0.5412 1.6165 3.2723, 0.5109 1.6089 3.2448, 0.4563 1.5961 3.2018, 0.3981 1.5833 3.164, 0.3372 1.5706 3.132, 0.2738 1.5579 3.1056, 0.2076 1.545 3.0848, 0.14 1.5322 3.07, 0.0714 1.5193 3.0615, 0.0024 1.5064 3.0593, -0.0659 1.4937 3.0634, -0.1335 1.4809 3.0735, 0.7499 1.5251 3.494, 0.79 1.7492 3.8193, 0.7857 1.7365 3.7485, 0.7751 1.7162 3.7521, 0.7658 1.7045 3.6885, 0.7597 1.6826 3.6925, 0.7456 1.6708 3.6304, 0.7442 1.648 3.6339, 0.7235 1.6353 3.5681, 0.7266 1.6124 3.5702, 0.7004 1.5997 3.5064, 0.7077 1.5777 3.5062, 0.6757 1.565 3.4443, -0.3579 1.5152 3.0584, -0.2877 1.5281 3.028, -0.2957 1.5303 3.0064, -0.1626 1.553 2.9678, -0.1664 1.5507 2.9451, -0.0872 1.5635 2.9325, -0.0883 1.5568 2.9104, -0.0062 1.5696 2.9049, -0.0048 1.5587 2.8845, 0.0801 1.5716 2.8868, 0.0835 1.557 2.8691, 0.1695 1.5699 2.8796, 0.1744 1.5521 2.8656, 0.2605 1.565 2.8843, 0.266 1.5447 2.8745, 0.3509 1.5576 2.9015, 0.356 1.5356 2.8963, 0.4378 1.5483 2.9309, 0.4415 1.5255 2.9302, 0.5201 1.5382 2.9723, 0.5214 1.5153 2.9759, 0.5961 1.5281 3.0255, 0.5945 1.5062 3.0327, 0.6638 1.519 3.0888, 0.6585 1.4988 3.0988, 0.6964 1.5063 3.1344, 0.6877 1.4886 3.1466, 0.7459 1.5012 3.21, 0.7335 1.4867 3.2231, 0.7848 1.4994 3.2904, 0.7689 1.4886 3.3033, 0.8132 1.5013 3.374, 0.7945 1.4947 3.3859, 0.8312 1.5075 3.4586, 0.8105 1.5052 3.4686, 0.8396 1.518 3.5425, 0.8179 1.5203 3.55, 0.8397 1.533 3.6243, 0.8181 1.5397 3.6291, 0.8403 1.5631 3.7663, 0.8199 1.574 3.7667, 0.8634 1.8116 3.8905, 0.8653 1.7989 3.8127, 0.8601 1.7862 3.7352, 0.8412 1.805 3.8894, 0.8431 1.7923 3.8136, 0.8381 1.7795 3.7381, 0.8112 1.7561 3.6016, 0.5667 1.669 3.2364, 0.6632 1.6943 3.3453, 0.7394 1.7198 3.4708, 0.7918 1.7453 3.6082, 0.8178 1.7687 3.7413, 0.8207 1.7942 3.889, 0.8027 1.7797 3.8893, 0.7794 1.7746 3.9606, 0.7879 1.7619 3.8903, 0.7767 1.7417 3.892, 0.7791 1.729 3.822, 0.7723 1.707 3.8249, 0.7686 1.6943 3.7556, 0.7666 1.6714 3.7588, 0.7579 1.6597 3.6958, 0.7607 1.6369 3.6984, 0.7471 1.6252 3.6362, 0.7543 1.6032 3.6373, 0.7339 1.5904 3.5706, 0.888 1.5669 3.843, 0.8854 1.5541 3.7633, 0.9083 1.5564 3.7609, 0.8843 1.5329 3.6126, 0.9055 1.5396 3.6061, 0.8817 1.5268 3.526, 0.9005 1.5376 3.5178, 0.8689 1.5249 3.4385, 0.8843 1.5394 3.4292, 0.8447 1.5267 3.3518, 0.8563 1.5444 3.3424, 0.809 1.5316 3.268, 0.8164 1.5519 3.2595, 0.7622 1.5392 3.1896, 0.7655 1.5612 3.183, 0.7048 1.5485 3.1179, 0.7043 1.5713 3.1142, 0.6654 1.5638 3.0782, 0.6616 1.5866 3.0779, 0.5914 1.5738 3.0219, 0.5851 1.5958 3.0256, 0.5104 1.583 2.977, 0.5026 1.6033 2.9849, 0.4252 1.5905 2.9443, 0.4167 1.6083 2.9565, 0.3373 1.5956 2.9237, 0.3292 1.6102 2.9397, 0.2477 1.5973 2.9145, 0.2409 1.6082 2.9338, 0.1594 1.5953 2.9166, 0.1546 1.602 2.9383, 0.074 1.5891 2.929, 0.0717 1.5914 2.9519, -0.0072 1.5786 2.9501, -0.0069 1.5764 2.9732, 0.9238 1.8193 4.069, 0.9216 1.8175 3.9804, 0.9045 1.8302 4.0623, 0.8999 1.8242 3.9756, 0.8834 1.8368 4.0556, 0.8773 1.8265 3.9712, 0.8613 1.8391 4.0492, 0.8546 1.8243 3.9675, 0.8389 1.8369 4.0434, 0.8173 1.8303 4.0384, 0.7973 1.8195 4.0344, 0.7795 1.805 4.0315, 0.7439 1.7999 4.0976, 0.7647 1.7872 4.0298, 0.7534 1.767 4.0295, 0.7681 1.7543 3.9612, 0.761 1.7324 3.9629, 0.7697 1.7197 3.8943, 0.7672 1.6969 3.897, 0.77 1.6842 3.8279, 0.7723 1.6613 3.8308, 0.7691 1.6486 3.7616, 0.776 1.6266 3.7638, 0.7677 1.6149 3.7001, 0.8715 1.5923 4.0013, 0.8833 1.5796 3.9227, 0.9063 1.5818 3.9245, 0.911 1.5691 3.8427, 0.9332 1.5757 3.8418, 0.9303 1.563 3.758, 0.9506 1.5738 3.7548, 0.9249 1.5504 3.5996, 0.9418 1.5649 3.5932, 0.9167 1.5522 3.5099, 0.9297 1.5699 3.5027, 0.8966 1.5572 3.4209, 0.9054 1.5774 3.4139, 0.8644 1.5646 3.3346, 0.8688 1.5866 3.3288, 0.8202 1.5738 3.2533, 0.8204 1.5967 3.2495, 0.7653 1.584 3.1793, 0.7617 1.6069 3.1784, 0.7006 1.5942 3.1137, 0.6939 1.6162 3.1165, 0.6551 1.6086 3.081, 0.6459 1.6289 3.0874, 0.5765 1.6161 3.0329, 0.566 1.6338 3.0433, 0.493 1.621 2.9963, 0.4822 1.6356 3.0107, 0.4072 1.6229 2.9717, 0.3971 1.6338 2.9895, 0.3206 1.621 2.9583, 0.312 1.6277 2.9787, 0.2342 1.6149 2.9549, 0.2277 1.6172 2.977, 0.1502 1.6043 2.9609, 0.1464 1.6021 2.9836, 0.0699 1.5892 2.9749, 0.0688 1.5826 2.997, -0.006 1.5697 2.9953, -0.0045 1.5589 3.0158, -0.1481 1.5334 3.0319, -0.2634 1.4962 3.0836, -0.3204 1.4656 3.124, -0.3738 1.4324 3.1651, -0.4244 1.3977 3.2064, -0.4735 1.362 3.2479, -0.5224 1.3262 3.2905, -0.571 1.2913 3.3346, -0.5905 1.2672 3.3417, 0.8944 1.8122 4.248, 0.915 1.8174 4.1588, 0.8821 1.83 4.2396, 0.8989 1.8319 4.1508, 0.8668 1.8446 4.2302, 0.8803 1.8428 4.1424, 0.849 1.8554 4.2201, 0.8599 1.8495 4.1338, 0.8294 1.8621 4.2097, 0.8384 1.8518 4.1255, 0.8088 1.8644 4.1995, 0.8167 1.8496 4.1177, 0.7878 1.8622 4.1899, 0.7675 1.8556 4.1811, 0.7484 1.8448 4.1736, 0.7314 1.8302 4.1676, 0.6844 1.8252 4.2267, 0.7171 1.8125 4.1633, 0.7061 1.7923 4.161, 0.7327 1.7796 4.0963, 0.7254 1.7577 4.0966, 0.7461 1.745 4.0305, 0.7431 1.7222 4.0328, 0.7582 1.7095 3.9654, 0.7599 1.6867 3.9687, 0.7691 1.674 3.9002, 0.7756 1.6521 3.9037, 0.779 1.6393 3.8337, 0.7899 1.6191 3.8363, 0.8019 1.5886 3.7664, 0.798 1.5505 3.6329, 0.7182 1.6519 4.2731, 0.755 1.6392 4.2065, 0.7746 1.6325 4.2168, 0.8059 1.6198 4.1458, 0.8274 1.6176 4.1541, 0.8528 1.6049 4.0787, 0.8751 1.6071 4.0845, 0.8943 1.5945 4.0051, 0.9162 1.6011 4.0082, 0.9284 1.5885 3.9256, 0.9489 1.5992 3.926, 0.9536 1.5865 3.8403, 0.9716 1.6011 3.8384, 0.9682 1.5883 3.7512, 0.9827 1.6061 3.7476, 0.9827 1.6146 3.6623, 0.9711 1.6248 3.5774, 0.9456 1.6349 3.4879, 0.9079 1.645 3.403, 0.9353 1.6798 3.4854, 0.9625 1.6925 3.5705, 0.9697 1.6705 3.5716, 0.9878 1.6822 3.6524, 0.9906 1.6594 3.655, 1.0018 1.6711 3.7373, 0.9998 1.6482 3.7405, 1.004 1.661 3.8305, 0.9972 1.639 3.8334, 0.9929 1.6517 3.923, 0.9818 1.6315 3.9246, 0.9695 1.6442 4.012, 0.9546 1.6264 4.0117, 0.9346 1.6391 4.0964, 0.9168 1.6245 4.0935, 0.8898 1.6372 4.1746, 0.8701 1.6264 4.1688, 0.8365 1.639 4.2455, 0.8162 1.6324 4.2367, 0.7764 1.6451 4.3087, 0.7564 1.6429 4.2972, 0.7114 1.6556 4.3636, 0.6929 1.6579 4.3498, 0.8162 1.7954 4.4166, 0.8613 1.8047 4.3347, 0.8125 1.8173 4.4104, 0.8533 1.8249 4.3269, 0.8052 1.8376 4.4019, 0.8419 1.8427 4.3174, 0.7947 1.8554 4.3914, 0.8275 1.8573 4.3067, 0.7813 1.87 4.3794, 0.8106 1.8681 4.295, 0.7656 1.8808 4.3663, 0.792 1.8748 4.283, 0.7481 1.8875 4.3526, 0.7724 1.8771 4.271, 0.7296 1.8898 4.3389, 0.7524 1.8749 4.2595, 0.7108 1.8876 4.3257, 0.7329 1.8683 4.2489, 0.6923 1.881 4.3134, 0.6749 1.8702 4.3026, 0.6592 1.8556 4.2937, 0.6027 1.8505 4.343, 0.646 1.8379 4.2869, 0.6355 1.8177 4.2827, 0.6736 1.805 4.2234, 0.6663 1.783 4.2224, 0.6988 1.7703 4.1607, 0.6954 1.7475 4.1624, 0.7222 1.7348 4.0986, 0.7232 1.712 4.1022, 0.7445 1.6993 4.0362, 0.7502 1.6774 4.0408, 0.7659 1.6647 3.9727, 0.7762 1.6444 3.9773, 0.7862 1.6318 3.9073, 0.8006 1.614 3.9109, 0.7372 1.65 4.1964, 0.6598 1.6754 4.3231, 0.6464 1.69 4.3111, 0.6755 1.6646 4.3362, 0.7368 1.6452 4.2851, 0.7952 1.6302 4.227, 0.8491 1.6198 4.1619, 0.8967 1.6138 4.0895, 0.9366 1.6119 4.0104, 0.9669 1.6138 3.9256, 0.9863 1.6188 3.8361, 0.9933 1.6263 3.7439, 0.9888 1.6365 3.6583, 0.9726 1.6477 3.5739, 0.9425 1.6578 3.4859, 0.9006 1.667 3.4032, 0.5751 1.6897 4.4489, 0.5311 1.6955 4.5159, 0.5898 1.683 4.4654, 0.6056 1.6807 4.4822, 0.6612 1.6681 4.4252, 0.6788 1.6704 4.44, 0.7303 1.6578 4.3768, 0.7488 1.6644 4.3891, 0.7959 1.6517 4.3192, 0.8142 1.6625 4.3284, 0.8556 1.6498 4.253, 0.8726 1.6644 4.259, 0.9072 1.6517 4.1791, 0.9218 1.6695 4.182, 0.9494 1.6568 4.0981, 0.9607 1.677 4.0984, 0.9807 1.6644 4.0113, 0.9878 1.6864 4.0097, 0.9999 1.6737 3.9207, 1.0025 1.6965 3.9179, 1.0063 1.6838 3.8275, 1.004 1.7067 3.8246, 0.9993 1.6939 3.7345, 0.9924 1.7159 3.7323, 0.9808 1.7042 3.6507, 0.6951 1.7748 4.557, 0.7606 1.7851 4.491, 0.6988 1.7976 4.5566, 0.7609 1.8079 4.4873, 0.6994 1.8205 4.5529, 0.7577 1.8299 4.4807, 0.6968 1.8425 4.5461, 0.7512 1.8502 4.4716, 0.6912 1.8627 4.5364, 0.7416 1.8679 4.4603, 0.6827 1.8805 4.5243, 0.7294 1.8825 4.4471, 0.6716 1.8951 4.5101, 0.7149 1.8934 4.4327, 0.6585 1.9059 4.4944, 0.6987 1.9001 4.4175, 0.6437 1.9126 4.4779, 0.6815 1.9024 4.4022, 0.6279 1.9149 4.4611, 0.6117 1.9127 4.4448, 0.5956 1.9061 4.4294, 0.5804 1.8953 4.4157, 0.5666 1.8807 4.4042, 0.5023 1.8756 4.4429, 0.5547 1.863 4.3952, 0.5452 1.8428 4.3892, 0.5927 1.8302 4.3379, 0.5858 1.8083 4.3356, 0.6284 1.7957 4.2811, 0.6248 1.7729 4.2821, 0.6628 1.7602 4.2238, 0.6632 1.7373 4.2275, 0.6962 1.7246 4.166, 0.7009 1.7026 4.1715, 0.7285 1.69 4.1072, 0.7378 1.6697 4.1135, 0.76 1.6571 4.0462, 0.7735 1.6393 4.0523, 0.5341 1.7751 4.3904, 0.585 1.7406 4.3466, 0.5367 1.7532 4.3972, 0.5915 1.7203 4.3558, 0.5423 1.7329 4.4069, 0.5509 1.7151 4.419, 0.6358 1.7078 4.3006, 0.5619 1.7005 4.4332, 0.4005 1.7207 4.6008, 0.468 1.7081 4.5611, 0.4806 1.7058 4.5804, 0.5453 1.6932 4.534, 0.56 1.6955 4.5518, 0.6219 1.6829 4.4985, 0.6379 1.6896 4.5139, 0.6961 1.677 4.4539, 0.7125 1.6878 4.4662, 0.7662 1.6752 4.3999, 0.7818 1.6898 4.4088, 0.8306 1.6771 4.3359, 0.8444 1.6948 4.3414, 0.8868 1.6821 4.2633, 0.8979 1.7023 4.2656, 0.933 1.6897 4.1834, 0.9403 1.7116 4.183, 0.9679 1.699 4.0974, 0.9709 1.7218 4.0951, 0.9906 1.7092 4.0072, 0.989 1.732 4.0038, 1.0005 1.7194 3.9148, 0.9941 1.7414 3.9113, 0.9973 1.7286 3.8217, 0.9864 1.7489 3.8191, 0.9665 1.7539 3.7296, 0.9187 1.7451 3.5749, 0.8724 1.7432 3.4993, 0.8188 1.7372 3.4313, 0.541 1.7577 4.6582, 0.6213 1.7654 4.613, 0.5493 1.7779 4.6658, 0.6278 1.7873 4.6165, 0.5554 1.7999 4.6698, 0.6316 1.8102 4.6164, 0.5592 1.8227 4.6701, 0.6325 1.833 4.6128, 0.5604 1.8456 4.6666, 0.6305 1.855 4.6058, 0.5591 1.8676 4.6594, 0.6257 1.8753 4.5956, 0.5552 1.8878 4.6489, 0.6183 1.893 4.5828, 0.549 1.9056 4.6354, 0.6086 1.9076 4.5677, 0.5406 1.9202 4.6195, 0.5969 1.9185 4.5509, 0.5304 1.931 4.6018, 0.5836 1.9252 4.5332, 0.5188 1.9377 4.5829, 0.5694 1.9275 4.5151, 0.5062 1.94 4.5636, 0.5546 1.9253 4.4973, 0.4931 1.9378 4.5447, 0.48 1.9312 4.5267, 0.4675 1.9204 4.5106, -0.1581 1.5508 2.9904, -0.0853 1.5658 2.9555, -0.007 1.5763 2.9271, 0.0768 1.5824 2.907, 0.1645 1.5845 2.8968, 0.2543 1.5827 2.8978, 0.3446 1.5778 2.9108, 0.4323 1.5703 2.9356, 0.5163 1.561 2.9727, 0.5951 1.551 3.0219, 0.6661 1.541 3.0819, 0.7021 1.5265 3.1248, 0.7556 1.519 3.1987, 0.7983 1.5139 3.2784, 0.8302 1.5121 3.3625, 0.8509 1.5141 3.4485, 0.8612 1.5202 3.5344, 0.8621 1.5307 3.6187, 0.8625 1.5564 3.7651, 0.8428 1.5759 3.8419, 0.8182 1.5994 3.9144, 0.4559 1.9058 4.4967, 0.385 1.9007 4.5238, 0.4458 1.8881 4.4858, 0.4375 1.8679 4.4782, 0.4934 1.8553 4.4361, 0.4869 1.8334 4.4326, 0.5384 1.8208 4.3863, 0.5347 1.798 4.3867, 0.5821 1.7854 4.3364, 0.5818 1.7626 4.3401, 0.6248 1.75 4.2859, 0.6286 1.728 4.2921, 0.6675 1.7153 4.2334, 0.6755 1.6951 4.2412, 0.7096 1.6824 4.1786, 0.7219 1.6646 4.187, 0.4313 1.8459 4.4742, 0.4831 1.8105 4.4327, 0.4275 1.8231 4.474, 0.4822 1.7877 4.4363, 0.4263 1.8002 4.4775, 0.4842 1.7657 4.4433, 0.4277 1.7782 4.4846, 0.4889 1.7454 4.4534, 0.4315 1.758 4.4951, 0.4378 1.7402 4.5086, 0.4461 1.7256 4.5245, 0.4563 1.7148 4.5423, 0.2636 1.7436 4.6833, 0.3386 1.7311 4.6556, 0.3481 1.7333 4.6765, 0.4226 1.7206 4.6412, 0.4341 1.7273 4.6602, 0.5067 1.7146 4.6173, 0.5193 1.7254 4.6335, 0.5886 1.7129 4.5835, 0.6013 1.7274 4.5962, 0.6669 1.7149 4.5391, 0.6788 1.7326 4.5481, 0.7399 1.72 4.4843, 0.7499 1.7403 4.4895, 0.8055 1.7277 4.4198, 0.8127 1.7497 4.4214, 0.8625 1.737 4.3457, 0.866 1.7598 4.3443, 0.9086 1.7471 4.2642, 0.9078 1.77 4.2606, 0.9425 1.7573 4.1774, 0.9372 1.7793 4.1724, 0.9639 1.7667 4.0871, 0.9541 1.7869 4.0817, 0.9727 1.7743 3.9953, 0.9586 1.7921 3.9904, 0.9691 1.7794 3.9041, 0.9514 1.794 3.9006, 0.9539 1.7813 3.8149, 0.9335 1.7921 3.8135, 0.9281 1.7794 3.7298, 0.9059 1.7861 3.731, 0.877 1.7627 3.5835, 0.8547 1.7649 3.589, 0.8295 1.7522 3.5136, 0.808 1.75 3.5217, 0.7771 1.7373 3.4507, 0.3673 1.7507 4.7146, 0.4554 1.7526 4.6922, 0.3762 1.7652 4.7303, 0.4645 1.7703 4.704, 0.3842 1.783 4.7428, 0.4721 1.7906 4.7123, 0.391 1.8032 4.7518, 0.4779 1.8125 4.7169, 0.3964 1.8252 4.7568, 0.4816 1.8354 4.7175, 0.4 1.848 4.7577, 0.4832 1.8582 4.7141, 0.4019 1.8708 4.7545, 0.4825 1.8802 4.7068, 0.4018 1.8928 4.7472, 0.4795 1.9005 4.696, 0.3999 1.9131 4.7362, 0.4745 1.9182 4.682, 0.3961 1.9309 4.7218, 0.4676 1.9328 4.6654, 0.3907 1.9455 4.7047, 0.459 1.9437 4.6469, 0.3838 1.9563 4.6854, 0.4491 1.9504 4.627, 0.3757 1.963 4.6648, 0.4383 1.9526 4.6067, 0.3668 1.9653 4.6436, 0.427 1.9504 4.5866, 0.3572 1.9631 4.6226, 0.3476 1.9564 4.6026, 0.3381 1.9456 4.5845, -0.6766 1.2239 3.448, -0.6302 1.2544 3.3976, -0.5835 1.2875 3.3504, -0.5676 1.3133 3.3411, -0.5229 1.3491 3.2942, -0.4772 1.3849 3.248, -0.4306 1.4196 3.2025, -0.3815 1.4527 3.157, -0.3286 1.4833 3.1116, -0.2712 1.5107 3.0674, -0.1532 1.5442 3.012, 0.7903 1.6247 4.0589, 0.3291 1.9311 4.5688, 0.3775 1.8805 4.5155, 0.3717 1.8586 4.511, 0.3089 1.8712 4.5423, 0.368 1.8357 4.5104, 0.3053 1.8483 4.5414, 0.3664 1.8129 4.5138, 0.3034 1.8255 4.5446, 0.3671 1.7909 4.521, 0.3035 1.8035 4.5519, 0.37 1.7706 4.5318, 0.3054 1.7833 4.5629, 0.3092 1.7655 4.5773, 0.3146 1.7509 4.5944, 0.3296 1.7333 4.6343, 0.4113 1.7184 4.6211, 0.4936 1.708 4.5994, 0.5746 1.7021 4.5685, 0.6531 1.7003 4.5276, 0.7273 1.7023 4.4765, 0.7951 1.7075 4.4155, 0.8552 1.715 4.3447, 0.9052 1.7243 4.2659, 0.9435 1.7345 4.181, 0.9696 1.7447 4.0917, 0.9829 1.754 3.9998, 0.9835 1.7616 3.9077, 0.9718 1.7667 3.8168, 0.9485 1.7685 3.7294, 0.8986 1.756 3.5787, 0.8513 1.7499 3.506, 0.7978 1.7395 3.4407, 0.2712 1.7458 4.705, 0.3578 1.7399 4.6965, 0.4451 1.7381 4.6774, 0.5309 1.74 4.6473, 0.6124 1.7451 4.6062, 0.6883 1.7528 4.5541, 0.7569 1.7622 4.4918, 0.8163 1.7725 4.4203, 0.8656 1.7827 4.3406, 0.903 1.792 4.2551, 0.9279 1.7996 4.1661, 0.9406 1.8047 4.0756, 0.9414 1.8066 3.9854, 0.9313 1.8048 3.8974, 0.9113 1.7988 3.8126, 0.883 1.7884 3.7328, 0.8324 1.7627 3.5952, 0.192 1.7584 4.7266, 0.2791 1.7524 4.7257, 0.198 1.765 4.748, 0.2869 1.7632 4.7447, 0.2042 1.7758 4.7675, 0.2944 1.7778 4.761, 0.2102 1.7903 4.7845, 0.3013 1.7955 4.7742, 0.2159 1.808 4.7983, 0.3073 1.8157 4.7838, 0.221 1.8283 4.8083, 0.3122 1.8377 4.7893, 0.2254 1.8502 4.8142, 0.3158 1.8605 4.7905, 0.2289 1.8731 4.8157, 0.3179 1.8834 4.7874, 0.2312 1.8959 4.8129, 0.3185 1.9054 4.7802, 0.2325 1.9179 4.8057, 0.3175 1.9256 4.769, 0.2325 1.9382 4.7945, 0.315 1.9434 4.7544, 0.2313 1.9559 4.7797, 0.3112 1.958 4.7368, 0.229 1.9705 4.7619, 0.306 1.9688 4.717, 0.2256 1.9814 4.7417, 0.2998 1.9755 4.6958, 0.2213 1.9881 4.72, 0.2927 1.9778 4.6738, 0.2162 1.9904 4.6975, 0.2105 1.9881 4.6751, 0.2045 1.9815 4.6538, 0.1984 1.9707 4.6343, 0.1712 1.7906 4.6221, 0.1701 1.8083 4.6073, 0.2388 1.7958 4.5881, 0.1701 1.8286 4.5961, 0.2378 1.8161 4.5769, 0.1713 1.8506 4.5889, 0.2384 1.838 4.5697, 0.1737 1.8734 4.5861, 0.2405 1.8609 4.5666, 0.1772 1.8963 4.5876, 0.2441 1.8837 4.5678, 0.249 1.9057 4.5733, 0.1735 1.776 4.6399, 0.1094 1.7684 4.7182, 0.1131 1.7706 4.741, 0.1172 1.7772 4.7627, 0.1217 1.788 4.7827, 0.1262 1.8026 4.8002, 0.1307 1.8203 4.8144, 0.1349 1.8405 4.8248, 0.1388 1.8625 4.8311, 0.1421 1.8853 4.8329, 0.1447 1.9082 4.8302, 0.1466 1.9302 4.8232, 0.1476 1.9504 4.812, 0.1477 1.9682 4.7972, 0.1469 1.9828 4.7792, 0.1453 1.9936 4.7589, 0.1428 2.0003 4.7368, 0.1397 2.0026 4.714, 0.136 2.0004 4.6913, 0.1318 1.9938 4.6695, 0.1274 1.983 4.6495, 0.1141 1.9305 4.6074, 0.1103 1.9085 4.6011, 0.107 1.8857 4.5993, 0.1044 1.8628 4.602, 0.1025 1.8408 4.609, 0.1015 1.8206 4.6202, 0.1014 1.8028 4.635, 0.1022 1.7882 4.653, 0.3215 1.74 4.6137, 0.1769 1.7651 4.6601, 0.1038 1.7774 4.6734, -0.0232 1.9936 4.6431, 0.1228 1.9684 4.632, 0.0469 1.9633 4.6263, 0.0436 1.9431 4.6155, 0.0403 1.9211 4.6089, -0.0301 1.9337 4.6104, 0.0372 1.8983 4.6068, -0.033 1.9109 4.6081, 0.0344 1.8754 4.6092, -0.0361 1.888 4.6102, 0.0319 1.8534 4.6161, -0.0392 1.8661 4.6168, 0.0299 1.8332 4.6271, -0.0421 1.8458 4.6276, -0.0449 1.828 4.6422, 0.0275 1.79 4.6803, 0.0279 1.7833 4.7025, 0.029 1.781 4.7255, 0.0307 1.7832 4.7485, 0.0329 1.7898 4.7705, 0.0355 1.8006 4.7908, 0.0385 1.8152 4.8086, 0.0417 1.8329 4.8232, 0.045 1.8531 4.8339, 0.0483 1.8751 4.8405, 0.0514 1.8979 4.8426, 0.0543 1.9208 4.8402, 0.0567 1.9428 4.8334, 0.0587 1.963 4.8223, 0.0601 1.9808 4.8076, 0.061 1.9954 4.7896, 0.0612 2.0062 4.7691, 0.0607 2.0129 4.747, 0.0596 2.0152 4.724, 0.0579 2.013 4.701, 0.0557 2.0064 4.6789, -0.0218 2.0082 4.661, -0.1891 1.853 4.6237, -0.1838 1.8708 4.6098, -0.1133 1.8583 4.6218, -0.179 1.891 4.5997, -0.1094 1.8785 4.6113, -0.1748 1.913 4.5937, -0.1058 1.9005 4.605, -0.1715 1.9359 4.5921, -0.1026 1.9234 4.6031, -0.169 1.9587 4.595, -0.0999 1.9462 4.6058, -0.1676 1.9807 4.6022, -0.0978 1.9682 4.6128, -0.1672 2.0009 4.6134, -0.0473 1.8134 4.66, -0.1946 1.8384 4.6408, -0.0493 1.8026 4.6804, -0.2001 1.8276 4.6605, -0.0508 1.7959 4.7025, -0.0518 1.7936 4.7255, -0.1315 1.8061 4.7184, -0.0521 1.7958 4.7485, -0.1339 1.8083 4.7414, -0.0519 1.8024 4.7707, -0.1357 1.8149 4.7635, -0.0511 1.8132 4.7912, -0.1366 1.8257 4.7839, -0.0497 1.8278 4.8091, -0.1368 1.8403 4.8019, -0.0478 1.8455 4.8239, -0.1363 1.858 4.8168, -0.0455 1.8657 4.8349, -0.1349 1.8782 4.828, -0.0428 1.8877 4.8418, -0.1328 1.9002 4.835, -0.0399 1.9105 4.8441, -0.1302 1.923 4.8377, -0.0368 1.9334 4.842, -0.1269 1.9459 4.8358, -0.0338 1.9554 4.8354, -0.1233 1.9679 4.8295, -0.0308 1.9756 4.8246, -0.1194 1.9881 4.819, -0.0281 1.9934 4.81, -0.1154 2.0059 4.8047, -0.0256 2.008 4.7922, -0.1114 2.0205 4.7872, -0.0236 2.0188 4.7718, -0.1076 2.0313 4.7671, -0.0221 2.0255 4.7497, -0.1041 2.038 4.7452, -0.0212 2.0278 4.7267, -0.1012 2.0403 4.7224, -0.0208 2.0256 4.7037, -0.1762 2.0506 4.6884, -0.021 2.019 4.6815, -0.1725 2.044 4.6665, -0.1806 2.0528 4.711, -0.1856 2.0505 4.7335, -0.1909 2.0438 4.755, -0.1965 2.033 4.7747, -0.202 2.0184 4.7918, -0.2072 2.0006 4.8057, -0.2121 1.9803 4.8158, -0.2162 1.9584 4.8218, -0.2196 1.9355 4.8234, -0.2221 1.9127 4.8205, -0.2235 1.8907 4.8133, -0.2239 1.8705 4.802, -0.2231 1.8528 4.7872, -0.2213 1.8382 4.7692, -0.2186 1.8274 4.7489, -0.2149 1.8208 4.7271, -0.2105 1.8186 4.7044, -0.2055 1.8209 4.682, -0.3047 2.0258 4.5739, -0.3081 2.0436 4.5885, -0.2368 2.0134 4.5967, -0.1679 2.0186 4.6283, -0.3281 1.8779 4.5802, -0.3205 1.8957 4.5674, -0.253 1.8832 4.5916, -0.314 1.916 4.5583, -0.2474 1.9035 4.582, -0.3088 1.938 4.5532, -0.2427 1.9255 4.5764, -0.3052 1.9608 4.5522, -0.2392 1.9483 4.5751, -0.3033 1.9837 4.5555, -0.237 1.9712 4.5782, -0.3031 2.0056 4.5628, -0.2362 1.9931 4.5855, -0.281 1.8333 4.6616, -0.2879 1.831 4.6836, -0.2943 1.8333 4.7057, -0.2999 1.8399 4.7272, -0.3044 1.8507 4.7472, -0.3078 1.8652 4.7649, -0.3098 1.883 4.7797, -0.3105 1.9032 4.7909, -0.3097 1.9251 4.7982, -0.3075 1.948 4.8013, -0.304 1.9708 4.8, -0.2993 1.9928 4.7944, -0.2936 2.0131 4.7848, -0.2871 2.0309 4.7714, -0.2801 2.0454 4.7548, -0.2729 2.0563 4.7357, -0.2656 2.063 4.7148, -0.2587 2.0653 4.6928, -0.2523 2.0631 4.6706, -0.3193 2.0689 4.6253, -0.5033 1.8682 4.6097, -0.3791 1.8524 4.6984, -0.514 1.8748 4.6292, -0.3854 1.8632 4.7179, -0.5233 1.8856 4.6474, -0.3903 1.8777 4.7352, -0.5309 1.9001 4.6638, -0.3936 1.8954 4.7497, -0.5364 1.9179 4.6776, -0.3779 2.0256 4.7562, -0.4585 2.0165 4.7328, -0.3844 2.0053 4.7654, -0.464 1.9945 4.7375, -0.3895 1.9833 4.7705, -0.4677 1.9717 4.7382, -0.3931 1.9605 4.7715, -0.4693 1.9488 4.7348, -0.395 1.9376 4.7682, -0.4689 1.9269 4.7275, -0.3952 1.9157 4.7609, -0.5398 1.9381 4.6883, -0.5408 1.96 4.6956, -0.5394 1.9829 4.6991, -0.5357 2.0057 4.6987, -0.5298 2.0277 4.6945, -0.5219 2.048 4.6865, -0.3702 2.0433 4.7435, -0.5124 2.0658 4.6751, -0.3618 2.0579 4.7276, -0.5016 2.0803 4.6608, -0.3529 2.0688 4.7092, -0.4899 2.0912 4.644, -0.3439 2.0755 4.689, -0.4777 2.0979 4.6254, -0.335 2.0777 4.6677, -0.4657 2.1002 4.6058, -0.3267 2.0755 4.6462, -0.4541 2.098 4.5859, -0.4355 1.9181 4.5091, -0.4276 1.9384 4.5011, -0.3719 1.9272 4.532, -0.4217 1.9604 4.4969, -0.3663 1.9492 4.5273, -0.418 1.9832 4.4965, -0.3627 1.972 4.5266, -0.4166 2.0061 4.5, -0.361 1.9949 4.53, -0.4176 2.028 4.5073, -0.3614 2.0168 4.5373, -0.421 2.0483 4.518, -0.4266 2.066 4.5318, -0.445 1.9004 4.5205, -0.3365 1.8634 4.5961, -0.4558 1.8858 4.5349, -0.3454 1.8525 4.6145, -0.4675 1.8749 4.5516, -0.3545 1.8458 4.6347, -0.4797 1.8682 4.5702, -0.546 2.0909 4.448, -0.4813 2.0607 4.4793, -0.5621 1.9252 4.4336, -0.5508 1.943 4.4241, -0.4949 1.9306 4.4691, -0.5581 1.8784 4.5446, -0.5714 1.8806 4.5634, -0.5837 1.8872 4.5818, -0.5945 1.898 4.5992, -0.6035 1.9126 4.6148, -0.6103 1.9303 4.6281, -0.6145 1.9505 4.6385, -0.6162 1.9725 4.6457, -0.6151 1.9953 4.6493, -0.6114 2.0182 4.6492, -0.6051 2.0401 4.6455, -0.5966 2.0604 4.6382, -0.5861 2.0782 4.6277, -0.5741 2.0928 4.6144, -0.5609 2.1036 4.5987, -0.5472 2.1103 4.5813, -0.5335 2.1126 4.5628, -0.5825 2.1228 4.4965, -0.6772 2.1411 4.3708, -0.6406 2.1353 4.4435, -0.5686 2.1162 4.4791, -0.4434 2.0913 4.5664, -0.5381 2.0731 4.4354, -0.591 2.0856 4.3865, -0.6494 2.1158 4.3442, -0.5898 1.8998 4.4603, -0.5753 1.9106 4.4459, -0.6027 1.9555 4.3741, -0.678 1.9033 4.4374, -0.6203 1.8908 4.4937, -0.6352 1.893 4.5113, -0.7655 2.1661 4.2442, -0.742 2.1602 4.3226, -0.6939 2.1477 4.3854, -0.6394 2.098 4.3331, -0.6832 2.1106 4.2753, -0.7335 2.1408 4.2228, -0.7614 2.0054 4.1333, -0.7297 1.9929 4.1987, -0.6925 1.9804 4.261, -0.65 1.9679 4.3197, -0.7778 1.9282 4.3101, -0.7306 1.9157 4.3761, -0.7483 1.9179 4.3908, -0.6944 1.9055 4.4536, -0.7097 1.9121 4.4696, -0.649 1.8997 4.5286, -0.6614 1.9104 4.5449, -0.8304 2.1911 4.1039, -0.8209 2.1852 4.1852, -0.7845 2.1727 4.2557, -0.7217 2.1231 4.2137, -0.7547 2.1356 4.149, -0.7951 2.1658 4.0885, -0.7603 1.9606 4.2107, -0.6049 1.8931 4.4765, -0.8539 1.9532 4.1666, -0.819 1.9407 4.24, -0.839 1.943 4.2514, -0.7967 1.9304 4.3232, -0.8146 1.9371 4.3362, -0.765 1.9246 4.4054, -0.78 1.9354 4.4194, -0.7234 1.9229 4.4848, -0.735 1.9374 4.4986, -0.6717 1.925 4.5597, -0.6796 1.9427 4.5723, -0.8696 2.216 3.9546, -0.8746 2.2102 4.0362, -0.8511 2.1977 4.1118, 0.1923 1.9562 4.6173, -0.1697 2.0332 4.6462, -0.313 2.0581 4.6058, -0.4341 2.0805 4.5482, -0.5563 2.1054 4.4628, -0.6622 2.1303 4.3569, -0.7482 2.1553 4.2331, -0.8115 2.1803 4.096, -0.8496 2.2052 3.9501, -0.882 2.2409 3.8003, -0.7819 2.1481 4.0815, -0.8031 2.1605 4.0121, -0.8322 2.1907 3.9455, -0.8194 1.9856 4.0718, -0.9039 1.9782 4.0121, -0.8823 1.9657 4.0904, -0.9041 1.9679 4.098, -0.8749 1.9555 4.1762, -0.8948 1.9621 4.1859, -0.858 1.9496 4.2628, -0.8752 1.9604 4.2739, -0.8308 1.9479 4.3488, -0.8446 1.9624 4.3604, -0.7928 1.9499 4.4321, -0.8028 1.9676 4.4432, -0.744 1.9552 4.5105, -0.75 1.9754 4.52, -0.6848 1.9629 4.5823, -0.687 1.9849 4.5893, -0.9488 2.0053 3.8529, -0.9411 1.9928 3.9359, -0.9629 1.9995 3.9401, -0.9475 1.987 4.0239, -0.9671 1.9978 4.0301, -0.9437 1.9854 4.1139, -0.96 1.9999 4.1214, -0.9286 1.9874 4.2044, -0.9411 2.0051 4.2124, -0.9018 1.9926 4.2933, -0.9101 2.0129 4.3009, -0.8632 2.0004 4.3788, -0.8672 2.0223 4.3849, -0.8131 2.0098 4.4586, -0.813 2.0327 4.4624, -0.7525 2.0202 4.5305, -0.7488 2.0431 4.5311, -0.6826 2.0306 4.5933, -0.676 2.0526 4.5901, -0.8895 2.2722 3.6437, -0.9042 2.2475 3.8006, -0.9013 2.2351 3.88, -0.8914 2.2226 3.9588, -0.818 2.173 3.941, -0.8266 2.1854 3.8688, -0.8436 2.2156 3.798, -0.8532 2.0105 3.9249, -0.9849 2.0475 3.6844, -0.9918 2.0352 3.7707, -1.0098 2.0497 3.7721, -1.0089 2.0373 3.8609, -1.0235 2.055 3.8641, -1.0146 2.0425 3.9536, -1.025 2.0628 3.9579, -1.0078 2.0503 4.0471, -1.0137 2.0723 4.0515, -0.9882 2.0598 4.1392, -0.9894 2.0827 4.1428, -0.956 2.0702 4.2283, -0.9527 2.093 4.2301, -0.9118 2.0805 4.312, -0.9046 2.1025 4.3113, -0.8567 2.09 4.3886, -0.8462 2.1103 4.3847, -0.7922 2.0978 4.4565, -0.7794 2.1155 4.4491, -0.7202 2.1031 4.5144, -0.706 2.1177 4.5033, -0.6423 2.1052 4.5619, -0.6279 2.116 4.5474, -0.6127 2.1227 4.5312, -0.5974 2.125 4.514, -0.6738 2.1352 4.4754, -0.657 2.1375 4.4597, -0.7297 2.1477 4.4144, -0.7116 2.1499 4.4002, -0.7803 2.1602 4.3483, -0.761 2.1625 4.3357, -0.8248 2.1727 4.2779, -0.8045 2.175 4.267, -0.8631 2.1852 4.2038, -0.8419 2.1875 4.1948, -0.8947 2.1977 4.1266, -0.8728 2.2 4.1195, -0.9194 2.2101 4.0471, -0.897 2.2124 4.042, -0.937 2.2226 3.9657, -0.9142 2.2249 3.9625, -0.9473 2.235 3.8829, -0.9242 2.2373 3.8818, -0.9503 2.2475 3.7995, -0.9272 2.2497 3.8004, -0.9461 2.2598 3.7167, -0.9232 2.2621 3.7196, -0.9347 2.2721 3.6345, -0.9122 2.2744 3.6394, -0.8928 2.2959 3.4805, -0.8288 2.1978 3.796, -0.8248 2.2102 3.7238, -0.8294 2.2402 3.6516, -0.8606 2.0354 3.774, -0.8676 2.2656 3.6472, -0.8288 2.2893 3.5042, -0.8498 2.2959 3.4971, -0.8145 2.2225 3.6522, -0.7987 2.2344 3.5843, -0.7918 2.264 3.5149, -0.842 2.06 3.625, -0.881 2.0245 3.7721, -0.9028 2.0054 3.85, -0.9184 1.9906 3.9322, -0.9262 1.9804 4.0178, -0.9248 1.9746 4.106, -0.9129 1.9729 4.1954, -0.89 1.9749 4.2842, -0.8556 1.9801 4.3705, -0.8096 1.9879 4.4521, -0.7529 1.9974 4.5268, -0.6863 2.0077 4.593, -0.742 2.065 4.5285, -0.8024 2.0775 4.4613, -0.8094 2.0555 4.4633, -0.8639 2.068 4.3899, -0.8674 2.0452 4.3887, -0.9152 2.0577 4.3104, -0.9146 2.0348 4.3067, -0.9551 2.0473 4.2246, -0.95 2.0254 4.2193, -0.9827 2.0379 4.1343, -0.9732 2.0176 4.1283, -0.9978 2.0301 4.0419, -0.984 2.0124 4.0362, -1.0004 2.0248 3.9491, -0.9829 2.0103 3.9446, -0.9912 2.0227 3.8579, -0.9709 2.0119 3.8552, -0.9713 2.0244 3.7698, -0.9492 2.0177 3.7695, -0.9424 2.0301 3.6869, -0.9194 2.0279 3.6892, -0.9058 2.0402 3.6094, -0.8833 2.0425 3.6143, -0.8387 2.0662 3.4691, -0.8184 2.0729 3.4779, -0.6903 2.1285 4.4902, -0.7475 2.141 4.4276, -0.7643 2.1301 4.4394, -0.8169 2.1426 4.3701, -0.8328 2.128 4.3785, -0.8798 2.1405 4.3033, -0.8938 2.1228 4.3084, -0.9344 2.1353 4.2281, -0.9454 2.115 4.2301, -0.9791 2.1275 4.1455, -0.9864 2.1055 4.1449, -1.0123 2.118 4.0573, -1.0152 2.0951 4.0549, -1.0331 2.1076 3.965, -1.0312 2.0847 3.9617, -1.0408 2.0972 3.8707, -1.0342 2.0752 3.8674, -1.0355 2.0877 3.7764, -1.0245 2.0674 3.7741, -1.0178 2.0798 3.6849, -1.003 2.062 3.6843, -0.9886 2.0744 3.5973, -0.9706 2.0598 3.5989, -0.9499 2.0717 3.5182, -0.9299 2.0609 3.5226, -0.9027 2.0728 3.4455, -0.8817 2.0661 3.4526, -0.8473 2.0785 3.3765, -0.8264 2.0763 3.3864, -0.7864 2.0887 3.3153, -0.7668 2.091 3.3274, -0.7826 2.3207 3.353, -0.8194 2.3083 3.4236, -0.7632 2.3141 3.3637, -0.7449 2.3033 3.373, -0.8092 2.2785 3.5102, -0.8473 2.2548 3.6499, -0.8616 2.2301 3.7994, -0.7773 2.2462 3.518, -0.7489 2.2586 3.4508, -0.7286 2.2887 3.3806, -0.7998 2.0838 3.4865, -0.8617 2.0492 3.6195, -0.7574 2.3277 3.1634, -0.7948 2.3262 3.2454, -0.7429 2.3385 3.1778, -0.7774 2.3329 3.2591, -0.7268 2.3452 3.193, -0.7589 2.3352 3.2729, -0.7096 2.3475 3.2084, -0.692 2.3453 3.2232, -0.6747 2.3387 3.2371, -0.6583 2.3279 3.2495, -0.7148 2.271 3.3862, -0.6755 2.2833 3.3252, -0.6436 2.3133 3.2598, -0.7315 2.1085 3.3513, -0.8601 2.0639 3.4606, -0.8059 2.0786 3.3968, -0.7483 2.0977 3.3396, -0.6559 2.1223 3.216, -0.6414 2.1331 3.2304, -0.916 2.191 4.1329, -0.9412 2.2034 4.0515, -0.9613 2.1926 4.0549, -0.9794 2.205 3.9698, -0.9973 2.1904 3.9706, -1.0078 2.2029 3.8825, -1.0226 2.1851 3.8811, -1.0252 2.1976 3.7911, -1.036 2.1773 3.7882, -1.0305 2.1896 3.698, -1.0368 2.1677 3.6944, -1.0231 2.18 3.6044, -1.0247 2.1571 3.601, -1.004 2.169 3.5157, -1.0009 2.1462 3.5135, -0.9728 2.158 3.4305, -0.9655 2.1361 3.4302, -0.9287 2.1484 3.3469, -0.9177 2.1282 3.3494, -0.8741 2.1406 3.2705, -0.8603 2.1229 3.2761, -0.8109 2.1352 3.2028, -0.7953 2.1206 3.2118, -0.7405 2.1329 3.1443, -0.7241 2.1221 3.1567, -0.6642 2.1345 3.0951, -0.6482 2.1279 3.1104, -0.5844 2.1403 3.0557, -0.5696 2.1381 3.0734, -0.6501 2.3201 3.0118, -0.709 2.3255 3.0847, -0.6427 2.3379 3.0247, -0.6979 2.3401 3.0988, -0.6329 2.3525 3.0398, -0.6848 2.3509 3.1145, -0.6212 2.3633 3.0565, -0.67 2.3576 3.1311, -0.6079 2.37 3.0743, -0.6542 2.3599 3.1478, -0.5937 2.3723 3.0924, -0.638 2.3577 3.1642, -0.579 2.3701 3.1101, -0.622 2.3511 3.1796, -0.5643 2.3635 3.1268, -0.5504 2.3527 3.1418, -0.6309 2.2956 3.2677, -0.5811 2.308 3.2138, -0.5376 2.3381 3.1545, -0.5073 2.3022 2.8927, -0.5829 2.312 2.9477, -0.5065 2.3242 2.9, -0.579 2.3323 2.9582, -0.5035 2.3444 2.9108, -0.5727 2.3501 2.9716, -0.4984 2.3622 2.9247, -0.5643 2.3646 2.9875, -0.4914 2.3768 2.9412, -0.554 2.3755 3.0052, -0.4827 2.3877 2.9598, -0.5424 2.3822 3.0241, -0.4727 2.3944 2.9795, -0.5297 2.3845 3.0433, -0.4617 2.3966 2.9998, -0.4503 2.3944 3.0198, -0.4387 2.3878 3.0387, -0.4275 2.377 3.0559, -0.5266 2.3204 3.1645, -0.4691 2.3326 3.1209, -0.4171 2.3625 3.0706, -0.5304 2.1579 3.126, -0.6014 2.1347 3.1601, -0.672 2.1156 3.2008, -0.7406 2.101 3.2483, -0.8063 2.0909 3.3037, -0.8676 2.0852 3.3676, -0.9223 2.0836 3.4395, -0.9676 2.0862 3.515, -1.0035 2.0921 3.5966, -1.029 2.1 3.6863, -1.0424 2.1096 3.7791, -1.0429 2.12 3.8739, -1.0304 2.1304 3.9677, -1.0051 2.14 4.0585, -0.968 2.1478 4.1445, -0.9201 2.153 4.2243, -0.8632 2.1551 4.2964, -0.7991 2.1535 4.3599, -0.3524 2.177 2.9708, -0.4238 2.1647 3.0054, -0.4348 2.1624 2.9852, -0.5173 2.1525 3.0075, -0.599 2.1469 3.039, -0.6794 2.1453 3.0814, -0.7552 2.1475 3.134, -0.8241 2.1529 3.196, -0.8848 2.1608 3.2671, -0.936 2.1704 3.3466, -0.976 2.1809 3.4325, -1.0027 2.1919 3.5192, -1.0172 2.202 3.6085, -1.0199 2.2099 3.7018, -1.0106 2.2153 3.7938, -0.9899 2.2175 3.8833, -0.959 2.2159 3.9681, -0.3352 2.281 2.8151, -0.4239 2.2916 2.848, -0.3388 2.3039 2.8139, -0.4257 2.3145 2.8513, -0.3408 2.3267 2.817, -0.4256 2.3364 2.8586, -0.3414 2.3487 2.8243, -0.4236 2.3567 2.8696, -0.3403 2.369 2.8354, -0.4197 2.3745 2.8839, -0.3377 2.3867 2.85, -0.4141 2.3891 2.901, -0.3336 2.4013 2.8675, -0.4071 2.3999 2.9202, -0.3282 2.4122 2.8873, -0.3988 2.4066 2.9408, -0.3217 2.4189 2.9085, -0.3896 2.4089 2.9619, -0.3144 2.4212 2.9303, -0.3799 2.4067 2.9828, -0.3066 2.4189 2.952, -0.2985 2.4123 2.9727, -0.2904 2.4015 2.9915, -0.408 2.3447 3.0823, -0.3432 2.357 3.0488, -0.2827 2.387 3.0078, -0.4051 2.1822 3.0437, -0.5421 2.1471 3.1093, -0.6162 2.128 3.1436, -0.6892 2.1133 3.1855, -0.7595 2.1032 3.235, -0.8257 2.0975 3.293, -0.8865 2.0959 3.3599, -0.9397 2.0981 3.4348, -0.9824 2.104 3.5132, -1.0147 2.1123 3.597, -1.036 2.122 3.6884, -1.0447 2.1325 3.7821, -1.0405 2.1429 3.8767, -1.0234 2.1524 3.9695, -0.9939 2.1602 4.0585, -0.9533 2.1655 4.142, -0.9029 2.1676 4.2189, -0.8447 2.166 4.2878, -0.4138 2.1714 3.0252, -0.2716 2.1959 2.9636, -0.2663 2.2068 2.9834, -0.8837 2.1785 4.2119, -0.9358 2.1801 4.1381, -0.9791 2.178 4.0573, -1.0122 2.1727 3.9705, -1.0336 2.1648 3.8792, -1.0426 2.1553 3.7851, -1.0387 2.1448 3.6911, -1.0219 2.1343 3.5985, -0.9936 2.1242 3.5126, -0.9543 2.1158 3.4317, -0.9035 2.1105 3.3537, -0.844 2.1083 3.2837, -0.7779 2.1098 3.2227, -0.7068 2.1155 3.1706, -0.6319 2.1257 3.1268, -0.5554 2.1404 3.0915, -0.044 2.2239 2.8743, -0.1253 2.2117 2.8826, -0.1293 2.2139 2.8599, -0.2122 2.2015 2.8758, -0.2185 2.2081 2.8545, -0.3014 2.1958 2.8783, -0.3094 2.2066 2.8594, -0.3908 2.1943 2.8908, -0.3998 2.2088 2.8753, -0.4794 2.1966 2.9144, -0.4886 2.2143 2.9026, -0.5648 2.2022 2.9488, -0.5731 2.2224 2.9412, -0.6457 2.2102 2.9944, -0.6521 2.2322 2.991, -0.7214 2.2198 3.0519, -0.7251 2.2426 3.0523, -0.7885 2.2302 3.1194, -0.7888 2.2531 3.1231, -0.8453 2.2408 3.1949, -0.8415 2.2628 3.2011, -0.891 2.2505 3.277, -0.883 2.2707 3.2849, -0.9254 2.2583 3.3646, -0.9132 2.2761 3.3731, -0.9477 2.2637 3.4549, -0.9317 2.2783 3.4631, -0.9573 2.2665 3.5426, -0.9381 2.2773 3.5497, -0.9562 2.2654 3.6293, -0.2422 2.2714 2.7945, -0.2466 2.2934 2.7887, -0.2501 2.3162 2.7872, -0.2524 2.3391 2.7901, -0.2536 2.3611 2.7973, -0.2535 2.3813 2.8085, -0.2521 2.3991 2.8233, -0.2496 2.4137 2.8411, -0.246 2.4245 2.8612, -0.2414 2.4312 2.8829, -0.236 2.4335 2.9053, -0.2301 2.4313 2.9275, -0.2238 2.4247 2.9488, -0.1426 2.4262 2.9516, -0.2757 2.3693 3.0209, -0.2053 2.3816 2.9989, -0.1378 2.4117 2.9689, 0.036 2.2558 2.8072, -0.0547 2.2581 2.7913, 0.0343 2.2703 2.7893, -0.0581 2.2758 2.7768, 0.0321 2.288 2.7746, -0.0616 2.296 2.7661, 0.0296 2.3083 2.7636, -0.0649 2.318 2.7595, 0.0268 2.3302 2.7568, -0.0681 2.3408 2.7575, 0.0239 2.3531 2.7545, -0.0709 2.3637 2.7599, 0.0209 2.3759 2.7566, -0.0733 2.3857 2.7668, 0.0179 2.3979 2.7633, -0.0751 2.4059 2.7778, 0.0151 2.4182 2.7742, -0.0763 2.4237 2.7926, 0.0126 2.4359 2.7888, -0.0769 2.4383 2.8106, 0.0105 2.4505 2.8066, -0.0768 2.4491 2.8311, 0.0088 2.4614 2.827, -0.076 2.4558 2.8532, 0.0077 2.4681 2.8491, -0.0746 2.4581 2.8762, 0.0071 2.4704 2.8722, 0.0071 2.4682 2.8952, -0.1477 2.2636 2.7867, -0.1521 2.2838 2.7763, -0.156 2.3058 2.7701, -0.1593 2.3286 2.7683, -0.1619 2.3514 2.771, -0.1637 2.3734 2.7781, -0.1646 2.3937 2.7892, -0.1645 2.4115 2.8041, -0.1635 2.4261 2.822, -0.1617 2.4369 2.8424, -0.159 2.4436 2.8644, -0.1556 2.4459 2.8872, -0.1516 2.4437 2.9099, -0.1472 2.437 2.9316, 0.0077 2.4615 2.9174, -0.1332 2.394 2.9831, -0.0606 2.4062 2.9737, 0.0105 2.4362 2.9558, -0.1174 2.2315 2.9478, -0.1963 2.2083 2.9422, -0.2781 2.1892 2.9424, -0.3615 2.1747 2.9497, -0.4463 2.1646 2.9652, -0.5304 2.1591 2.9896, -0.6129 2.1577 3.024, -0.6932 2.1599 3.0698, -0.7679 2.1652 3.1261, -0.8345 2.1731 3.1917, -0.8921 2.1828 3.2661, -0.9394 2.1932 3.3482, -0.975 2.2037 3.436, -0.997 2.2138 3.5239, -1.007 2.2222 3.6133, -1.0056 2.2277 3.7058, -0.9927 2.2299 3.7961, -0.9694 2.2283 3.8834, -0.1219 2.2139 2.9054, 0.0371 2.2384 2.8959, 0.036 2.2451 2.9181, -0.968 2.2531 3.7134, -0.976 2.2546 3.6239, -0.9739 2.2519 3.5358, -0.9606 2.246 3.4475, -0.934 2.2381 3.3574, -0.8952 2.2285 3.2711, -0.8453 2.2179 3.1911, -0.7848 2.2074 3.1187, -0.7146 2.1978 3.0548, -0.6367 2.19 3.0013, -0.5546 2.1844 2.9597, -0.469 2.1821 2.9291, -0.3811 2.1835 2.9089, -0.2933 2.1891 2.8989, -0.2062 2.1993 2.8981, 0.1226 2.2572 2.8334, 0.1232 2.268 2.813, 0.1231 2.2826 2.7949, 0.1222 2.3003 2.7801, 0.1206 2.3205 2.7689, 0.1184 2.3425 2.7619, 0.1157 2.3653 2.7593, 0.1125 2.3882 2.7613, 0.109 2.4101 2.7676, 0.1053 2.4304 2.7782, 0.1015 2.4482 2.7926, 0.0979 2.4628 2.8102, 0.0944 2.4736 2.8303, 0.0914 2.4803 2.8523, 0.0888 2.4826 2.8752, 0.0869 2.4804 2.8981, 0.1629 2.486 2.9299, 0.0127 2.4185 2.9705, 0.0859 2.4307 2.9736, 0.1591 2.4606 2.9682, 0.1587 2.4429 2.9831, 0.2818 2.4813 2.9988, 0.0343 2.256 2.9384, -0.1192 2.2206 2.9274, -0.2009 2.2016 2.9205, -0.2854 2.1869 2.9206, -0.3712 2.1769 2.9288, -0.4578 2.1713 2.9463, -0.543 2.1699 2.9735, -0.6257 2.1723 3.0113, -0.7051 2.1776 3.0608, -0.7779 2.1854 3.1209, -0.8417 2.1951 3.1901, -0.8956 2.2056 3.2674, -0.9387 2.2161 3.3519, -0.9698 2.2257 3.4411, -0.9873 2.2341 3.5294, -0.9931 2.24 3.6184, -0.9881 2.2423 3.7097, -0.9724 2.2408 3.7981, 0.2041 2.2628 2.8685, 0.2073 2.2694 2.8466, 0.3472 2.2901 2.8855, 0.2097 2.2802 2.8262, 0.3525 2.3009 2.8657, 0.2111 2.2948 2.8083, 0.3565 2.3155 2.8482, 0.2115 2.3125 2.7934, 0.3591 2.3332 2.8335, 0.2109 2.3327 2.7821, 0.3602 2.3534 2.8223, 0.2094 2.3547 2.775, 0.3597 2.3754 2.815, 0.2069 2.3775 2.7722, 0.3576 2.3982 2.8118, 0.2035 2.4004 2.7738, 0.354 2.4211 2.813, 0.1995 2.4224 2.7798, 0.3491 2.4431 2.8183, 0.1948 2.4426 2.7901, 0.3431 2.4633 2.8278, 0.1899 2.4604 2.804, 0.3361 2.4811 2.8409, 0.1847 2.475 2.8213, 0.3285 2.4957 2.8572, 0.1796 2.4858 2.8411, 0.3206 2.5065 2.876, 0.1746 2.4925 2.8627, 0.3125 2.5132 2.8967, 0.1701 2.4948 2.8853, 0.3048 2.5155 2.9184, 0.1661 2.4926 2.908, 0.2975 2.5133 2.9402, -0.4864 1.9508 4.4619, -0.5416 1.9633 4.4176, -0.593 1.9757 4.3685, -0.6399 1.9882 4.315, -0.682 2.0007 4.2572, -0.7189 2.0132 4.1958, -0.7503 2.0257 4.1314, -0.776 2.0382 4.0644, -0.7957 2.0506 3.9956, -0.8092 2.0631 3.9252, -0.8164 2.0755 3.8538, -0.8174 2.088 3.782, -0.8122 2.1003 3.7108, -0.8008 2.1127 3.6403, -0.7841 2.1245 3.5736, -0.7618 2.1364 3.5085, -0.7327 2.1488 3.4427, -0.6979 2.1611 3.3796, -0.6581 2.1734 3.3201, -0.6132 2.1857 3.2641, -0.5631 2.1981 3.2118, -0.5084 2.2105 3.1641, -0.451 2.2227 3.1221, -0.39 2.2349 3.085, -0.3255 2.2471 3.053, -0.2585 2.2594 3.0266, -0.1887 2.2718 3.0061, -0.1172 2.2841 2.9917, -0.0454 2.2964 2.9837, 0.0269 2.3086 2.9818, 0.0991 2.3208 2.9861, 0.1708 2.3331 2.9966, 0.2892 2.3537 3.0286, 0.3566 2.3659 3.0555, 0.4185 2.2957 2.9385, 0.4267 2.3023 2.9179, 0.4337 2.3131 2.8987, 0.4392 2.3277 2.8815, 0.4431 2.3454 2.8671, 0.4451 2.3656 2.8561, 0.4452 2.3876 2.8487, 0.4434 2.4104 2.8454, 0.4397 2.4333 2.8462, 0.4344 2.4553 2.8512, 0.4276 2.4755 2.8601, 0.4195 2.4933 2.8725, 0.4105 2.5079 2.8881, 0.401 2.5187 2.9062, 0.3912 2.5254 2.9261, 0.3816 2.5277 2.947, 0.4449 2.5377 3.0025, 0.2792 2.4636 3.0135, 0.348 2.4758 3.0396, 0.4194 2.5057 3.0575, -0.4764 1.9957 4.4581, -0.4802 1.9728 4.4582, -0.5314 2.0081 4.4147, -0.5351 1.9852 4.4144, -0.5825 2.0206 4.3665, -0.5862 1.9977 4.3659, -0.6292 2.033 4.3139, -0.6328 2.0102 4.313, -0.6713 2.0455 4.2571, -0.6748 2.0227 4.2558, -0.7083 2.058 4.1966, -0.7117 2.0352 4.1951, -0.7398 2.0705 4.1331, -0.743 2.0477 4.1313, -0.7657 2.083 4.0671, -0.7688 2.0602 4.065, -0.7857 2.0955 3.9991, -0.7885 2.0726 3.9968, -0.7995 2.1079 3.9296, -0.8022 2.0851 3.927, -0.8072 2.1204 3.8591, -0.8096 2.0975 3.8562, -0.8086 2.1328 3.788, -0.8108 2.11 3.785, -0.804 2.1451 3.7176, -0.8059 2.1223 3.7144, -0.7932 2.1575 3.6478, -0.7948 2.1346 3.6444, -0.7772 2.1693 3.5818, -0.7785 2.1465 3.5783, -0.7555 2.1812 3.5172, -0.7565 2.1584 3.5136, -0.7272 2.1936 3.4519, -0.7279 2.1707 3.4483, -0.6933 2.206 3.3892, -0.6937 2.1831 3.3855, -0.6543 2.2183 3.3301, -0.6543 2.1954 3.3263, -0.6103 2.2306 3.2744, -0.61 2.2077 3.2707, -0.5611 2.243 3.2223, -0.5605 2.2201 3.2186, -0.5074 2.2554 3.1747, -0.5065 2.2325 3.1711, -0.4508 2.2675 3.1327, -0.4496 2.2447 3.1292, -0.3908 2.2797 3.0956, -0.3893 2.2568 3.0922, -0.3272 2.292 3.0635, -0.3254 2.2691 3.0603, -0.2611 2.3042 3.037, -0.259 2.2814 3.0339, -0.1922 2.3166 3.0162, -0.1898 2.2937 3.0133, -0.1216 2.3289 3.0015, -0.119 2.3061 2.9988, -0.0506 2.3412 2.993, -0.0478 2.3183 2.9905, 0.0209 2.3534 2.9906, 0.024 2.3306 2.9884, 0.0924 2.3657 2.9944, 0.0956 2.3428 2.9925, 0.1634 2.3779 3.0043, 0.1667 2.355 3.0027, 0.2808 2.3986 3.0352, 0.2843 2.3757 3.034, 0.3476 2.4108 3.0613, 0.3513 2.3879 3.0605, 0.4121 2.423 3.0931, 0.4158 2.4001 3.0926, 0.4737 2.4352 3.1303, 0.5645 2.3201 3.0215, 0.5032 2.3145 2.9571, 0.5761 2.3267 3.0026, 0.5118 2.3253 2.9385, 0.5863 2.3375 2.9848, 0.5188 2.3399 2.9219, 0.5947 2.3521 2.9689, 0.5239 2.3576 2.9079, 0.601 2.3698 2.9554, 0.5268 2.3778 2.897, 0.6048 2.39 2.9448, 0.5276 2.3998 2.8897, 0.6062 2.412 2.9376, 0.5261 2.4226 2.8862, 0.605 2.4348 2.934, 0.5224 2.4455 2.8868, 0.6013 2.4577 2.9342, 0.5166 2.4675 2.8912, 0.5952 2.4797 2.9382, 0.5091 2.4877 2.8995, 0.5869 2.4999 2.9457, 0.5 2.5055 2.9112, 0.5768 2.5177 2.9566, 0.4897 2.5201 2.9259, 0.5653 2.5323 2.9704, 0.4786 2.5309 2.9431, 0.5528 2.5431 2.9866, 0.4671 2.5376 2.9621, 0.5398 2.5498 3.0045, 0.4558 2.5399 2.9821, 0.5267 2.5521 3.0235, 0.5141 2.5499 3.0428, 0.2912 2.5067 2.9615, 0.435 2.5311 3.0223, 0.5665 2.5555 3.1069, 0.4143 2.488 3.0715, 0.4777 2.5002 3.109, 0.5451 2.5301 3.1389, -0.477 2.0405 4.4689, -0.4754 2.0185 4.4617, -0.5329 2.0529 4.4254, -0.5306 2.0309 4.4184, -0.5849 2.0654 4.377, -0.5821 2.0434 4.3703, -0.6326 2.0778 4.3242, -0.6291 2.0559 4.3177, -0.6756 2.0903 4.267, -0.6716 2.0684 4.2608, -0.7134 2.1028 4.2061, -0.7088 2.0809 4.2003, -0.7457 2.1153 4.1422, -0.7407 2.0934 4.1368, -0.7724 2.1278 4.0755, -0.7669 2.1059 4.0706, -0.7931 2.1403 4.007, -0.7872 2.1183 4.0026, -0.8076 2.1527 3.9368, -0.8013 2.1308 3.9329, -0.8158 2.1652 3.8655, -0.8093 2.1432 3.8622, -0.8178 2.1776 3.7937, -0.811 2.1557 3.791, -0.8136 2.19 3.7224, -0.8066 2.168 3.7203, -0.8033 2.2023 3.6518, -0.7961 2.1803 3.6503, -0.7875 2.2142 3.5849, -0.7802 2.1922 3.584, -0.7661 2.226 3.5194, -0.7588 2.2041 3.5192, -0.7379 2.2384 3.4532, -0.7306 2.2164 3.4536, -0.7041 2.2508 3.3896, -0.6968 2.2288 3.3906, -0.6651 2.2631 3.3295, -0.6579 2.2411 3.3311, -0.621 2.2754 3.2729, -0.614 2.2534 3.2751, -0.5716 2.2878 3.2199, -0.5648 2.2658 3.2227, -0.5176 2.3002 3.1714, -0.5112 2.2782 3.1748, -0.4607 2.3123 3.1285, -0.4546 2.2904 3.1325, -0.4003 2.3245 3.0906, -0.3945 2.3025 3.0951, -0.3363 2.3368 3.0577, -0.3309 2.3148 3.0627, -0.2696 2.349 3.0304, -0.2647 2.3271 3.0358, -0.2001 2.3614 3.0088, -0.1956 2.3394 3.0147, -0.1288 2.3737 2.9935, -0.1249 2.3518 2.9997, -0.0571 2.386 2.9844, -0.0537 2.364 2.9909, 0.0152 2.3982 2.9815, 0.018 2.3763 2.9883, 0.0875 2.4105 2.9848, 0.0897 2.3885 2.9918, 0.1593 2.4227 2.9944, 0.1609 2.4007 3.0015, 0.2782 2.4434 3.0247, 0.2787 2.4214 3.032, 0.346 2.4556 3.0507, 0.3458 2.4336 3.058, 0.4113 2.4678 3.0824, 0.4106 2.4458 3.0897, 0.4738 2.48 3.1195, 0.4725 2.458 3.1267, 0.5329 2.4922 3.162, 0.5309 2.4702 3.1691, 0.5885 2.5045 3.2099, 0.6948 2.3446 3.1289, 0.6449 2.3389 3.0543, 0.7094 2.3512 3.1123, 0.6566 2.3497 3.0375, 0.7225 2.362 3.0966, 0.6663 2.3643 3.0223, 0.7335 2.3766 3.0823, 0.6737 2.382 3.0094, 0.742 2.3943 3.07, 0.6785 2.4022 2.9992, 0.7477 2.4145 3.0603, 0.6805 2.4242 2.9921, 0.7502 2.4365 3.0534, 0.6796 2.447 2.9885, 0.7497 2.4593 3.0497, 0.6759 2.4699 2.9883, 0.746 2.4822 3.0493, 0.6695 2.4919 2.9918, 0.7393 2.5041 3.0521, 0.6606 2.5121 2.9986, 0.7298 2.5244 3.0582, 0.6496 2.5299 3.0086, 0.718 2.5422 3.0672, 0.6369 2.5445 3.0213, 0.7043 2.5568 3.0788, 0.6231 2.5553 3.0364, 0.6892 2.5676 3.0925, 0.6085 2.562 3.0531, 0.6733 2.5743 3.108, 0.5939 2.5643 3.0709, 0.6571 2.5766 3.1244, 0.5797 2.5621 3.0891, 0.6414 2.5744 3.1413, 0.6268 2.5677 3.1579, 0.0089 2.4507 2.9378, 0.1605 2.4752 2.9503, 0.2859 2.4959 2.9813, 0.4263 2.5203 3.0409, 0.5548 2.5447 3.1237, 0.668 2.5692 3.2286, 0.6463 2.537 3.2533, 0.6558 2.5547 3.2418, 0.5942 2.5247 3.2002, 0.5377 2.5124 3.1518, 0.4596 2.3147 3.0362, 0.5884 2.3391 3.1249, 0.5745 2.3499 3.1399, 0.647 2.3514 3.1777, 0.3258 2.2836 2.9503, 0.471 2.308 3.0172, 0.5389 2.3202 3.0598, 0.6029 2.3324 3.1081, 0.6629 2.3447 3.1623, -0.8714 2.2981 3.4891, -0.8608 2.3082 3.4034, -0.8406 2.3139 3.3171, -0.8105 2.3154 3.2322, -0.7696 2.3131 3.1502, -0.7175 2.3077 3.0725, -0.6549 2.2999 3.0017, -0.5843 2.29 2.9405, -0.5057 2.2794 2.8893, -0.4203 2.2688 2.8489, -0.3302 2.2591 2.8205, -0.2369 2.2512 2.8045, -0.1431 2.2458 2.8009, -0.0515 2.2435 2.809, 0.0371 2.245 2.8277, 0.1213 2.2506 2.8556, 0.2001 2.2606 2.8912, 0.8515 2.3814 3.3291, 0.8223 2.3758 3.2441, 0.8699 2.388 3.3168, 0.8379 2.3866 3.2308, 0.8866 2.3988 3.3049, 0.8512 2.4011 3.2186, 0.9009 2.4134 3.294, 0.8617 2.4188 3.2081, 0.9123 2.4311 3.2843, 0.8689 2.4391 3.1994, 0.9202 2.4513 3.2764, 0.8727 2.461 3.1931, 0.9245 2.4733 3.2704, 0.8728 2.4839 3.1893, 0.9249 2.4961 3.2666, 0.8692 2.5067 3.1883, 0.9215 2.519 3.2653, 0.8621 2.5287 3.1899, 0.9143 2.541 3.2663, 0.8518 2.5489 3.1942, 0.9036 2.5612 3.2697, 0.8386 2.5667 3.2011, 0.8899 2.579 3.2754, 0.8231 2.5813 3.2101, 0.8736 2.5936 3.2831, 0.8058 2.5922 3.2211, 0.8555 2.6044 3.2925, 0.7875 2.5989 3.2335, 0.8361 2.6111 3.3033, 0.7687 2.6011 3.247, 0.8163 2.6134 3.315, 0.7504 2.5989 3.2609, 0.7968 2.6112 3.3273, 0.7783 2.6046 3.3396, 0.7831 2.3743 3.1612, 0.7953 2.3888 3.1479, 0.8048 2.4066 3.1365, 0.8113 2.4268 3.1273, 0.8145 2.4487 3.1206, 0.8142 2.4716 3.1169, 0.8106 2.4944 3.1161, 0.8036 2.5164 3.1184, 0.7937 2.5367 3.1236, 0.7812 2.5545 3.1315, 0.7665 2.569 3.1419, 0.7503 2.5799 3.1543, 0.7331 2.5866 3.1683, 0.7156 2.5889 3.1833, 0.6985 2.5867 3.1987, 0.6824 2.58 3.214, 0.1855 2.2804 2.9552, 0.3022 2.3157 3.0061, 0.3634 2.3457 3.0467, 0.4215 2.3782 3.0881, 0.4774 2.4123 3.1301, 0.5318 2.4474 3.1728, 0.5859 2.4825 3.2168, 0.6398 2.5167 3.2625, 0.6937 2.5492 3.3107, 0.7473 2.5792 3.3624, 0.7727 2.5737 3.4365, 0.736 2.5615 3.3721, 0.728 2.5413 3.38, 0.6864 2.529 3.3193, 0.6827 2.507 3.3257, 0.6366 2.4948 3.2691, 0.6369 2.4719 3.2729, 0.5865 2.4597 3.2205, 0.5902 2.4368 3.221, 0.5356 2.4245 3.1729, 0.542 2.4025 3.1695, 0.4835 2.3904 3.1262, 0.4917 2.3701 3.1186, 0.4291 2.3579 3.0799, 0.4382 2.3401 3.0681, 0.7268 2.4736 3.3911, 0.6933 2.4394 3.3289, 0.734 2.4516 3.3901, 0.7036 2.4191 3.3245, 0.7447 2.4314 3.3867, 0.7584 2.4136 3.381, 0.6574 2.4068 3.2662, 0.6699 2.3891 3.2583, 0.6846 2.3745 3.2479, 0.7747 2.399 3.3733, 0.7009 2.3636 3.2355, 0.7928 2.3882 3.3639, 0.7679 2.3692 3.2852, 0.8122 2.3815 3.3531, 0.7866 2.3669 3.2718, 0.7355 2.3546 3.2065, 0.7181 2.3569 3.2215, 0.9109 2.4002 3.3929, 0.9286 2.411 3.3826, 0.9438 2.4255 3.3729, 0.9559 2.4433 3.3642, 0.9645 2.4635 3.357, 0.9693 2.4855 3.3514, 0.97 2.5083 3.3477, 0.9667 2.5312 3.346, 0.9594 2.5531 3.3464, 0.9485 2.5734 3.3489, 0.9343 2.5912 3.3534, 0.9175 2.6058 3.3596, 0.8986 2.6166 3.3675, 0.8784 2.6233 3.3766, 0.8576 2.6256 3.3866, 0.8371 2.6234 3.3971, 0.851 2.6289 3.4792, -0.9132 2.2892 3.4718, -0.898 2.2907 3.3827, -0.8717 2.2885 3.2945, -0.8343 2.283 3.2097, -0.7856 2.2751 3.1297, -0.7257 2.2655 3.056, -0.6559 2.255 2.9911, -0.5793 2.2443 2.9373, -0.4962 2.2345 2.8944, -0.408 2.2266 2.8628, -0.3171 2.2211 2.8431, -0.2248 2.2189 2.8351, -0.1337 2.2205 2.8382, -0.046 2.2261 2.8513, 0.0377 2.2361 2.8729, 0.1167 2.2507 2.9014, 0.1907 2.2696 2.9354, 0.3099 2.3011 2.9898, 0.8165 2.6036 3.4964, 0.8288 2.5981 3.5741, 0.8037 2.5859 3.5039, 0.7945 2.5656 3.5104, 0.7641 2.5535 3.4437, 0.7593 2.5315 3.4493, 0.7238 2.5193 3.386, 0.7233 2.4965 3.3898, 0.6826 2.4842 3.3294, 0.6862 2.4614 3.3305, 0.6405 2.4491 3.2737, 0.6475 2.4271 3.2714, 0.5969 2.4148 3.2181, 0.6063 2.3946 3.2121, 0.5509 2.3823 3.1626, 0.5619 2.3645 3.1526, 0.7893 2.5437 3.5156, 0.7586 2.5087 3.453, 0.7882 2.5208 3.5192, 0.7619 2.4858 3.4547, 0.7914 2.498 3.5211, 0.7692 2.4638 3.4543, 0.7987 2.476 3.5214, 0.7801 2.4436 3.4518, 0.8098 2.4558 3.5198, 0.8243 2.438 3.5166, 0.832 2.3792 3.3414, 0.8502 2.3937 3.4241, 0.8416 2.4234 3.5118, 0.8611 2.4125 3.5056, 0.9452 2.4124 3.4724, 0.9637 2.4232 3.4636, 0.9796 2.4377 3.4552, 0.9925 2.4555 3.4477, 1.0017 2.4757 3.4412, 1.0069 2.4977 3.436, 1.0079 2.5205 3.4324, 1.0047 2.5433 3.4304, 0.9975 2.5653 3.4302, 0.9864 2.5856 3.4318, 0.9719 2.6034 3.435, 0.9546 2.6179 3.4398, 0.9351 2.6288 3.446, 0.9141 2.6355 3.4533, 0.8926 2.6378 3.4615, 0.8713 2.6356 3.4702, 0.8987 2.6534 3.6301, -0.8803 2.3015 3.3929, -0.8573 2.3031 3.3053, -0.8238 2.3008 3.2202, -0.7792 2.2953 3.1388, -0.7231 2.2875 3.0628, -0.6568 2.2779 2.9947, -0.583 2.2672 2.937, -0.502 2.2565 2.8899, -0.4149 2.2468 2.8539, -0.3241 2.2388 2.83, -0.2311 2.2335 2.8182, -0.1383 2.2313 2.8182, -0.0486 2.2328 2.8293, 0.0377 2.2384 2.8499, 0.1193 2.2484 2.8785, 0.1956 2.2629 2.9138, 0.3178 2.2903 2.971, 0.4485 2.3255 3.0534, 0.8618 2.6281 3.6411, 0.8191 2.5779 3.5798, 0.8135 2.5559 3.5845, 0.8316 2.5681 3.6553, 0.8121 2.5331 3.588, 0.83 2.5453 3.6587, 0.8151 2.5102 3.5902, 0.8328 2.5225 3.6612, 0.8223 2.4882 3.5911, 0.8399 2.5005 3.6627, 0.8335 2.468 3.5905, 0.8511 2.4802 3.663, 0.8659 2.4624 3.6624, 0.8838 2.4478 3.6606, 0.9041 2.437 3.6579, 0.9199 2.6776 3.7856, 0.942 2.6842 3.784, 0.8821 2.4866 3.8118, 0.8674 2.5044 3.81, 0.8624 2.4923 3.7361, 0.8564 2.5247 3.8077, 0.8512 2.5126 3.7348, 0.8496 2.5466 3.8051, 0.8443 2.5345 3.7327, 0.8473 2.5695 3.8021, 0.8417 2.5574 3.73, 0.8495 2.5923 3.7991, 0.8436 2.5802 3.7268, 0.8562 2.6143 3.796, 0.85 2.6022 3.7231, 0.867 2.6345 3.793, 0.9 2.472 3.8132, 0.9205 2.4612 3.8139, 0.9573 2.6743 3.7009, 0.9802 2.6721 3.6985, 1.0023 2.6654 3.6967, 1.0228 2.6545 3.6957, 1.0407 2.6399 3.6955, 1.0556 2.6221 3.6961, 1.0667 2.6019 3.6974, 1.0737 2.5799 3.6995, 1.0762 2.5571 3.7022, 1.0743 2.5342 3.7054, 1.0679 2.5122 3.7091, 1.0574 2.492 3.713, 1.043 2.4743 3.717, 1.0255 2.4598 3.721, 1.0053 2.449 3.7249, 0.9834 2.4423 3.7283, 0.9606 2.4401 3.7313, 0.926 2.4303 3.6543, 0.9073 2.4181 3.5753, 0.882 2.4058 3.4983, 0.965 2.6864 3.783, 0.9881 2.6842 3.7825, 1.0102 2.6775 3.7827, 1.0307 2.6666 3.7834, 1.0486 2.652 3.7847, 1.0633 2.6342 3.7866, 1.0743 2.614 3.7889, 1.0811 2.592 3.7915, 1.0834 2.5692 3.7944, 1.0812 2.5463 3.7975, 1.0745 2.5243 3.8006, 1.0637 2.5041 3.8036, 1.049 2.4864 3.8064, 1.0312 2.4719 3.8089, 1.0108 2.4611 3.811, 0.9887 2.4544 3.8126, 0.9657 2.4522 3.8136, 0.9426 2.4545 3.8141, 0.9143 2.7018 3.9426, 0.9427 2.6963 3.8645, 0.8759 2.6764 3.9406, 0.8817 2.6523 3.7902, 0.8672 2.6466 3.867, 0.9657 2.6985 3.8654, 0.9887 2.6962 3.8669, 1.0108 2.6895 3.869, 1.0311 2.6787 3.8714, 1.0488 2.6641 3.8743, 1.0633 2.6463 3.8774, 1.0741 2.6261 3.8806, 1.0806 2.6041 3.8838, 1.0827 2.5812 3.8869, 1.0802 2.5584 3.8898, 1.0733 2.5364 3.8923, 1.0622 2.5162 3.8944, 1.0474 2.4985 3.8959, 1.0294 2.4839 3.8969, 1.0089 2.4731 3.8972, 0.9868 2.4665 3.8969, 0.9637 2.4643 3.896, 0.9407 2.4666 3.8945, 0.961 2.4908 4.0645, 0.9996 2.4852 3.9831, 0.861 2.6587 3.9409, 0.8483 2.6709 4.0146, 0.844 2.7008 4.0894, 0.848 2.5488 3.9536, 0.8584 2.5286 3.9577, 0.8343 2.561 4.0262, 0.8443 2.5407 4.0312, 0.8144 2.5732 4.0974, 0.8239 2.5529 4.1033, 0.7887 2.5853 4.1661, 0.7926 2.5447 4.2587, 0.8726 2.5097 4.1248, 0.9161 2.4908 4.0542, 0.9319 2.4787 3.9745, 0.8293 2.6831 4.0871, 0.8045 2.6951 4.1571, 0.7879 2.7249 4.2296, 0.84 2.5937 3.9466, 0.8418 2.5708 3.9499, 0.8269 2.6058 4.0185, 0.8284 2.583 4.0219, 0.8077 2.618 4.0891, 0.8089 2.5952 4.0926, 0.7827 2.6301 4.1573, 0.7836 2.6072 4.1609, 0.7521 2.6421 4.2232, 0.7527 2.6193 4.2269, 0.7156 2.6543 4.2867, 0.8372 2.5352 4.1099, 0.7776 2.5593 4.2487, 0.7977 2.565 4.1728, 0.81 2.5338 4.2694, 0.7616 2.5938 3.3515, 0.8325 2.6181 3.488, 0.879 2.6426 3.6356, 0.8995 2.6668 3.7877, 0.8939 2.691 3.9412, 0.8816 2.7261 4.0979, 0.8617 2.7153 4.093, 0.8234 2.7502 4.2444, 0.8046 2.7394 4.2362, 0.7849 2.7624 4.314, 0.7233 2.7637 4.3687, 0.7737 2.7072 4.2249, 0.7371 2.7193 4.2903, 0.7079 2.7492 4.3594, 0.8498 2.6385 3.942, 0.8427 2.6165 3.944, 0.837 2.6506 4.0148, 0.8298 2.6287 4.0161, 0.8181 2.6628 4.0863, 0.8108 2.6409 4.087, 0.7933 2.6749 4.1554, 0.786 2.6529 4.1554, 0.7628 2.687 4.2222, 0.7555 2.665 4.2216, 0.7264 2.6991 4.2866, 0.7192 2.6771 4.2854, 0.6845 2.7112 4.3478, 0.6774 2.6893 4.346, 0.6375 2.7234 4.4051, 0.6773 2.6216 4.357, 0.72 2.6095 4.2965, 0.7573 2.5973 4.2325, 0.7657 2.5771 4.2399, 0.7278 2.5892 4.3045, 0.6843 2.6013 4.3657, 0.6945 2.5836 4.3765, 0.7076 2.569 4.3888, 0.7694 2.546 4.3377, 0.8293 2.5271 4.2804, 0.8857 2.5128 4.2168, 0.9373 2.5029 4.1464, 0.9828 2.4974 4.0685, 1.0201 2.496 3.9845, 0.6015 2.5932 4.5026, 0.8496 2.5249 4.2913, 0.907 2.515 4.2254, 0.9587 2.5096 4.1524, 1.003 2.5082 4.0717, 1.0381 2.5106 3.9851, 0.8069 2.537 4.3629, 0.8701 2.5271 4.3017, 0.9278 2.5216 4.2332, 0.9786 2.5204 4.1572, 1.0209 2.5227 4.0738, 1.053 2.5283 3.9848, 0.7686 2.5955 4.5468, 0.8273 2.5833 4.4778, 0.8404 2.6011 4.4849, 0.8935 2.5889 4.4099, 0.9042 2.6091 4.4135, 0.9508 2.597 4.3334, 0.9581 2.619 4.3339, 0.9974 2.6069 4.2501, 1.0007 2.6297 4.2482, 1.0326 2.6177 4.1612, 1.0314 2.6405 4.1576, 1.0557 2.6283 4.0676, 1.0498 2.6503 4.0633, 1.0659 2.6381 3.9721, 1.0555 2.6584 3.9679, 0.6948 2.7315 4.3523, 0.6473 2.7436 4.4105, 0.6068 2.7735 4.4736, 0.5951 2.7557 4.4644, 0.4926 2.7967 4.5659, 0.6305 2.7014 4.4026, 0.6268 2.6786 4.4033, 0.6265 2.6557 4.407, 0.6295 2.6337 4.4136, 0.6358 2.6135 4.4229, 0.5907 2.6078 4.4882, 0.4826 2.6165 4.5936, 0.6143 2.5824 4.5185, 0.6869 2.5636 4.4782, 0.7582 2.5492 4.4307, 0.8265 2.5392 4.375, 0.8902 2.5337 4.3111, 0.9472 2.5324 4.2397, 0.9962 2.5349 4.1609, 1.0358 2.5405 4.0748, 1.0642 2.5485 3.9837, 0.5254 2.7252 4.5014, 0.5752 2.6907 4.4555, 0.5216 2.7023 4.5015, 0.5745 2.6678 4.4592, 0.5207 2.6795 4.5051, 0.577 2.6459 4.4661, 0.5225 2.6575 4.5121, 0.5824 2.6256 4.4759, 0.4682 2.6489 4.5641, 0.4237 2.6178 4.6516, 0.4927 2.6057 4.6114, 0.5042 2.599 4.6304, 0.6287 2.5757 4.5353, 0.6442 2.5734 4.5524, 0.7038 2.5613 4.4939, 0.721 2.5635 4.5092, 0.7767 2.5514 4.4444, 0.7948 2.558 4.4572, 0.8457 2.5459 4.3862, 0.8637 2.5566 4.396, 0.909 2.5445 4.3193, 0.9257 2.559 4.3259, 0.9645 2.547 4.2449, 0.979 2.5647 4.2484, 1.0109 2.5526 4.1632, 1.0222 2.5729 4.164, 1.0471 2.5607 4.0747, 1.0543 2.5827 4.0734, 1.0713 2.5705 3.9817, 1.074 2.5933 3.9791, 0.4826 2.779 4.5549, 0.4184 2.7911 4.5944, 0.359 2.821 4.6408, 0.4051 2.7489 4.5815, 0.4644 2.714 4.5429, 0.4014 2.7261 4.5809, 0.4632 2.6911 4.5464, 0.3998 2.7032 4.5843, 0.4645 2.6691 4.5536, 0.4005 2.6813 4.5915, 0.4034 2.661 4.6024, 0.4744 2.6311 4.5776, 0.3391 2.6553 4.6493, 0.5166 2.5967 4.6498, 0.66 2.5756 4.5691, 0.738 2.5701 4.5235, 0.8119 2.5688 4.4684, 0.8799 2.5712 4.404, 0.9399 2.5768 4.3307, 0.9901 2.5849 4.2501, 1.0295 2.5948 4.1633, 1.0572 2.6055 4.071, 1.0722 2.6162 3.9758, 0.4442 2.6088 4.6918, 0.5295 2.5989 4.6688, 0.2977 2.6352 4.7783, 0.3779 2.6231 4.7485, 0.3876 2.6298 4.7685, 0.4668 2.6176 4.731, 0.4778 2.6284 4.7483, 0.5549 2.6163 4.7031, 0.5664 2.6309 4.717, 0.6375 2.6192 4.6666, 0.6484 2.6369 4.6768, 0.716 2.6253 4.6199, 0.7253 2.6455 4.6261, 0.791 2.6334 4.5604, 0.7979 2.6554 4.5628, 0.8578 2.6432 4.4912, 0.8615 2.6661 4.4903, 0.915 2.6539 4.4134, 0.9147 2.6768 4.4097, 0.9609 2.6647 4.3287, 0.9563 2.6866 4.323, 0.9947 2.6746 4.2394, 0.9857 2.6948 4.2327, 1.0163 2.6828 4.147, 1.0031 2.7005 4.1403, 1.026 2.6884 4.0528, 1.009 2.7029 4.0469, 1.0239 2.6908 3.9593, 1.0038 2.7016 3.9551, 0.3679 2.8355 4.6565, 0.2209 2.8597 4.7087, 0.2272 2.8704 4.7282, 0.351 2.8032 4.6283, 0.2811 2.8153 4.6561, 0.2148 2.8451 4.6918, 0.2702 2.7731 4.6412, 0.3352 2.7382 4.6133, 0.2666 2.7503 4.6399, 0.3334 2.7154 4.6166, 0.2645 2.7274 4.643, 0.3334 2.6934 4.6239, 0.2639 2.7054 4.6503, 0.3353 2.6731 4.6349, 0.2649 2.6852 4.6614, 0.1937 2.6795 4.6967, 0.1996 2.654 4.7347, 0.2829 2.6353 4.7346, 0.3684 2.6209 4.7275, 0.4555 2.611 4.7119, 0.5425 2.6055 4.6868, 0.6249 2.6047 4.6537, 0.7043 2.6076 4.6107, 0.7811 2.6132 4.555, 0.8507 2.6213 4.4894, 0.9114 2.6311 4.4147, 0.9615 2.6418 4.3324, 0.9998 2.6526 4.2446, 1.0259 2.6625 4.1529, 1.0398 2.6706 4.0583, 1.0413 2.6762 3.9636, 0.0425 2.678 4.7574, -0.0381 2.6833 4.7809, 0.0433 2.6713 4.7796, 0.0446 2.6691 4.8026, 0.1275 2.6571 4.7942, 0.1314 2.6593 4.8169, 0.2151 2.6473 4.8011, 0.2212 2.6539 4.8225, 0.3056 2.6418 4.799, 0.3135 2.6526 4.8179, 0.3971 2.6406 4.7866, 0.406 2.6551 4.8023, 0.4881 2.643 4.7631, 0.4971 2.6607 4.7749, 0.5764 2.6486 4.728, 0.5846 2.6688 4.7357, 0.6573 2.6572 4.6838, 0.6637 2.6791 4.6873, 0.732 2.6675 4.6291, 0.7358 2.6903 4.6287, 0.8016 2.6782 4.5621, 0.802 2.7011 4.5584, 0.8615 2.6889 4.4865, 0.8579 2.7109 4.4802, 0.9106 2.6988 4.4037, 0.9028 2.719 4.3956, 0.9479 2.7069 4.3157, 0.936 2.7247 4.3068, 0.9731 2.7126 4.225, 0.9573 2.7272 4.2163, 0.9866 2.7151 4.1331, 0.9676 2.726 4.1255, 0.9894 2.7138 4.041, 0.968 2.7205 4.0352, 0.982 2.7083 3.9512, 0.9593 2.7106 3.9477, 0.0733 2.9011 4.7778, 0.2333 2.8771 4.7495, 0.0708 2.8944 4.7557, 0.0679 2.8836 4.7354, 0.209 2.8274 4.6781, 0.1357 2.8394 4.6937, 0.0647 2.8691 4.7177, 0.196 2.7624 4.6607, 0.1242 2.7743 4.6753, 0.1936 2.7395 4.6636, 0.1216 2.7515 4.678, 0.1924 2.7175 4.6707, 0.1198 2.7295 4.685, 0.1924 2.6973 4.6819, 0.1189 2.7093 4.6962, 0.0431 2.7035 4.719, 0.9364 2.7084 3.9448, 0.9231 2.7206 4.025, 0.9456 2.7228 4.0298, 0.925 2.735 4.1106, 0.9468 2.7327 4.1179, 0.9189 2.7447 4.1978, 0.939 2.738 4.2072, 0.9036 2.7501 4.2862, 0.921 2.7393 4.2969, 0.8776 2.7514 4.3746, 0.8917 2.7368 4.3858, 0.8407 2.749 4.4607, 0.8509 2.7312 4.4715, 0.7927 2.7433 4.5425, 0.799 2.723 4.5518, 0.734 2.7352 4.6182, 0.7365 2.7132 4.6251, 0.6684 2.7248 4.6837, 0.6675 2.702 4.6873, 0.5945 2.7136 4.74, 0.5908 2.6908 4.7398, 0.5104 2.7029 4.7879, 0.5047 2.6809 4.7833, 0.4208 2.6931 4.8238, 0.414 2.6728 4.8149, 0.328 2.6849 4.8474, 0.321 2.6672 4.8342, 0.2336 2.6792 4.8589, 0.2275 2.6647 4.842, 0.1403 2.6767 4.8586, 0.1357 2.6659 4.8387, 0.0491 2.6779 4.8476, 0.0466 2.6713 4.8256, -0.0387 2.6833 4.827, -0.0387 2.681 4.8039, -0.1219 2.693 4.7981, -0.1194 2.6953 4.7752, 0.9029 2.7327 4.1039, 0.8978 2.747 4.1887, 0.8843 2.7568 4.2752, 0.8612 2.7623 4.3625, 0.8276 2.7635 4.4484, 0.7834 2.7611 4.5309, 0.7286 2.7554 4.6084, 0.6666 2.7468 4.6766, 0.5958 2.7365 4.7365, 0.5141 2.7257 4.7885, 0.4261 2.715 4.8289, 0.334 2.7051 4.8569, 0.2394 2.697 4.8726, 0.145 2.6912 4.876, 0.0519 2.6887 4.8679, -0.0381 2.6899 4.8491, -0.1238 2.6952 4.8211, -0.1004 2.9074 4.8664, -0.0098 2.9063 4.8498, -0.097 2.9183 4.8463, -0.0086 2.913 4.8277, -0.094 2.925 4.8243, -0.0081 2.9153 4.8046, -0.0915 2.9272 4.8014, -0.0081 2.913 4.7816, -0.0895 2.925 4.7784, -0.0882 2.9184 4.7563, -0.0877 2.9076 4.7358, 0.0613 2.8514 4.7032, -0.0136 2.8634 4.7063, -0.0878 2.8931 4.7178, -0.0887 2.8753 4.7029, 0.0514 2.7863 4.6839, 0.0486 2.7635 4.6863, 0.0462 2.7415 4.6932, 0.0444 2.7212 4.7042, -0.1094 2.7274 4.7155, -0.1164 2.702 4.7532, -0.113 2.7129 4.7331, 0.0425 2.6889 4.737, 0.1961 2.6649 4.7145, 0.3445 2.6408 4.6664, -0.2892 2.8991 4.8666, -0.1942 2.9048 4.8723, -0.2831 2.9169 4.8531, -0.189 2.9194 4.8551, -0.2765 2.9315 4.8364, -0.184 2.9303 4.8353, -0.2698 2.9423 4.817, -0.1791 2.937 4.8137, -0.2631 2.949 4.7959, -0.1746 2.9393 4.7911, -0.2567 2.9513 4.7738, -0.1708 2.9371 4.7684, -0.2509 2.9491 4.7515, -0.2459 2.9424 4.7299, -0.2419 2.9316 4.7098, 0.8561 2.6264 3.8691, 0.8492 2.6044 3.8716, 0.8468 2.5816 3.8745, 0.8488 2.5587 3.8776, 0.8554 2.5368 3.8808, 0.8661 2.5165 3.884, 0.8726 2.5108 3.9621, -0.1642 2.8671 4.682, -0.1658 2.8452 4.6748, -0.1683 2.8223 4.672, -0.1716 2.7995 4.6737, -0.1757 2.7775 4.6797, -0.1802 2.7572 4.6899, -0.2599 2.7515 4.6861, -0.2047 2.705 4.7852, -0.2798 2.7193 4.7432, -0.2002 2.7073 4.7626, -0.4745 2.8808 4.8188, -0.3831 2.8908 4.8489, -0.469 2.9027 4.8139, -0.3769 2.911 4.8395, -0.4621 2.923 4.8052, -0.3696 2.9288 4.8266, -0.4538 2.9408 4.7929, -0.3617 2.9434 4.8105, -0.4445 2.9554 4.7774, -0.3534 2.9543 4.7918, -0.4346 2.9662 4.7595, -0.3449 2.961 4.7713, -0.4245 2.9729 4.7398, -0.3367 2.9632 4.7498, -0.4145 2.9752 4.7191, -0.3291 2.961 4.728, -0.405 2.973 4.6981, -0.3964 2.9663 4.6776, -0.3891 2.9556 4.6585, -0.2538 2.7693 4.6725, -0.2483 2.7895 4.6627, -0.2438 2.8115 4.657, -0.2403 2.8344 4.6557, -0.493 2.762 4.6273, -0.422 2.7499 4.6654, -0.4321 2.7433 4.6851, -0.3572 2.7313 4.7174, -0.3654 2.729 4.7389, -0.2862 2.7171 4.7654, -0.292 2.7193 4.7877, -0.2086 2.7073 4.8079, -0.2117 2.7139 4.8299, -0.1251 2.7019 4.8432, -0.1257 2.7127 4.8637, -0.0369 2.7007 4.8696, -0.0352 2.7152 4.8875, 0.0551 2.7032 4.8856, 0.0585 2.721 4.9001, 0.1496 2.709 4.8902, 0.1539 2.7292 4.9006, 0.2446 2.7172 4.8826, 0.249 2.7392 4.8885, 0.3389 2.7271 4.8624, 0.3424 2.7499 4.8636, 0.4298 2.7379 4.8298, 0.4316 2.7607 4.8265, 0.5157 2.7486 4.7851, 0.515 2.7706 4.7778, 0.5945 2.7585 4.7294, 0.5907 2.7787 4.7188, 0.6619 2.7671 4.6664, 0.6547 2.7848 4.6535, 0.7203 2.7732 4.5961, 0.7095 2.7878 4.5817, 0.7714 2.7757 4.5175, 0.7573 2.7865 4.5028, 0.8122 2.7744 4.4349, 0.7952 2.7811 4.4207, 0.8429 2.7689 4.3499, 0.8237 2.7712 4.3372, 0.864 2.7591 4.2643, 0.8435 2.7569 4.2539, -0.5277 2.7552 4.6861, -0.4516 2.7432 4.7269, -0.4601 2.7498 4.7473, -0.3798 2.7379 4.7817, -0.3855 2.7487 4.8014, -0.301 2.7367 4.8294, -0.3039 2.7512 4.8471, -0.2154 2.7392 4.8682, -0.2158 2.7569 4.8831, -0.1247 2.7449 4.8966, -0.1231 2.7652 4.9077, -0.0306 2.7532 4.9133, -0.0278 2.7751 4.92, 0.0653 2.7631 4.9174, 0.0684 2.786 4.9195, 0.1611 2.774 4.9086, 0.1637 2.7968 4.9059, 0.2548 2.7849 4.8871, 0.256 2.8068 4.8799, 0.3451 2.7948 4.8533, 0.3441 2.815 4.8421, 0.4297 2.803 4.8082, 0.4259 2.8207 4.7938, 0.5072 2.8086 4.753, 0.5003 2.8232 4.7364, 0.5763 2.8111 4.6893, 0.5663 2.8219 4.6715, -0.6431 2.8592 4.7221, -0.562 2.87 4.7762, -0.6419 2.882 4.7257, -0.5583 2.8928 4.7757, -0.6382 2.9049 4.7256, -0.5525 2.9148 4.7713, -0.632 2.9269 4.7217, -0.5448 2.9351 4.7632, -0.6237 2.9471 4.7143, -0.5355 2.9528 4.7516, -0.6134 2.9649 4.7035, -0.5249 2.9674 4.7371, -0.6017 2.9795 4.6899, -0.5135 2.9783 4.7201, -0.5889 2.9903 4.674, -0.5018 2.985 4.7013, -0.5756 2.997 4.6563, -0.49 2.9873 4.6815, -0.5622 2.9993 4.6375, -0.4788 2.985 4.6613, -0.5493 2.9971 4.6184, -0.4686 2.9784 4.6417, -0.5374 2.9905 4.5997, -0.5269 2.9797 4.5821, -0.447 2.9353 4.5928, -0.4439 2.9151 4.582, -0.5118 2.9474 4.5528, -0.238 2.8572 4.6587, -0.3084 2.8691 4.6366, -0.3767 2.8811 4.6087, -0.443 2.8932 4.5747, -0.5063 2.9052 4.5351, -0.5656 2.9172 4.4906, -0.5074 2.8824 4.5315, -0.4482 2.8475 4.5717, -0.5605 2.7741 4.5833, -0.5047 2.7553 4.6461, -0.4421 2.741 4.7058, -0.373 2.7312 4.7606, -0.297 2.7259 4.8093, -0.214 2.7247 4.8502, -0.1255 2.7272 4.8817, -0.0331 2.7329 4.9023, 0.0619 2.7412 4.9109, 0.1578 2.7512 4.9068, 0.2525 2.762 4.89, 0.3446 2.7728 4.8606, 0.4316 2.7827 4.8192, 0.5122 2.7908 4.767, 0.5846 2.7965 4.7053, 0.6452 2.7994 4.6382, 0.6967 2.7987 4.5658, 0.7415 2.7932 4.4872, 0.777 2.7834 4.4065, 0.804 2.769 4.3251, -0.6826 2.798 4.4795, 0.6823 2.8053 4.549, 0.7246 2.7955 4.4715, 0.7585 2.7812 4.3928, -0.7539 2.8032 4.4343, -0.6987 2.7913 4.4947, -0.715 2.789 4.511, -0.6533 2.7771 4.5681, -0.6678 2.7793 4.586, -0.6001 2.7673 4.6389, -0.612 2.7739 4.6576, -0.5379 2.7619 4.7057, -0.5469 2.7727 4.7242, -0.4675 2.7606 4.7664, -0.4733 2.7751 4.7835, -0.3899 2.7632 4.8189, -0.3928 2.7809 4.8335, -0.3055 2.769 4.8619, -0.3059 2.7892 4.8732, -0.2152 2.7772 4.8943, -0.2136 2.7991 4.9015, -0.1209 2.7871 4.9147, -0.1181 2.81 4.9173, -0.0248 2.798 4.9224, -0.0218 2.8208 4.9202, 0.0713 2.8088 4.917, 0.0736 2.8308 4.9101, 0.1655 2.8188 4.8989, 0.1664 2.8391 4.8877, 0.256 2.8271 4.8687, 0.2547 2.8449 4.854, 0.3416 2.8328 4.8275, 0.3377 2.8474 4.81, 0.4205 2.8353 4.7767, 0.4136 2.8462 4.7574, 0.4919 2.834 4.7178, 0.482 2.8407 4.6979, 0.5548 2.8286 4.6526, 0.5424 2.8309 4.6332, 0.6669 2.8076 4.5319, 0.651 2.8054 4.5152, 0.7074 2.7933 4.4562, -0.7789 2.8409 4.586, -0.7156 2.8492 4.6583, -0.7847 2.8612 4.5956, -0.7177 2.8711 4.6653, -0.7873 2.8831 4.6025, -0.7169 2.894 4.669, -0.7868 2.906 4.6062, -0.7131 2.9168 4.6692, -0.7831 2.9288 4.6067, -0.7067 2.9388 4.6659, -0.7764 2.9508 4.6039, -0.6977 2.9591 4.6592, -0.7669 2.9711 4.598, -0.6866 2.9769 4.6493, -0.755 2.9888 4.5891, -0.6737 2.9914 4.6368, -0.7411 3.0034 4.5777, -0.6596 3.0023 4.6219, -0.7258 3.0143 4.5641, -0.6448 3.009 4.6054, -0.7097 3.021 4.5489, -0.6299 3.0113 4.5879, -0.6934 3.0232 4.5327, -0.6155 3.0091 4.5699, -0.6774 3.021 4.516, -0.6626 3.0144 4.4996, -0.6493 3.0036 4.484, -0.2371 2.8792 4.6659, -0.5183 2.9651 4.5662, -0.6381 2.9891 4.4698, -0.6295 2.9713 4.4577, -0.7399 3.0129 4.355, -0.6237 2.9511 4.448, -0.5677 2.9391 4.4976, -0.5078 2.9272 4.5423, -0.536 2.7995 4.5537, -0.6534 2.8234 4.4545, -0.6415 2.8412 4.4457, -0.8482 2.8271 4.3004, -0.8038 2.8151 4.3694, -0.8226 2.8129 4.3827, -0.7715 2.8009 4.4491, -0.7888 2.8032 4.4644, -0.7309 2.7912 4.5277, -0.7458 2.7979 4.5441, -0.6812 2.7859 4.6037, -0.6931 2.7967 4.6203, -0.6224 2.7847 4.6752, -0.6311 2.7993 4.691, -0.5541 2.7872 4.7407, -0.5594 2.8049 4.7546, -0.4774 2.7929 4.7978, -0.4796 2.8131 4.8088, -0.3941 2.8012 4.8447, -0.3937 2.8231 4.852, -0.3049 2.8112 4.8805, -0.3026 2.834 4.8835, -0.211 2.822 4.9043, -0.2077 2.8448 4.9026, -0.1149 2.8328 4.9154, -0.1114 2.8548 4.909, -0.0189 2.8428 4.9135, -0.0161 2.8631 4.9027, 0.0755 2.8511 4.8991, 0.0768 2.8689 4.8843, 0.1664 2.8569 4.8729, 0.1655 2.8715 4.8549, 0.2523 2.8595 4.8361, 0.2488 2.8703 4.816, 0.3325 2.8582 4.7902, 0.3262 2.8649 4.7689, 0.4056 2.8529 4.7368, 0.3966 2.8551 4.7156, 0.4713 2.843 4.6775, 0.46 2.8408 4.6574, 0.5294 2.8287 4.6141, 0.5165 2.8221 4.5961, 0.6353 2.7988 4.4995, -0.8743 2.8325 4.4233, -0.8318 2.8351 4.5071, -0.8877 2.847 4.4354, -0.8415 2.8528 4.5185, -0.8982 2.8648 4.4459, -0.848 2.8731 4.5276, -0.9055 2.885 4.4545, -0.8513 2.895 4.5342, -0.9093 2.907 4.4608, -0.8511 2.9179 4.538, -0.9094 2.9298 4.4646, -0.8474 2.9407 4.5388, -0.9058 2.9526 4.4657, -0.8405 2.9627 4.5366, -0.8987 2.9746 4.4641, -0.8305 2.983 4.5315, -0.8884 2.9949 4.4598, -0.8179 3.0007 4.5237, -0.8751 3.0127 4.4531, -0.8031 3.0153 4.5134, -0.8595 3.0272 4.4441, -0.7867 3.0262 4.5012, -0.8422 3.0381 4.4333, -0.7694 3.0329 4.4874, -0.8238 3.0448 4.421, -0.7517 3.0352 4.4726, -0.8049 3.0471 4.4077, -0.7345 3.0329 4.4573, -0.7865 3.0449 4.3939, -0.769 3.0382 4.3802, -0.7533 3.0274 4.3671, -0.7719 3.0071 4.2818, -0.7294 2.9952 4.3445, -0.7221 2.9749 4.3359, -0.6752 2.963 4.3941, -0.672 2.9411 4.3875, -0.621 2.9292 4.4412, -0.6215 2.9063 4.4375, -0.5664 2.8943 4.4869, -0.5701 2.8715 4.4867, -0.5111 2.8595 4.5317, -0.5173 2.8375 4.5355, -0.4617 2.8052 4.5842, -0.7182 2.9301 4.3259, -0.6758 2.8954 4.3829, -0.7217 2.9073 4.3248, -0.6828 2.8734 4.3851, -0.7288 2.8853 4.3264, -0.7392 2.865 4.3306, -0.632 2.8615 4.4397, -0.7524 2.8473 4.3373, -0.7854 2.8218 4.3571, 0.4487 2.8342 4.6383, 0.3774 2.8463 4.6746, 0.3871 2.8529 4.6946, 0.3114 2.865 4.7253, 0.3191 2.8672 4.747, 0.2391 2.8793 4.7718, 0.2443 2.877 4.7943, 0.1611 2.889 4.8125, 0.1637 2.8823 4.8345, 0.0773 2.8943 4.8459, 0.0774 2.8834 4.8663, -0.0115 2.8954 4.8702, -0.0136 2.8808 4.888, -0.104 2.8928 4.884, -0.1077 2.8751 4.8984, -0.1991 2.8871 4.8863, -0.2037 2.8668 4.8966, -0.2946 2.8788 4.8764, -0.2991 2.8569 4.8821, -0.3881 2.8688 4.8541, -0.3917 2.846 4.8552, -0.4781 2.8579 4.8195, -0.4799 2.8351 4.8162, -0.5635 2.8471 4.7727, -0.5626 2.8252 4.7654, -0.6416 2.8372 4.7149, -0.6376 2.817 4.7044, -0.7107 2.829 4.6482, -0.7031 2.8112 4.6353, -0.7703 2.8232 4.5738, -0.7591 2.8087 4.5597, -0.8195 2.8206 4.494, -0.805 2.8098 4.4796, -0.8586 2.8217 4.4102, -0.8411 2.8151 4.3965, -0.8876 2.827 4.3242, -0.868 2.8248 4.3121, -0.9073 2.8367 4.2377, -0.8865 2.839 4.2278, -0.9278 2.8389 4.2482, -0.9061 2.8336 4.3364, -0.9473 2.8456 4.2588, -0.9229 2.8444 4.3482, -0.965 2.8563 4.2691, -0.9372 2.859 4.3591, -0.9802 2.8709 4.2788, -0.9486 2.8767 4.3687, -0.9924 2.8886 4.2874, -0.9566 2.8969 4.3766, -1.001 2.9088 4.2946, -0.9609 2.9189 4.3826, -1.0058 2.9308 4.3002, -0.9614 2.9417 4.3863, -1.0065 2.9536 4.3039, -0.9579 2.9646 4.3877, -1.0032 2.9765 4.3055, -0.9507 2.9865 4.3867, -0.9959 2.9985 4.3052, -0.94 3.0068 4.3834, -0.985 3.0187 4.3027, -0.9263 3.0246 4.3778, -0.9708 3.0365 4.2983, -0.91 3.0392 4.3701, -0.954 3.0511 4.2921, -0.8918 3.05 4.3608, -0.9351 3.0619 4.2843, -0.8724 3.0567 4.3501, -0.9148 3.0686 4.2753, -0.8525 3.059 4.3385, -0.894 3.0709 4.2653, -0.8329 3.0568 4.3263, -0.8735 3.0687 4.2549, -0.854 3.0621 4.2443, -0.8363 3.0513 4.2339, -0.809 3.019 4.2157, -0.7639 2.9869 4.2739, -0.7183 2.953 4.3296, -0.6722 2.9182 4.3837, -0.6252 2.8835 4.437, -0.5766 2.8495 4.4901, -0.5257 2.8173 4.543, -0.7596 2.9649 4.268, -0.7592 2.9421 4.2642, -0.7626 2.9192 4.2628, -0.7698 2.8972 4.2638, -0.7805 2.877 4.2672, -0.8305 2.8711 4.2048, -0.9445 2.8628 4.074, -0.9402 2.8486 4.1603, -0.9666 2.8605 4.0804, -0.9616 2.8508 4.169, -0.9886 2.8628 4.0872, -0.9819 2.8575 4.178, -1.0096 2.8694 4.0944, -1.0004 2.8683 4.1868, -1.0288 2.8802 4.1016, -1.0163 2.8828 4.1951, -1.0454 2.8947 4.1086, -1.0292 2.9005 4.2026, -1.0588 2.9124 4.115, -1.0384 2.9208 4.2091, -1.0685 2.9327 4.1207, -1.0436 2.9427 4.2142, -1.0742 2.9546 4.1254, -1.0447 2.9656 4.2179, -1.0755 2.9775 4.1289, -1.0415 2.9884 4.2198, -1.0725 3.0003 4.1311, -1.0342 3.0104 4.2201, -1.0653 3.0223 4.132, -1.0231 3.0307 4.2185, -1.0541 3.0426 4.1314, -1.0086 3.0484 4.2153, -1.0394 3.0603 4.1294, -0.9913 3.063 4.2106, -1.0217 3.0749 4.1261, -0.9718 3.0739 4.2044, -1.0018 3.0858 4.1216, -0.9509 3.0806 4.1971, -0.9803 3.0925 4.1161, -0.9293 3.0828 4.1889, -0.9582 3.0948 4.1098, -0.9362 3.0926 4.1029, -0.9152 3.0859 4.0957, -0.896 3.0751 4.0885, -0.8707 2.9127 4.0588, -0.8595 2.933 4.0582, -0.8353 2.9211 4.1292, -0.8523 2.955 4.059, -0.8281 2.9431 4.1294, -0.8493 2.9778 4.0612, -0.8249 2.9659 4.1314, -0.8506 3.0007 4.0647, -0.8259 2.9888 4.135, -0.8563 3.0226 4.0694, -0.7948 2.954 4.1992, -0.7981 2.9311 4.1975, -0.8054 2.9092 4.1979, -0.8163 2.8889 4.2003, -0.8854 2.895 4.0607, -0.4028 2.7754 4.6321, -0.5477 2.7849 4.5673, -0.6673 2.8089 4.4659, -0.768 2.8327 4.3463, -0.8474 2.8565 4.211, -0.9031 2.8804 4.064, 0.5041 2.8113 4.5798, 0.6203 2.788 4.4855, 0.7404 2.7745 4.38, -0.9307 3.0989 3.9352, -0.9508 3.1097 3.9391, -0.9007 2.9365 3.9101, -0.8896 2.9568 3.9114, -0.8776 2.9449 3.9855, -0.8826 2.9788 3.9135, -0.8705 2.9669 3.9869, -0.88 3.0016 3.9162, -0.8677 2.9897 3.9894, -0.8819 3.0244 3.9194, -0.8693 3.0126 3.9928, -0.8883 3.0464 3.9231, -0.8753 3.0345 3.997, -0.8988 3.0666 3.927, -0.866 3.0429 4.0751, -0.9155 2.9187 3.9096, -0.9335 2.9042 3.9099, -0.9727 3.1163 3.9427, -0.9578 3.1044 4.0236, -0.9955 3.1185 3.9458, -0.9803 3.1067 4.0286, -1.0184 3.1163 3.9484, -1.0029 3.1044 4.0331, -1.0405 3.1096 3.9502, -1.0247 3.0977 4.0368, -1.0609 3.0987 3.9513, -1.045 3.0868 4.0396, -1.0789 3.0841 3.9516, -1.0629 3.0722 4.0414, -1.0937 3.0663 3.9511, -1.0777 3.0545 4.0421, -1.1049 3.0461 3.9498, -1.0889 3.0342 4.0418, -1.1118 3.0241 3.9478, -1.096 3.0122 4.0403, -1.1144 3.0013 3.9451, -1.0988 2.9894 4.0379, -1.1125 2.9784 3.9418, -1.0972 2.9665 4.0345, -1.1062 2.9565 3.9382, -1.0912 2.9446 4.0303, -1.0956 2.9362 3.9342, -1.081 2.9243 4.0254, -1.0813 2.9185 3.9301, -1.0671 2.9066 4.0201, -1.0638 2.904 3.926, -1.0499 2.8921 4.0146, -1.0436 2.8932 3.9221, -1.0302 2.8813 4.009, -1.0218 2.8865 3.9185, -1.0087 2.8746 4.0036, -0.9989 2.8843 3.9154, -0.9862 2.8724 3.9986, -0.976 2.8866 3.9129, -0.9636 2.8747 3.9942, -0.9539 2.8933 3.911, -0.923 2.8695 4.0685, -0.8663 2.8457 4.2187, -0.9197 2.9427 3.754, -0.9052 2.9605 3.757, -0.9062 2.9485 3.8337, -0.8944 2.9807 3.7602, -0.8952 2.9688 3.8359, -0.8879 3.0027 3.7633, -0.8884 2.9907 3.8386, -0.8858 3.0256 3.7664, -0.8861 3.0136 3.8415, -0.9815 2.8986 3.8301, -1.0045 2.8963 3.8307, -1.0275 2.8985 3.8318, -1.0496 2.9051 3.8335, -1.07 2.9159 3.8357, -1.0878 2.9305 3.8383, -1.1025 2.9482 3.8412, -1.1133 2.9684 3.8443, -1.1199 2.9904 3.8474, -1.1221 3.0132 3.8505, -1.1198 3.0361 3.8534, -1.113 3.0581 3.856, -1.102 3.0783 3.8582, -1.0873 3.0961 3.86, -1.0693 3.1107 3.8612, -1.0489 3.1215 3.8618, -1.0267 3.1282 3.8619, -1.0037 3.1305 3.8613, -0.9807 3.1283 3.8601, -0.9586 3.1217 3.8584, -0.939 3.1229 3.7767, -0.9593 2.9053 3.8301, -0.888 3.1143 3.623, -0.889 3.0822 3.6969, -0.8882 3.0484 3.7693, -0.882 3.0603 3.695, -0.8793 3.0374 3.6923, -0.8666 3.0493 3.6189, -0.8811 3.0146 3.6891, -0.8682 3.0265 3.6155, -0.8874 2.9926 3.6853, -0.8741 3.0045 3.6113, -0.8842 2.9842 3.6064, -0.898 2.9664 3.601, -0.9375 2.9281 3.7513, -0.9151 2.9519 3.5954, -0.9578 2.9173 3.7489, -0.9347 2.941 3.5896, -0.9799 2.9106 3.747, -1.0029 2.9083 3.7456, -0.9942 2.9202 3.6618, -1.0259 2.9105 3.7449, -1.0171 2.9224 3.6591, -1.0481 2.9171 3.7447, -1.0392 2.929 3.6571, -1.0686 2.9279 3.7452, -1.0596 2.9398 3.6558, -1.0866 2.9425 3.7463, -1.0776 2.9543 3.6554, -1.1014 2.9602 3.7479, -1.0925 2.9721 3.6558, -1.1124 2.9804 3.75, -1.1037 2.9923 3.657, -1.1193 3.0024 3.7526, -1.1108 3.0142 3.659, -1.1217 3.0252 3.7555, -1.1135 3.0371 3.6616, -1.1196 3.0481 3.7585, -1.1116 3.0599 3.6649, -1.1131 3.0701 3.7617, -1.1054 3.0819 3.6686, -1.1023 3.0903 3.7649, -1.0949 3.1022 3.6726, -1.0878 3.1081 3.7679, -1.0807 3.12 3.6769, -1.07 3.1227 3.7706, -1.0632 3.1345 3.6811, -1.0497 3.1335 3.773, -1.0432 3.1454 3.6851, -1.0276 3.1402 3.7749, -1.0213 3.1521 3.6889, -1.0046 3.1425 3.7762, -0.9985 3.1544 3.6921, -0.9816 3.1403 3.777, -0.9629 3.164 3.6134, -0.9594 3.1337 3.7772, -0.941 3.1574 3.6172, -0.9855 3.1662 3.6088, -1.0079 3.164 3.6036, -1.0294 3.1573 3.598, -1.049 3.1464 3.5923, -1.0661 3.1318 3.5866, -1.0799 3.1141 3.5813, -1.09 3.0938 3.5764, -1.0959 3.0718 3.5721, -1.0974 3.049 3.5687, -1.0946 3.0261 3.5663, -1.0873 3.0042 3.5649, -1.0761 2.9839 3.5647, -1.0612 2.9662 3.5655, -1.0433 2.9517 3.5675, -1.023 2.9409 3.5704, -1.0012 2.9342 3.5743, -0.9786 2.932 3.5789, -0.9562 2.9343 3.5841, -0.8384 3.0079 3.4612, -0.8293 3.0282 3.4677, -0.8547 3.0163 3.5386, -0.8242 3.0502 3.4729, -0.8492 3.0383 3.5433, -0.8232 3.073 3.4765, -0.8479 3.0612 3.5468, -0.851 3.084 3.549, -0.9342 2.9462 3.5046, -0.9562 2.9439 3.4976, -0.9783 2.9461 3.4911, -0.9997 2.9527 3.4854, -1.0197 2.9635 3.4808, -1.0374 2.9781 3.4774, -1.0521 2.9958 3.4753, -1.0634 3.016 3.4746, -1.0707 3.038 3.4753, -1.0738 3.0608 3.4775, -1.0725 3.0837 3.481, -1.0669 3.1056 3.4857, -1.0573 3.1259 3.4915, -1.044 3.1437 3.498, -1.0274 3.1583 3.5051, -1.0084 3.1691 3.5124, -0.9874 3.1758 3.5197, -0.9655 3.1781 3.5268, -0.9434 3.1759 3.5332, -0.8963 3.1811 3.4624, -0.8802 2.9787 3.2753, -0.9694 2.9646 3.4026, -0.8998 2.9853 3.2649, -0.9889 2.9754 3.3963, -0.9182 2.9961 3.2558, -1.0062 2.9899 3.3914, -0.9346 3.0106 3.2484, -1.0207 3.0076 3.3881, -0.9485 3.0283 3.243, -1.0319 3.0279 3.3865, -0.9593 3.0486 3.2398, -1.0392 3.0498 3.3866, -0.9666 3.0705 3.2389, -1.0425 3.0727 3.3885, -0.97 3.0934 3.2403, -1.0415 3.0955 3.3921, -0.9696 3.1162 3.244, -1.0364 3.1175 3.3973, -0.9653 3.1382 3.2499, -1.0272 3.1378 3.4038, -0.9572 3.1585 3.2576, -1.0145 3.1555 3.4114, -0.9457 3.1762 3.267, -0.9986 3.1701 3.4198, -0.9312 3.1908 3.2777, -0.9802 3.181 3.4288, -0.9143 3.2017 3.2892, -0.96 3.1877 3.4378, -0.8956 3.2084 3.3011, -0.9387 3.19 3.4467, -0.8759 3.2107 3.3129, -0.9172 3.1877 3.455, -0.8558 3.2085 3.3243, -0.7695 3.1166 3.3607, -0.766 3.0937 3.3593, -0.7664 3.0709 3.3555, -0.7707 3.0489 3.3497, -0.7788 3.0286 3.3419, -0.8512 2.9902 3.4536, -0.7903 3.0109 3.3325, -0.8671 2.9756 3.4452, -0.8048 2.9963 3.3219, -0.8855 2.9647 3.4363, -0.8217 2.9854 3.3104, -0.9057 2.958 3.4272, -0.8404 2.9787 3.2985, -0.7011 3.1825 3.2305, -0.7876 3.1588 3.3565, -0.7365 3.1504 3.2959, -0.6901 3.0523 3.2176, -0.6834 3.0726 3.2266, -0.7297 3.0607 3.2864, -0.8135 2.9883 3.2161, -0.8325 2.9905 3.2031, -0.8512 2.9971 3.1911, -0.8687 3.0079 3.1805, -0.8845 3.0225 3.1718, -0.8979 3.0402 3.1652, -0.9083 3.0604 3.1611, -0.9155 3.0824 3.1596, -0.9191 3.1052 3.1607, -0.919 3.1281 3.1644, -0.9152 3.1501 3.1706, -0.9078 3.1703 3.1791, -0.8971 3.1881 3.1894, -0.8836 3.2027 3.2012, -0.8677 3.2135 3.2141, -0.85 3.2202 3.2275, -0.8314 3.2225 3.2409, -0.7631 3.2321 3.1874, -0.8362 3.2018 3.3347, -0.7455 3.2255 3.2009, -0.7086 3.244 3.1252, -0.6339 3.2491 3.0839, -0.649 3.2558 3.0677, -0.691 3.1622 3.2355, -0.6408 3.174 3.1791, -0.595 3.2061 3.1206, -0.7124 3.02 3.1935, -0.6999 3.0346 3.2064, -0.6324 3.0844 3.1709, -0.7271 3.0091 3.1793, -0.6122 3.0327 3.0658, -0.6 3.0436 3.0822, -0.5865 3.0379 2.9603, -0.6559 3.026 3.0134, -0.671 3.0326 2.9971, -0.7364 3.0208 3.0567, -0.752 3.0316 3.0434, -0.8132 3.0198 3.1095, -0.5841 3.2677 3.015, -0.5705 3.2611 3.0325, -0.515 3.2796 2.9679, -0.5029 3.273 2.9865, -0.3675 3.3032 2.8924, -0.5859 3.1859 3.1271, -0.5263 3.1978 3.0795, -0.4707 3.2299 3.0291, -0.386 3.1318 2.9953, -0.4527 3.12 3.0312, -0.5167 3.1081 3.0728, -0.5769 3.0962 3.1196, -0.4911 3.2622 3.0033, -0.3498 3.2858 2.9312, -0.3586 3.2966 2.9127, -0.4628 3.2097 3.0371, -0.3966 3.2215 3.0004, -0.3339 3.2535 2.96, -0.4616 3.082 3.0067, -0.6854 3.0434 2.9825, -0.6002 3.0445 2.9428, -0.5128 3.0498 2.9132, -0.4257 3.0594 2.8934, -0.3394 3.0735 2.8817, -0.3321 3.0802 2.9026, -0.2039 3.3201 2.8637, -0.2895 3.315 2.864, -0.2093 3.3268 2.8421, -0.2144 3.329 2.8197, -0.3275 3.2333 2.9692, -0.256 3.2451 2.9439, -0.1875 3.2771 2.9144, -0.1826 3.2568 2.9246, -0.0491 3.2985 2.8947, -0.3212 3.1056 2.9395, -0.4691 3.0674 2.9904, -0.5473 3.0447 3.0162, -0.6259 3.0261 3.0484, -0.7034 3.0119 3.0876, -0.779 3.0023 3.135, -0.0625 3.3481 2.774, -0.0615 3.3504 2.797, -0.0599 3.3482 2.82, -0.0578 3.3415 2.8421, 0.0419 3.2004 2.9043, -0.0321 3.1684 2.894, -0.1715 3.1292 2.8963, -0.326 3.091 2.9221, -0.4784 3.0566 2.9722, -0.5596 3.038 2.9977, -0.6407 3.0238 3.0307, -0.72 3.0142 3.0716, -0.7966 3.009 3.1215, -0.7946 3.106 3.015, -0.7256 3.1179 2.9507, -0.719 3.0959 2.9539, -0.6444 3.1078 2.8958, -0.6358 3.0876 2.9031, -0.5571 3.0995 2.8521, -0.5475 3.0818 2.8635, -0.4666 3.0936 2.8204, -0.457 3.079 2.8356, -0.3739 3.0908 2.8, -0.3651 3.08 2.8185, -0.281 3.0918 2.7905, -0.2738 3.0852 2.8115, -0.1894 3.097 2.7912, -0.1843 3.0948 2.8137, -0.0309 3.1162 2.7956, -0.0299 3.1185 2.8186, 0.1185 3.3541 2.734, 0.026 3.3532 2.7493, 0.1148 3.365 2.7541, 0.0245 3.3599 2.7714, 0.1115 3.3716 2.776, 0.0236 3.3622 2.7944, 0.1087 3.3739 2.7989, 0.1065 3.3717 2.8218, 0.1049 3.3651 2.844, -0.0459 3.2783 2.9055, 0.0301 3.29 2.9039, 0.1047 3.322 2.8973, -0.0306 3.1506 2.8792, -0.1733 3.1146 2.8784, -0.7293 3.1407 2.9509, -0.6506 3.1298 2.892, -0.565 3.1197 2.8441, -0.4752 3.1113 2.8082, -0.3822 3.1054 2.784, -0.2882 3.1026 2.7714, -0.1948 3.1036 2.7697, -0.0325 3.1184 2.7726, 0.0542 3.1279 2.7956, 0.1363 3.142 2.8255, 0.133 3.1487 2.8474, 0.2135 3.3513 2.7293, 0.2082 3.3658 2.7465, 0.2029 3.3767 2.7662, 0.1978 3.3834 2.7878, 0.1931 3.3857 2.8103, 0.189 3.3835 2.833, 0.2651 3.3886 2.8726, 0.1061 3.3018 2.9085, 0.1814 3.3135 2.9193, 0.2561 3.3455 2.9252, 0.1255 3.1741 2.8851, -0.0298 3.136 2.8612, -0.1762 3.1037 2.8581, -0.2606 3.0853 2.8557, -0.3475 3.0712 2.8602, -0.4361 3.0616 2.8728, -0.525 3.0564 2.8947, -0.6133 3.0553 2.9271, -0.6985 3.0579 2.9702, -0.7782 3.0639 3.0235, -0.851 3.0723 3.0868, -0.7302 3.1636 2.9545, -0.6544 3.1526 2.8919, -0.5709 3.1417 2.8398, -0.4824 3.1315 2.7995, -0.3898 3.1231 2.7712, -0.2952 3.1171 2.7548, -0.2004 3.1144 2.75, -0.0346 3.125 2.7506, 0.0546 3.1302 2.7726, 0.1391 3.1397 2.8026, 0.2184 3.1537 2.8391, 0.2923 3.1722 2.8806, 0.2854 3.183 2.8998, 0.3948 3.1773 2.8438, 0.3117 3.1654 2.8152, 0.3169 3.1721 2.7936, 0.2306 3.1603 2.7719, 0.2331 3.1711 2.7516, 0.1438 3.1593 2.7371, 0.1438 3.1739 2.7191, 0.052 3.1621 2.712, 0.0501 3.1798 2.6972, -0.0432 3.1681 2.6979, -0.0465 3.1883 2.6871, -0.2161 3.1669 2.7088, -0.2203 3.1888 2.7027, -0.312 3.1771 2.726, -0.3155 3.1999 2.7246, -0.405 3.1881 2.7557, -0.407 3.211 2.7588, -0.4933 3.1992 2.7973, -0.4929 3.2212 2.8046, -0.5751 3.2094 2.85, -0.5718 3.2296 2.8607, -0.6497 3.2177 2.9129, -0.643 3.2355 2.9262, -0.7151 3.2236 2.9841, -0.7049 3.2382 2.9989, -0.7565 3.2372 3.0766, -0.1983 3.3093 2.8834, -0.0552 3.3308 2.8624, 0.1041 3.3543 2.8644, 0.2609 3.3778 2.8926, 0.3436 3.4004 2.8971, 0.4123 3.4015 2.9472, 0.4198 3.4123 2.9282, 0.2557 3.3253 2.9364, 0.3288 3.3371 2.9599, 0.4022 3.3692 2.9785, 0.2787 3.1976 2.9165, 0.1294 3.1595 2.8675, -0.0295 3.1252 2.8408, -0.1799 3.097 2.8363, -0.2669 3.083 2.8335, -0.3562 3.0734 2.8388, -0.4467 3.0682 2.8533, -0.5367 3.0672 2.8779, -0.6253 3.0699 2.9137, -0.7099 3.0757 2.9605, -0.7878 3.0841 3.0177, -0.858 3.0942 3.0847, 0.6487 3.3924 2.8935, 0.5694 3.3806 2.844, 0.56 3.3984 2.8555, 0.478 3.3867 2.8133, 0.4686 3.4013 2.8287, 0.3839 3.3894 2.7939, 0.3754 3.4003 2.8125, 0.2897 3.3885 2.7856, 0.2829 3.3951 2.8067, 0.7237 3.4041 2.9495, 0.6384 3.4101 2.9042, 0.5494 3.413 2.87, 0.4586 3.4121 2.8465, 0.3668 3.407 2.8329, 0.2763 3.3974 2.8288, 0.3999 3.349 2.9895, 0.4676 3.3607 3.0246, 0.5364 3.3927 3.0547, -0.7257 3.1056 3.2963, -0.7258 3.0827 3.2926, -0.6803 3.1174 3.2368, -0.6801 3.0946 3.2331, -0.6302 3.1292 3.1813, -0.6297 3.1064 3.1776, -0.5756 3.1411 3.1302, -0.5748 3.1182 3.1266, -0.5163 3.153 3.0834, -0.5151 3.1301 3.0799, -0.4531 3.1649 3.0418, -0.4517 3.142 3.0384, -0.3873 3.1767 3.0059, -0.3856 3.1538 3.0026, -0.3187 3.1885 2.9755, -0.3167 3.1656 2.9723, -0.2478 3.2003 2.9509, -0.2456 3.1774 2.9479, -0.175 3.212 2.9322, -0.1725 3.1892 2.9294, -0.0395 3.2335 2.9142, -0.0367 3.2106 2.9118, 0.0358 3.2452 2.9131, 0.0388 3.2224 2.9109, 0.111 3.257 2.9181, 0.1142 3.2341 2.9162, 0.1855 3.2687 2.9294, 0.1888 3.2459 2.9277, 0.2589 3.2805 2.9468, 0.2623 3.2576 2.9454, 0.3311 3.2923 2.9705, 0.3347 3.2695 2.9694, 0.4013 3.3042 3.0002, 0.4049 3.2813 2.9995, 0.4681 3.3159 3.0354, 0.4718 3.2931 3.035, 0.5319 3.3276 3.0759, 0.5357 3.3048 3.0758, 0.5922 3.3393 3.1216, 0.4258 3.2213 2.9737, -0.6927 3.249 3.0153, -0.6341 3.2501 2.9418, -0.5662 3.2474 2.8745, -0.4905 3.2414 2.8155, -0.4072 3.233 2.7661, -0.3178 3.2228 2.7276, -0.2237 3.2117 2.7011, -0.0497 3.2103 2.6805, 0.0477 3.2001 2.6862, 0.1431 3.1916 2.7042, 0.2347 3.1856 2.7337, 0.3211 3.1828 2.7736, 0.4018 3.1839 2.8227, 0.4753 3.1891 2.8793, 0.5406 3.1986 2.9411, 0.5985 3.2126 3.0067, 0.5851 3.2193 3.0243, 0.7437 3.3162 2.9433, 0.6681 3.3044 2.8858, 0.667 3.3273 2.8822, 0.5867 3.3156 2.8311, 0.583 3.3384 2.8315, 0.4989 3.3267 2.7876, 0.4934 3.3487 2.7924, 0.4056 3.3368 2.7557, 0.3993 3.3571 2.7649, 0.3096 3.3452 2.7362, 0.7938 3.4158 3.0115, 0.7125 3.4219 2.9593, 0.6266 3.4247 2.9178, 0.5379 3.4239 2.8869, 0.4483 3.4188 2.8661, 0.3584 3.4093 2.8544, 0.2703 3.3952 2.851, 0.9111 3.4379 3.1436, 0.7819 3.4336 3.0204, 0.6997 3.4365 2.9718, 0.6138 3.4356 2.9337, 0.5261 3.4306 2.9056, 0.4381 3.4211 2.8868, 0.3506 3.4071 2.8761, 0.5323 3.3724 3.0652, 0.5935 3.3842 3.1109, 0.6565 3.4161 3.1519, 0.6507 3.3959 3.1616, 0.7537 3.4382 3.261, -0.7293 3.1284 3.2974, -0.684 3.1403 3.2376, -0.6339 3.1521 3.1818, -0.5793 3.1639 3.1304, -0.52 3.1758 3.0833, -0.4569 3.1877 3.0414, -0.391 3.1995 3.0052, -0.3223 3.2113 2.9745, -0.2513 3.2231 2.9495, -0.1784 3.2349 2.9306, -0.0426 3.2563 2.9121, 0.0328 3.2681 2.9107, 0.1083 3.2798 2.9155, 0.183 3.2916 2.9265, 0.2566 3.3033 2.9437, 0.3292 3.3152 2.9673, 0.3996 3.327 2.9969, 0.4667 3.3387 3.0319, 0.5308 3.3505 3.0723, 0.5914 3.3622 3.1179, 0.6481 3.3739 3.1684, 0.5605 3.2448 3.0538, 0.4352 3.2067 2.9584, 0.37 3.184 2.9074, 0.2991 3.1655 2.8595, 0.2231 3.1515 2.8165, 0.1414 3.1419 2.7797, 0.0543 3.1368 2.7504, -0.0371 3.1358 2.7302, -0.2059 3.1289 2.7328, -0.3017 3.1349 2.7413, -0.3962 3.1433 2.7619, -0.4879 3.1535 2.7948, -0.5747 3.1645 2.8393, -0.6555 3.1755 2.8954, -0.728 3.1855 2.9615, -0.7903 3.194 3.0354, -0.8422 3.1999 3.1159, 0.7901 3.4297 3.3326, 0.7465 3.418 3.2697, 0.7428 3.396 3.276, 0.6975 3.385 3.2203, 0.6977 3.3621 3.2241, 0.6486 3.3511 3.1722, 0.6523 3.3282 3.1727, 0.596 3.3165 3.1218, -0.5979 3.2699 2.9965, -0.5271 3.2818 2.9483, -0.5387 3.2795 2.9284, -0.4632 3.2913 2.8858, -0.4722 3.2846 2.8655, -0.3916 3.2964 2.8285, -0.3977 3.2856 2.809, -0.3127 3.2974 2.7784, -0.316 3.2828 2.7607, -0.2272 3.2946 2.7371, -0.2279 3.2768 2.7222, -0.0602 3.2982 2.6987, -0.0582 3.2779 2.6876, 0.036 3.2897 2.6857, 0.039 3.2677 2.6791, 0.1337 3.2795 2.6853, 0.1369 3.2566 2.6834, 0.2307 3.2684 2.6975, 0.2332 3.2456 2.7004, 0.3254 3.2573 2.7225, 0.3264 3.2353 2.7298, 0.4165 3.2472 2.7599, 0.4152 3.227 2.7711, 0.5016 3.2388 2.8086, 0.4974 3.2211 2.8229, 0.5786 3.2328 2.8666, 0.5713 3.2183 2.883, 0.6474 3.23 2.9326, 0.6368 3.2192 2.9502, 0.7072 3.2309 3.005, 0.6937 3.2243 3.0226, 0.7579 3.236 3.0819, 0.742 3.2338 3.0986, 0.8464 3.2559 3.2216, 0.8278 3.2582 3.2351, 0.9485 3.2932 3.4547, 0.9143 3.2816 3.3783, 0.935 3.2793 3.368, 0.8937 3.2676 3.293, 0.9131 3.2698 3.2805, 0.8647 3.2581 3.2076, 0.882 3.2647 3.1936, 0.7728 3.2426 3.0654, 0.786 3.2534 3.0498, 0.7191 3.2417 2.9883, 0.7291 3.2562 2.9733, 0.656 3.2445 2.9168, 0.6625 3.2622 2.9034, 0.584 3.2505 2.8527, 0.5872 3.2708 2.8419, 0.5039 3.259 2.7975, 0.5042 3.281 2.7902, 0.4162 3.2691 2.7526, 0.4142 3.292 2.7494, 0.3232 3.2801 2.7195, 0.3197 3.303 2.7208, 0.2274 3.2912 2.6991, 0.2233 3.3132 2.7052, 0.1301 3.3015 2.6916, 0.1262 3.3217 2.7021, 0.033 3.31 2.6965, 0.0303 3.3277 2.7111, -0.0617 3.316 2.7134, -0.0626 3.3306 2.7314, -0.2254 3.3091 2.7549, -0.2226 3.32 2.7752, -0.3082 3.3082 2.7984, -0.3027 3.3149 2.8198, -0.3843 3.3031 2.8495, -0.3762 3.3054 2.871, -0.4533 3.2936 2.9066, 0.8101 3.4879 3.2108, 0.9009 3.5113 3.3514, 0.8777 3.5018 3.2668, 0.9212 3.5135 3.3406, 0.9419 3.5112 3.3303, 0.8816 3.5047 3.3624, 0.7928 3.4813 3.2248, 0.6896 3.4592 3.11, 0.837 3.4616 3.3917, 0.8613 3.453 3.4683, 0.8285 3.4414 3.399, 0.8238 3.4194 3.4047, 0.7859 3.4077 3.3386, 0.7855 3.3849 3.3424, 0.7427 3.3732 3.2798, 0.7463 3.3503 3.2809, 0.7014 3.3393 3.2249, 1.0007 3.5162 3.4015, 0.9799 3.5229 3.4092, 0.9585 3.5252 3.4178, 0.9374 3.523 3.4269, 0.9467 3.528 3.5127, 0.8979 3.485 3.5343, 0.9093 3.4765 3.6147, 0.8882 3.4647 3.5402, 0.8827 3.4428 3.545, 0.8561 3.4311 3.4735, 0.8551 3.4082 3.4772, 0.8231 3.3966 3.4084, 0.8264 3.3737 3.41, 0.789 3.362 3.3438, 0.7962 3.34 3.3426, 0.7637 3.3081 3.2748, 0.6804 3.2682 3.1551, 0.5723 3.2302 3.0403, 0.4452 3.1959 2.9406, 0.3786 3.1773 2.8869, 0.3057 3.1632 2.8374, 0.2272 3.1537 2.7939, 0.1429 3.1486 2.7575, 0.0534 3.1476 2.7299, -0.0401 3.1503 2.7125, -0.2112 3.1467 2.7189, -0.3073 3.1551 2.7316, -0.4014 3.1653 2.7567, -0.4916 3.1763 2.794, -0.5761 3.1874 2.8428, -0.6539 3.1974 2.9025, -0.7229 3.2058 2.9715, -0.7814 3.2117 3.0474, 0.8942 3.2883 3.3877, 0.955 3.3116 3.5398, 0.9351 3.3225 3.5446, 1.0424 3.3378 3.7815, 1.0348 3.3262 3.6961, 1.0576 3.3284 3.6925, 1.0425 3.3166 3.6053, 1.0639 3.3233 3.5994, 1.0411 3.3115 3.5121, 1.0601 3.3223 3.5046, 1.0296 3.3106 3.4187, 1.0454 3.3251 3.4101, 1.0072 3.3135 3.3258, 1.0192 3.3312 3.317, 0.9734 3.3195 3.2352, 0.9813 3.3397 3.2271, 0.9283 3.328 3.1487, 0.932 3.35 3.1424, 0.8758 3.3389 3.0724, 0.8755 3.3618 3.0686, 0.8137 3.3507 3.0033, 0.81 3.3736 3.0028, 0.7391 3.3619 2.9395, 0.7326 3.3838 2.9428, 0.6571 3.3721 2.8861, 1.0526 3.517 3.4802, 1.0327 3.5279 3.4851, 1.0114 3.5346 3.491, 0.9894 3.5369 3.4978, 0.9675 3.5347 3.5051, 0.9698 3.5398 3.5922, 0.9862 3.5516 3.6733, 0.5621 3.4357 3.0079, 0.5516 3.4249 3.0255, 0.6763 3.4484 3.1256, 0.7773 3.4705 3.2381, 0.8641 3.4939 3.373, 0.9276 3.5172 3.5203, 0.9662 3.5408 3.6777, 0.9345 3.5085 3.6865, 0.9325 3.4999 3.7671, 0.9241 3.4883 3.6907, 0.9178 3.4663 3.6945, 0.9033 3.4545 3.619, 0.9018 3.4317 3.6224, 0.8814 3.4199 3.5485, 0.8844 3.3971 3.5507, 0.8583 3.3854 3.4791, 0.8656 3.3634 3.4792, 0.8337 3.3517 3.4095, 0.8446 3.3315 3.4069, 1.043 3.3495 3.8674, 1.0654 3.3401 3.7798, 1.0794 3.335 3.6884, 1.0835 3.3341 3.5935, 1.0766 3.3368 3.4973, 1.0581 3.3429 3.4023, 1.0277 3.3514 3.3096, 0.9855 3.3617 3.2211, 0.9321 3.3728 3.1386, 0.8719 3.3846 3.0678, 0.8033 3.3955 3.0056, 1.0366 3.3612 3.9531, 1.0661 3.3517 3.8676, 1.0875 3.3467 3.7776, 1.0994 3.3458 3.6841, 1.1005 3.3486 3.5876, 1.0899 3.3545 3.4906, 1.0672 3.3631 3.3956, 1.0324 3.3734 3.304, 0.9859 3.3845 3.2174, 0.9285 3.3957 3.1376, 0.865 3.4066 3.0701, 1.1594 3.4893 3.8515, 1.1502 3.4996 3.7536, 1.1528 3.5113 3.8485, 1.1392 3.5199 3.7517, 1.1419 3.5315 3.8456, 1.1244 3.5376 3.7503, 1.1273 3.5493 3.843, 1.1065 3.5522 3.7495, 1.1095 3.5639 3.8407, 1.086 3.5631 3.7493, 1.0891 3.5747 3.8389, 1.0639 3.5698 3.7498, 1.067 3.5814 3.8376, 1.0409 3.5721 3.7509, 1.044 3.5837 3.8368, 1.0209 3.5815 3.8366, 0.9988 3.5749 3.837, 0.9783 3.5641 3.838, 0.6943 3.2536 3.1437, 0.7768 3.2903 3.2679, 0.9456 3.5318 3.8416, 0.9305 3.5232 3.9208, 0.9346 3.5116 3.844, 0.9278 3.4896 3.8467, 0.9259 3.478 3.7704, 0.9238 3.4551 3.7735, 0.9159 3.4435 3.6978, 0.9186 3.4206 3.7005, 0.9046 3.4089 3.6248, 0.9118 3.3869 3.6261, 0.8917 3.3751 3.5514, 0.9029 3.3548 3.5506, 0.4864 3.3689 2.8011, 0.5771 3.3604 2.8359, 0.6633 3.3501 2.8823, 0.7429 3.339 2.9396, 0.8143 3.3279 3.007, 0.8726 3.317 3.079, 0.9211 3.3078 3.1574, 0.9107 3.2901 3.1681, 0.9622 3.3018 3.2449, 0.948 3.2872 3.256, 0.9921 3.2989 3.3357, 0.9746 3.2881 3.3463, 1.0113 3.2998 3.4278, 0.9911 3.2932 3.4371, 1.0202 3.3049 3.5197, 0.9984 3.3026 3.5271, 1.0201 3.3144 3.6108, 0.9976 3.3167 3.6157, 1.012 3.3285 3.6991, 0.99 3.3352 3.7014, 0.9979 3.3585 3.8653, 0.9775 3.3693 3.8635, 1.0882 3.3583 3.8672, 1.1078 3.3575 3.7749, 1.1169 3.3604 3.6796, 1.1143 3.3663 3.582, 1.0995 3.3748 3.4847, 1.0724 3.3851 3.3904, 1.0331 3.3962 3.3003, 0.9824 3.4074 3.216, 0.9214 3.4177 3.1393, 1.0817 3.37 3.9566, 1.1087 3.3691 3.8662, 1.1255 3.372 3.7719, 1.1311 3.3781 3.6752, 1.1244 3.3865 3.5769, 1.1051 3.3967 3.4799, 1.0733 3.4079 3.3868, 1.0297 3.4191 3.2986, 0.9752 3.4293 3.2171, 1.1394 3.4669 4.0472, 1.1558 3.4781 3.95, 1.1422 3.4897 4.0447, 1.1539 3.5009 3.9468, 1.1405 3.5126 4.0414, 1.1475 3.5229 3.9432, 1.1345 3.5346 4.0373, 1.137 3.5432 3.9395, 1.1243 3.5548 4.0327, 1.1226 3.561 3.9357, 1.1103 3.5726 4.0277, 1.105 3.5755 3.9319, 1.0931 3.5872 4.0226, 1.0849 3.5864 3.9284, 1.0733 3.598 4.0174, 1.063 3.5931 3.9253, 1.0517 3.6047 4.0125, 1.0401 3.5954 3.9226, 1.0291 3.607 4.008, 1.0171 3.5932 3.9206, 1.0064 3.6048 4.004, 0.9844 3.5982 4.0008, 0.9641 3.5874 3.9984, -0.7252 3.2462 3.1092, -0.679 3.2557 3.0327, -0.6233 3.2609 2.9591, -0.5587 3.262 2.8908, -0.4861 3.2592 2.8297, -0.4057 3.2532 2.7772, -0.3186 3.2447 2.7348, -0.2262 3.2345 2.7039, -0.0528 3.2331 2.6784, 0.045 3.222 2.6794, 0.1417 3.2118 2.693, 0.2353 3.2034 2.7188, 0.3241 3.1974 2.7558, 0.4076 3.1947 2.8031, 0.484 3.1957 2.8589, 0.5519 3.2008 2.921, 0.6119 3.2103 2.9879, 0.6643 3.2243 3.0581, 0.7096 3.2428 3.1301, 0.7923 3.2757 3.2587, 0.8587 3.3137 3.4022, 0.9312 3.5551 3.9966, 0.9036 3.5463 4.0708, 0.92 3.5349 3.9972, 0.9128 3.5129 3.9987, 0.9234 3.5013 3.923, 0.9208 3.4784 3.9257, 0.9254 3.4668 3.8497, 0.9276 3.4439 3.8527, 0.9262 3.4323 3.7764, 0.933 3.4103 3.7788, 0.9256 3.3986 3.7024, 0.9368 3.3784 3.7034, 0.4285 3.4189 2.9078, 0.5142 3.4328 2.9254, 0.6004 3.4423 2.9514, 0.6856 3.4473 2.9867, 0.768 3.4482 3.0318, 0.898 3.4557 3.1505, 0.9646 3.4496 3.2206, 1.0225 3.441 3.2991, 1.0701 3.4307 3.3849, 1.1063 3.4196 3.4764, 1.1303 3.4085 3.5726, 1.1416 3.3983 3.671, 1.1401 3.3897 3.7687, 1.1266 3.3837 3.8646, 1.1021 3.3808 3.9573, 1.0678 3.3817 4.0452, 1.0254 3.3864 4.1256, 0.9765 3.3956 4.1998, 1.0713 3.4475 4.2267, 1.111 3.4563 4.1394, 1.0825 3.4677 4.228, 1.1182 3.4783 4.1384, 1.0898 3.4897 4.2275, 1.1212 3.5011 4.1361, 1.093 3.5125 4.2255, 1.1199 3.524 4.1326, 1.0919 3.5354 4.222, 1.1142 3.546 4.1281, 1.0866 3.5574 4.217, 1.1044 3.5662 4.1227, 1.0772 3.5776 4.2108, 1.0908 3.584 4.1166, 1.0642 3.5954 4.2036, 1.0741 3.5986 4.1101, 1.048 3.61 4.1958, 1.0548 3.6094 4.1033, 1.0293 3.6208 4.1875, 1.0336 3.6161 4.0967, 1.0088 3.6275 4.1792, 0.9872 3.6298 4.1711, 0.9654 3.6276 4.1636, 0.9443 3.621 4.1569, 0.9246 3.6102 4.1513, -0.6642 3.258 3.0504, -0.6111 3.2676 2.9776, -0.5494 3.2728 2.909, -0.4799 3.2738 2.8466, -0.4025 3.271 2.7917, -0.318 3.265 2.746, -0.2276 3.2565 2.711, -0.0557 3.256 2.6808, 0.0421 3.2449 2.677, 0.1396 3.2338 2.686, 0.2348 3.2236 2.7075, 0.3259 3.2151 2.741, 0.4122 3.2092 2.7857, 0.4915 3.2065 2.8399, 0.5622 3.2075 2.9014, 0.6249 3.2126 2.9689, 0.6792 3.2221 3.0405, 0.7257 3.2361 3.1148, 0.8095 3.2649 3.2477, 0.8755 3.2991 3.3957, 0.9175 3.3371 3.5483, 0.8925 3.5779 4.1442, 0.8526 3.5693 4.2146, 0.8813 3.5577 4.143, 0.8739 3.5357 4.1434, 0.8963 3.5243 4.0718, 0.8933 3.5015 4.0741, 0.91 3.4901 4.0013, 0.9116 3.4672 4.0046, 0.9228 3.4556 3.9289, 0.9291 3.4336 3.9325, 0.9342 3.422 3.8557, 0.9451 3.4017 3.8586, 0.9419 3.4072 4.0183, 0.8995 3.43 4.1673, 0.8865 3.4478 4.1601, 0.9157 3.4154 4.1751, 0.9591 3.3926 4.0234, 1.02 3.3518 3.8666, 1.0137 3.3634 3.9504, 0.9789 3.3818 4.0286, 1.0005 3.3751 4.0335, 0.9344 3.4046 4.1834, 0.9549 3.3979 4.1917, 0.864 3.4278 4.3322, 0.8378 3.4328 4.415, 0.8829 3.4211 4.3438, 0.9029 3.4188 4.3553, 0.9429 3.4072 4.279, 0.964 3.4094 4.2883, 0.9983 3.3978 4.2074, 1.0194 3.4044 4.214, 1.047 3.393 4.1306, 1.0671 3.4038 4.1346, 1.0881 3.3924 4.0476, 1.1061 3.407 4.049, 1.1202 3.3953 3.9572, 1.135 3.4131 3.9564, 1.1414 3.4014 3.8626, 1.1524 3.4216 3.8602, 1.1508 3.41 3.7653, 1.1574 3.4319 3.7621, 1.1478 3.4203 3.6672, 1.1497 3.4431 3.6639, 1.1319 3.4314 3.5692, 1.1291 3.4542 3.5668, 1.1033 3.4424 3.4742, 1.096 3.4644 3.4735, 1.0629 3.4527 3.3848, 1.0518 3.473 3.3865, 1.0116 3.4613 3.3018, 0.9975 3.4791 3.3064, 0.9509 3.4674 3.2264, 0.9347 3.482 3.2343, 0.8825 3.4703 3.1597, 0.8653 3.4811 3.1708, 0.7528 3.459 3.0454, 0.7367 3.4657 3.0606, 0.6708 3.454 3.0032, 0.6559 3.4563 3.0207, 0.587 3.4446 2.9701, 0.5741 3.4424 2.9892, 0.9614 3.4385 4.3851, 1.0207 3.4414 4.3096, 0.978 3.453 4.3922, 1.0351 3.4591 4.3136, 0.9919 3.4708 4.3974, 1.0461 3.4794 4.3158, 1.0028 3.491 4.4004, 1.0535 3.5013 4.316, 1.0101 3.5129 4.4012, 1.0568 3.5242 4.3142, 1.0135 3.5358 4.3997, 1.056 3.547 4.3106, 1.0131 3.5586 4.396, 1.0511 3.569 4.3052, 1.0086 3.5806 4.3903, 1.0423 3.5893 4.2982, 1.0004 3.6009 4.3826, 1.03 3.607 4.29, 0.9888 3.6187 4.3734, 1.0145 3.6216 4.2809, 0.9741 3.6332 4.363, 0.9965 3.6325 4.2711, 0.957 3.6441 4.3518, 0.9767 3.6392 4.2611, 0.9381 3.6508 4.3403, 0.9559 3.6414 4.2513, 0.9181 3.6531 4.3288, 0.8979 3.6509 4.3178, 0.8781 3.6442 4.3077, 0.8596 3.6334 4.299, 0.9516 3.3606 3.7036, 0.8291 3.6012 4.2867, 0.7783 3.5926 4.3498, 0.8182 3.5809 4.2837, 0.8109 3.559 4.2829, 0.8453 3.5474 4.2144, 0.842 3.5245 4.2161, 0.8708 3.5129 4.1454, 0.8719 3.49 4.149, 0.8947 3.4786 4.0776, 0.9004 3.4567 4.0821, 0.9177 3.4453 4.0087, 0.9279 3.425 4.0133, 0.8074 3.5361 4.2844, 0.8427 3.5017 4.2198, 0.8079 3.5133 4.2881, 0.8476 3.4797 4.2252, 0.8124 3.4913 4.2938, 0.8206 3.471 4.3015, 0.8772 3.4681 4.1539, 0.8322 3.4533 4.3107, 0.8469 3.4387 4.321, 0.7302 3.4561 4.5457, 0.787 3.4444 4.4823, 0.8048 3.4421 4.497, 0.8568 3.4305 4.4281, 0.8761 3.4327 4.4407, 0.9231 3.4211 4.3663, 0.9429 3.4277 4.3764, 0.9845 3.4161 4.2967, 1.0037 3.4269 4.3039, 1.0391 3.4152 4.2196, 1.0566 3.4298 4.2239, 1.0849 3.4184 4.1374, 1.0997 3.4361 4.139, 1.121 3.4247 4.0494, 1.1322 3.4449 4.0488, 1.1462 3.4333 3.9549, 1.1532 3.4552 3.9527, 1.1592 3.4436 3.8575, 1.1616 3.4664 3.8545, 1.1595 3.4548 3.7589, 1.1571 3.4776 3.7561, 1.147 3.466 3.6613, 1.14 3.488 3.6594, 1.1219 3.4762 3.5655, 1.1107 3.4964 3.5654, 1.0849 3.4847 3.4743, 1.0702 3.5024 3.4766, 1.0374 3.4908 3.39, 1.0201 3.5054 3.395, 0.9807 3.4937 3.3129, 0.9619 3.5045 3.321, 0.9167 3.4928 3.2439, 0.8974 3.4995 3.2548, 0.847 3.4878 3.1833, 0.8284 3.4901 3.1968, 0.7203 3.468 3.0769, 0.7044 3.4658 3.0936, 0.6414 3.4541 3.0387, 0.823 3.4443 4.5111, 0.8949 3.4393 4.4524, 0.8408 3.4509 4.5243, 0.9127 3.4501 4.4626, 0.8577 3.4617 4.5359, 0.9286 3.4646 4.4711, 0.8729 3.4763 4.5456, 0.9421 3.4824 4.4773, 0.8858 3.494 4.553, 0.9527 3.5026 4.4813, 0.896 3.5142 4.5578, 0.9599 3.5246 4.4826, 0.9031 3.5362 4.5597, 0.9635 3.5474 4.4815, 0.9068 3.559 4.5588, 0.9633 3.5703 4.4777, 0.9069 3.5819 4.5551, 0.9593 3.5922 4.4716, 0.9034 3.6039 4.5487, 0.9518 3.6125 4.4633, 0.8966 3.6241 4.5398, 0.9409 3.6303 4.4532, 0.8866 3.6419 4.5289, 0.9271 3.6449 4.4417, 0.8738 3.6565 4.5162, 0.911 3.6557 4.4291, 0.8588 3.6673 4.5024, 0.8931 3.6624 4.416, 0.842 3.674 4.4879, 0.8742 3.6647 4.4029, 0.8242 3.6763 4.4732, 0.8549 3.6625 4.3903, 0.806 3.6741 4.4591, 0.7881 3.6675 4.4459, 0.7713 3.6567 4.4343, -0.8449 3.138 3.4769, -0.2964 3.3172 2.842, -0.2188 3.3267 2.7971, -0.0629 3.3414 2.7518, 0.028 3.3423 2.729, 0.1223 3.3395 2.7164, 0.2186 3.3335 2.7153, 0.3151 3.325 2.7265, 0.4106 3.3148 2.7504, 0.5025 3.3038 2.7869, 0.5881 3.2927 2.8346, 0.6666 3.2825 2.8929, 0.7367 3.274 2.9605, 0.7972 3.268 3.0357, 0.8975 3.2755 3.1803, 0.9314 3.2764 3.268, 0.9553 3.2815 3.3572, 0.9699 3.291 3.4462, 0.9764 3.3049 3.5338, 0.9758 3.3234 3.6198, 0.9696 3.346 3.7029, 0.9597 3.3839 3.8612, 0.7432 3.6244 4.4172, 0.733 3.6042 4.4124, 0.7711 3.5706 4.3484, 0.7259 3.5822 4.4105, 0.7675 3.5478 4.3496, 0.7222 3.5594 4.4114, 0.7677 3.5249 4.3533, 0.7221 3.5365 4.4151, 0.7716 3.5029 4.3594, 0.7255 3.5145 4.4215, 0.7324 3.4943 4.4304, 0.7424 3.4765 4.4413, 0.7552 3.4619 4.454, 0.7468 3.4538 4.5618, 0.7637 3.456 4.5774, 0.7804 3.4626 4.592, 0.7963 3.4734 4.605, 0.8106 3.488 4.6159, 0.8229 3.5057 4.6243, 0.8327 3.5259 4.6299, 0.8395 3.5479 4.6324, 0.8433 3.5707 4.6318, 0.8437 3.5936 4.6281, 0.8408 3.6156 4.6215, 0.8347 3.6358 4.6121, 0.8257 3.6536 4.6003, 0.814 3.6682 4.5866, 0.8001 3.679 4.5716, 0.7846 3.6857 4.5558, 0.7681 3.688 4.5397, 0.7511 3.6858 4.5241, 0.7344 3.6792 4.5095, 0.6608 3.6801 4.5542, 0.6231 3.5177 4.544, 0.6178 3.5379 4.5341, 0.674 3.5262 4.48, 0.6154 3.5599 4.5272, 0.6711 3.5482 4.4733, 0.6162 3.5828 4.5236, 0.6716 3.5711 4.4696, 0.6199 3.6056 4.5233, 0.6753 3.5939 4.469, 0.6266 3.6276 4.5264, 0.6822 3.6159 4.4716, 0.7702 3.4511 4.4678, 0.7147 3.4628 4.5299, 0.4976 3.5409 4.6376, 0.494 3.5611 4.627, 0.5578 3.5495 4.583, 0.4929 3.5831 4.6198, 0.5561 3.5715 4.576, 0.4942 3.606 4.6163, 0.5571 3.5944 4.5724, 0.4979 3.6288 4.6166, 0.5609 3.6172 4.5724, 0.504 3.6508 4.6208, 0.5672 3.6392 4.5761, 0.6684 3.4678 4.6042, 0.6835 3.4655 4.6216, 0.6162 3.4771 4.6756, 0.6991 3.4677 4.6385, 0.6304 3.4793 4.6937, 0.7146 3.4743 4.6545, 0.6445 3.4859 4.7109, 0.7293 3.4851 4.6687, 0.6579 3.4967 4.7263, 0.7427 3.4997 4.6808, 0.6703 3.5113 4.7394, 0.7542 3.5174 4.6902, 0.681 3.529 4.7497, 0.7635 3.5376 4.6966, 0.6898 3.5492 4.7568, 0.7701 3.5596 4.6997, 0.6961 3.5712 4.7605, 0.7739 3.5824 4.6994, 0.6999 3.594 4.7605, 0.7746 3.6053 4.6957, 0.7009 3.6169 4.7569, 0.7723 3.6273 4.6888, 0.6992 3.6389 4.7499, 0.767 3.6475 4.679, 0.6947 3.6591 4.7396, 0.7589 3.6653 4.6665, 0.6877 3.6769 4.7265, 0.7484 3.6799 4.6519, 0.6784 3.6915 4.7111, 0.7359 3.6907 4.6358, 0.6672 3.7023 4.694, 0.7217 3.6974 4.6187, 0.6545 3.709 4.6759, 0.7066 3.6997 4.6014, 0.6408 3.7113 4.6573, 0.6909 3.6975 4.5844, 0.558 3.7207 4.6885, 0.6037 3.7031 4.7645, 0.6117 3.6885 4.7806, 0.6177 3.6707 4.7942, 0.6213 3.6504 4.8048, 0.6224 3.6285 4.812, 0.6211 3.6056 4.8155, 0.6174 3.5828 4.8151, 0.6113 3.5608 4.811, 0.6032 3.5406 4.8032, 0.5933 3.5229 4.792, 0.5821 3.5083 4.7779, 0.6755 3.6909 4.5685, 0.5454 3.714 4.6703, 0.4856 3.7323 4.7322, 0.4003 3.7372 4.7497, 0.4098 3.7438 4.7697, 0.6359 3.6478 4.5328, 0.5036 3.5231 4.6512, 0.5116 3.5085 4.6673, 0.5573 3.4909 4.7432, 0.5699 3.4975 4.7615, 0.4804 3.5025 4.7866, 0.4915 3.5091 4.8058, 0.4002 3.514 4.8236, 0.4097 3.5207 4.8437, 0.5213 3.4977 4.6852, 0.3742 3.5208 4.7605, 0.2336 3.5415 4.8066, 0.3821 3.5141 4.7812, 0.4589 3.5025 4.7459, 0.5325 3.491 4.7044, 0.5446 3.4887 4.724, 0.4694 3.5003 4.7664, 0.3909 3.5118 4.8025, 0.244 3.5325 4.8506, 0.1991 3.7059 4.972, 0.2922 3.7145 4.9397, 0.4478 3.7116 4.8693, 0.525 3.7146 4.8116, 0.594 3.7139 4.7465, 0.1609 3.7062 4.7571, 0.0875 3.738 4.7788, 0.0063 3.707 4.9978, 0.1044 3.7174 4.9854, 0.1998 3.7261 4.9608, 0.2907 3.7323 4.9249, 0.4426 3.7262 4.8521, 0.5167 3.7255 4.7929, 0.5828 3.7206 4.7274, -0.0683 3.8107 4.8579, 0.0165 3.7992 4.859, 0.101 3.7877 4.8531, 0.2676 3.7645 4.8209, 0.2611 3.7579 4.7997, 0.0981 3.781 4.8311, -0.0676 3.8041 4.8357, 0.0838 3.7177 4.7682, 0.0063 3.7293 4.7729, -0.0696 3.7611 4.7824, -0.1895 3.7073 4.9869, -0.0898 3.7185 4.9955, 0.0091 3.729 4.9911, 0.106 3.7377 4.9743, 0.1995 3.7439 4.9459, 0.288 3.7469 4.9072, 0.4359 3.7371 4.8328, 0.5071 3.7322 4.7729, 0.5707 3.7229 4.7078, -0.1646 3.8156 4.9171, -0.1604 3.8223 4.8953, -0.1567 3.8246 4.8726, -0.1535 3.8224 4.8498, -0.151 3.8158 4.8277, -0.2302 3.8166 4.7926, -0.0676 3.7933 4.8153, 0.0948 3.7702 4.8109, 0.2545 3.7471 4.7803, 0.391 3.7264 4.7315, 0.5332 3.7033 4.6538, 0.6542 3.4745 4.5872, 0.6417 3.4853 4.571, 0.6311 3.4999 4.5565, -0.0715 3.7408 4.7713, -0.1496 3.7525 4.7632, -0.2268 3.7843 4.7599, 0.4967 3.7345 4.7524, 0.428 3.7438 4.8121, 0.2841 3.7577 4.8871, 0.1983 3.7585 4.928, 0.1069 3.7555 4.9595, 0.0116 3.7492 4.9802, -0.0864 3.7405 4.989, -0.1862 3.7302 4.9852, -0.285 3.719 4.9683, -0.3801 3.7077 4.9391, -0.4705 3.6972 4.898, -0.342 3.8388 4.8774, -0.2485 3.834 4.8795, -0.3343 3.8455 4.8566, -0.2429 3.8362 4.8571, -0.3269 3.8478 4.8348, -0.2378 3.834 4.8346, -0.4004 3.8571 4.7844, -0.2269 3.7641 4.7487, -0.3021 3.7757 4.728, -0.3774 3.8074 4.7124, -0.5097 3.8618 4.81, -0.4181 3.857 4.8269, -0.4988 3.8685 4.7907, -0.409 3.8593 4.8057, -0.4879 3.8708 4.7704, -0.5519 3.88 4.709, -0.3756 3.7872 4.7013, -0.4462 3.7987 4.669, -0.5176 3.8304 4.6417, -0.514 3.8101 4.6311, -0.5395 3.8341 4.628, -0.393 3.6773 4.7057, -0.4566 3.709 4.6635, -0.5319 3.7002 4.6326, -0.5239 3.7205 4.6247, -0.5527 3.6679 4.6579, -0.575 3.6716 4.6432, -0.515 3.6366 4.756, -0.5772 3.6503 4.6928, -0.5875 3.6608 4.6595, -0.4687 3.677 4.8869, -0.4652 3.6593 4.8724, -0.5494 3.6707 4.8323, -0.5428 3.6562 4.8155, -0.6222 3.6677 4.7693, -0.6126 3.6569 4.7512, -0.6374 3.6606 4.7348, -0.6258 3.654 4.7159, -0.6978 3.6656 4.6624, -0.6837 3.6634 4.6441, -0.7496 3.675 4.5861, -0.7337 3.6773 4.5694, -0.6007 3.8624 4.783, -0.5887 3.8733 4.7664, -0.6264 3.8662 4.767, -0.6139 3.877 4.7507, -0.7024 3.8778 4.7133, -0.6887 3.8886 4.6981, -0.5763 3.88 4.7481, -0.601 3.8837 4.7327, -0.5638 3.8823 4.7287, -0.588 3.886 4.7137, -0.5756 3.8838 4.6943, -0.2336 3.8274 4.8129, -0.3926 3.8505 4.7636, -0.5409 3.8734 4.6898, -0.564 3.8772 4.6753, -0.6328 3.8888 4.627, -0.3861 3.8397 4.7442, -0.5313 3.8626 4.6717, -0.554 3.8664 4.6575, -0.6847 3.8896 4.5573, -0.6739 3.875 4.5429, -0.5457 3.8518 4.6415, -0.5234 3.8481 4.6555, -0.3809 3.8252 4.7269, -0.228 3.8021 4.7748, -0.0683 3.7788 4.7973, 0.0912 3.7557 4.7932, 0.2481 3.7326 4.7635, 0.3822 3.7119 4.7157, 0.522 3.6887 4.6397, 0.6474 3.6655 4.5422, 0.7561 3.6421 4.4246, 0.843 3.6189 4.2919, 0.9071 3.5956 4.147, 0.9461 3.5729 3.997, 0.9604 3.5495 3.8396, 0.9487 3.5262 3.6821, 0.9112 3.5027 3.5276, 0.849 3.4793 3.3829, 0.7641 3.4559 3.2504, 0.6651 3.4338 3.1398, 0.5429 3.4104 3.0413, 0.4064 3.3869 2.9642, 0.2579 3.3633 2.9104, 0.104 3.3398 2.8824, -0.0523 3.3162 2.8802, -0.1928 3.2948 2.9005, -0.3415 3.2712 2.9472, -0.4803 3.2476 3.0176, -0.6064 3.2238 3.1109, -0.6195 3.2384 3.0985, -0.7139 3.2002 3.2229, -0.7289 3.2147 3.2129, -0.8014 3.1765 3.3511, -0.8179 3.191 3.3438, -0.8595 3.1558 3.4736, -0.8768 3.1703 3.4687, -0.9029 3.1321 3.6221, -0.9208 3.1466 3.6202, -0.921 3.1083 3.7756, -0.9131 3.0844 3.9312, -0.8794 3.0606 4.0816, -0.8211 3.0368 4.2243, -0.6655 3.8573 4.5305, -0.5453 3.7243 4.6108, -0.5536 3.704 4.6184, -0.6089 3.7359 4.5643, -0.6779 3.7272 4.5188, -0.6685 3.7475 4.5126, -0.7031 3.6948 4.5397, -0.6549 3.6724 4.6093, -0.6004 3.6541 4.6774, -0.5896 3.648 4.7122, -0.5253 3.6388 4.7766, -0.4535 3.634 4.8358, -0.8119 3.7178 4.4179, -0.718 3.684 4.5537, -0.6693 3.6657 4.6262, -0.6134 3.6518 4.6965, -0.6016 3.6502 4.7319, -0.5347 3.6454 4.7967, -0.8956 3.7118 4.3721, -0.8469 3.7003 4.4422, -0.8653 3.698 4.4561, -0.8101 3.6865 4.5234, -0.8269 3.6887 4.5392, -0.7651 3.6772 4.6031, -0.7795 3.6839 4.62, -0.7108 3.6722 4.6804, -0.7223 3.683 4.6973, -0.6474 3.6714 4.7527, -0.6557 3.686 4.7687, -0.6301 3.6822 4.7855, -0.6359 3.6999 4.7992, -0.5541 3.6885 4.8465, -0.5567 3.7087 4.8574, -0.4705 3.7192 4.9053, -0.378 3.7305 4.9422, -0.2816 3.7418 4.9668, -0.1824 3.7521 4.979, -0.083 3.7608 4.9784, 0.0137 3.767 4.9655, 0.1071 3.77 4.9415, 0.1961 3.7693 4.9077, 0.2793 3.7644 4.8655, 0.4192 3.7461 4.7908, -0.539 3.8186 4.8544, -0.5302 3.8364 4.8425, -0.6215 3.8301 4.8084, -0.6118 3.8478 4.7972, -0.6478 3.8338 4.7918, -0.6378 3.8516 4.7808, -0.7259 3.8454 4.7362, -0.715 3.8632 4.7261, -0.7992 3.857 4.6744, -0.7875 3.8748 4.6653, -0.8666 3.8685 4.6075, -0.9285 3.88 4.5353, -0.5356 3.8139 4.6174, -0.5998 3.8255 4.5716, -0.66 3.8371 4.5207, -0.7155 3.8486 4.4655, -0.7233 3.7589 4.4568, -0.7836 3.7502 4.4013, -0.7734 3.7704 4.3967, -0.8999 3.7408 4.2799, -0.8289 3.707 4.4293, -0.9753 3.7348 4.2204, -0.9384 3.7232 4.2982, -0.9588 3.721 4.3089, -0.915 3.7095 4.3845, -0.9342 3.7117 4.3973, -0.8833 3.7002 4.4705, -0.9003 3.7068 4.4848, -0.8426 3.6953 4.5548, -0.8567 3.7061 4.5697, -0.7924 3.6946 4.6359, -0.8032 3.7092 4.6503, -0.7319 3.6976 4.7126, -0.7391 3.7153 4.7256, -0.6619 3.7037 4.7822, -0.6658 3.7239 4.7928, -0.6394 3.7202 4.8099, -0.6406 3.7421 4.8171, -0.5573 3.7307 4.8647, -0.5557 3.7535 4.8681, -0.4686 3.742 4.9086, -0.465 3.7649 4.9077, -0.3744 3.7534 4.941, -0.3696 3.7753 4.9355, -0.2772 3.7638 4.961, -0.2721 3.784 4.951, -0.1781 3.7724 4.9686, -0.1736 3.7902 4.9545, -0.0797 3.7785 4.9639, -0.0766 3.7931 4.9462, 0.0154 3.7816 4.9476, 0.0165 3.7924 4.9272, 0.1066 3.7809 4.9211, 0.1054 3.7876 4.899, 0.1931 3.776 4.8857, 0.1893 3.7783 4.863, 0.2737 3.7667 4.8431, -0.995 3.8712 4.462, -0.9387 3.8597 4.5399, -0.8764 3.8483 4.6129, -0.8085 3.8368 4.6806, -0.7347 3.8252 4.7431, -0.6561 3.8136 4.7994, -0.6296 3.8098 4.8162, -0.5464 3.7983 4.8629, -0.9177 3.9062 4.1313, -0.8883 3.8946 4.2048, -0.853 3.883 4.2755, -0.8123 3.8716 4.3426, -0.7663 3.8601 4.4061, -0.8186 3.7819 4.3327, -0.8693 3.7732 4.268, -0.8585 3.7934 4.2652, -1.0952 3.8723 4.2931, -1.052 3.8607 4.3804, -1.0021 3.8493 4.4633, -0.9457 3.8378 4.5417, -0.8833 3.8263 4.6153, -0.8152 3.8148 4.6835, -0.7411 3.8032 4.7466, -0.6621 3.7916 4.8034, -0.6355 3.7878 4.8204, 0.0803 3.6958 4.7617, 0.0033 3.7073 4.7662, -0.0739 3.7189 4.7644, -0.1514 3.7305 4.7561, -0.2281 3.7421 4.7414, -0.3028 3.7537 4.7207, -0.3756 3.7652 4.694, -0.4457 3.7767 4.6617, -0.5129 3.7882 4.6238, -0.5343 3.7919 4.6102, -0.5979 3.8035 4.5645, -0.6576 3.8151 4.5138, -0.7124 3.8266 4.4589, -0.7628 3.8381 4.3997, -0.8082 3.8496 4.3365, -0.8485 3.8611 4.2698, -0.8833 3.8727 4.1994, -0.8929 3.805 4.194, -0.9326 3.7963 4.1212, -0.9215 3.8166 4.1202, -1.0057 3.7464 4.1397, -0.9965 3.7325 4.2294, -0.9789 3.7232 4.3202, -0.9522 3.7183 4.4102, -0.9156 3.7176 4.4984, -0.8687 3.7207 4.5832, -0.8115 3.7269 4.6627, -0.7438 3.7355 4.7358, -0.6671 3.7459 4.8, -0.6393 3.765 4.8207, -0.552 3.7764 4.8675, -0.4598 3.7869 4.9027, -0.3637 3.7956 4.926, -0.2665 3.8018 4.9373, -0.1691 3.8048 4.9371, -0.0738 3.804 4.9259, 0.0171 3.7991 4.905, 0.1035 3.7899 4.876, -1.1623 3.8725 4.1076, -1.1342 3.861 4.2003, -1.0984 3.8495 4.2913, -1.0554 3.8379 4.3789, -1.0056 3.8264 4.462, -0.9493 3.8149 4.5407, -0.8869 3.8034 4.6146, -0.8189 3.7919 4.6831, -0.7448 3.7803 4.7465, -0.6659 3.7687 4.8036, -0.154 3.7077 4.7534, -0.2305 3.7193 4.7385, -0.3049 3.7308 4.7176, -0.3775 3.7424 4.6907, -0.4472 3.7539 4.6583, -0.5142 3.7653 4.6203, -0.5355 3.7691 4.6066, -0.5988 3.7807 4.5609, -0.6582 3.7923 4.5101, -0.7127 3.8038 4.4551, -0.7628 3.8153 4.3959, -0.8079 3.8268 4.3327, -0.8479 3.8382 4.2661, -0.8824 3.8498 4.1957, -0.9111 3.8614 4.1228, -0.9336 3.8728 4.0484, -0.9502 3.8843 3.9723, -0.9438 3.828 4.0449, -0.9711 3.8192 3.9673, -0.96 3.8395 3.9681, -1.0793 3.7784 3.8908, -1.0916 3.7692 3.9817, -1.069 3.767 3.9775, -1.0739 3.7578 4.0692, -1.0516 3.7556 4.0631, -1.0492 3.7463 4.1549, -1.0275 3.7441 4.147, -1.0174 3.7347 4.239, -1.1133 3.7759 3.9864, -1.0951 3.7644 4.0756, -1.0698 3.7529 4.163, -1.0373 3.7414 4.2488, -0.998 3.7298 4.3315, -1.1445 3.7981 3.8994, -1.1332 3.7867 3.9913, -1.1145 3.7752 4.0821, -1.0887 3.7637 4.171, -1.0555 3.7522 4.2583, -1.0152 3.7406 4.3426, -0.9686 3.7291 4.4225, -1.1621 3.8126 3.903, -1.1505 3.8012 3.9963, -1.1314 3.7897 4.0884, -1.105 3.7783 4.1787, -1.0711 3.7667 4.2673, -1.0301 3.7551 4.3528, -0.9825 3.7436 4.4339, -0.9286 3.7322 4.5109, -1.1646 3.8189 4.0011, -1.1451 3.8075 4.0944, -1.1181 3.796 4.1857, -1.0836 3.7844 4.2754, -1.0419 3.7729 4.3619, -0.9936 3.7614 4.4439, -0.9388 3.7499 4.5218, -0.8779 3.7384 4.5948, -1.1749 3.8392 4.0056, -1.155 3.8277 4.0997, -1.1276 3.8162 4.1918, -1.0925 3.8047 4.2822, -1.0502 3.7931 4.3694, -1.0013 3.7816 4.4521, -0.9458 3.7701 4.5306, -0.8842 3.7586 4.6042, -0.817 3.7471 4.6725, -1.1937 3.8725 3.9138, -1.1811 3.8611 4.0096, -1.1608 3.8497 4.1041, -1.133 3.8382 4.1967, -1.0975 3.8266 4.2876, -1.0548 3.8151 4.3752, -1.0053 3.8036 4.4582, -0.9494 3.7921 4.537, -0.8873 3.7806 4.6108, -0.8195 3.7691 4.6794, -0.7457 3.7575 4.7429, -0.3084 3.708 4.7188, -0.3811 3.7195 4.6916, -0.4509 3.731 4.6589, -0.5179 3.7425 4.6206, -0.5393 3.7462 4.6068, -0.6025 3.7578 4.5608, -0.6619 3.7694 4.5097, -0.7164 3.7809 4.4544, -0.7664 3.7924 4.3949, -0.8115 3.8039 4.3315, -0.8512 3.8154 4.2645, -0.8857 3.827 4.1939, -0.9142 3.8385 4.1207, -0.9366 3.85 4.046, -0.9529 3.8615 3.9697, -0.9699 3.8509 3.8903, -0.4008 3.6595 4.7183, -0.5416 3.6825 4.6438, -0.5636 3.6862 4.6294, -0.6896 3.7094 4.5279, -0.7966 3.7324 4.4085, -0.8833 3.7554 4.273, -0.9472 3.7785 4.1239, -0.986 3.8014 3.9676, -0.9647 3.7639 4.1279, -0.9845 3.7531 4.1333, -0.9547 3.7415 4.2122, -0.9185 3.7299 4.2884, -1.0564 3.7807 3.889, -1.0462 3.7693 3.9738, -0.6935 -0.5418 3.8189
            ]
        }
        coordIndex [
            0,1,2,-1,3,4,5,-1,6,7,8,-1,9,10,11,-1,12,13,14,-1,14,13,15,-1,16,17,14,-1,14,17,18,-1,14,18,19,-1,19,20,14,-1,14,20,21,-1,14,21,12,-1,22,23,24,-1,24,23,25,-1,26,27,28,-1,28,27,29,-1,28,29,30,-1,31,32,29,-1,29,32,33,-1,29,33,34,-1,29,35,30,-1,30,35,36,-1,30,36,37,-1,37,36,38,-1,37,38,39,-1,34,40,29,-1,29,40,41,-1,29,41,35,-1,42,43,44,-1,42,44,45,-1,43,46,44,-1,44,46,47,-1,44,47,48,-1,48,47,49,-1,49,50,48,-1,48,50,51,-1,48,51,31,-1,31,51,52,-1,31,52,32,-1,53,54,44,-1,44,54,55,-1,44,55,56,-1,57,45,58,-1,58,45,44,-1,58,44,59,-1,59,44,56,-1,60,61,9,-1,9,62,63,-1,64,65,53,-1,53,65,66,-1,53,66,54,-1,54,66,60,-1,54,60,67,-1,67,60,9,-1,67,9,68,-1,68,9,63,-1,69,70,71,-1,71,70,72,-1,71,72,73,-1,73,74,71,-1,71,74,75,-1,71,75,76,-1,77,78,79,-1,80,81,82,-1,83,84,69,-1,85,86,87,-1,87,86,88,-1,80,82,89,-1,83,69,90,-1,91,92,86,-1,86,92,93,-1,86,93,94,-1,79,78,69,-1,69,78,95,-1,69,95,90,-1,81,96,82,-1,82,96,97,-1,82,97,98,-1,99,100,101,-1,101,100,102,-1,101,102,103,-1,104,94,105,-1,105,94,106,-1,105,106,101,-1,101,106,107,-1,101,107,99,-1,104,108,94,-1,94,108,109,-1,94,109,86,-1,86,109,110,-1,86,110,88,-1,111,112,113,-1,113,112,114,-1,113,114,82,-1,82,114,115,-1,82,115,89,-1,116,117,82,-1,82,117,118,-1,82,118,86,-1,86,118,119,-1,86,119,91,-1,120,121,70,-1,70,121,122,-1,70,122,123,-1,123,124,70,-1,70,124,125,-1,70,125,126,-1,126,125,111,-1,126,111,127,-1,127,111,113,-1,84,128,69,-1,69,128,129,-1,69,129,70,-1,70,129,130,-1,70,130,120,-1,98,131,82,-1,82,131,132,-1,82,132,133,-1,133,134,82,-1,82,134,135,-1,82,135,116,-1,136,137,138,-1,138,94,136,-1,136,94,93,-1,136,93,139,-1,139,93,140,-1,140,141,139,-1,139,141,142,-1,139,142,143,-1,144,145,146,-1,145,147,146,-1,146,147,148,-1,146,148,149,-1,150,146,151,-1,137,136,150,-1,150,136,152,-1,150,152,146,-1,146,152,153,-1,146,153,144,-1,151,154,150,-1,150,154,155,-1,150,155,156,-1,149,148,157,-1,157,148,158,-1,157,158,159,-1,159,158,160,-1,159,160,161,-1,162,163,156,-1,156,163,164,-1,156,164,150,-1,13,165,15,-1,15,165,166,-1,15,166,79,-1,79,166,167,-1,79,167,77,-1,168,169,170,-1,169,168,171,-1,171,168,172,-1,171,172,173,-1,174,175,176,-1,176,175,177,-1,176,177,178,-1,178,177,179,-1,178,179,180,-1,180,179,181,-1,180,181,173,-1,173,181,182,-1,173,182,171,-1,183,184,185,-1,186,187,188,-1,188,187,189,-1,188,189,190,-1,190,189,185,-1,191,192,193,-1,183,185,194,-1,194,185,189,-1,194,189,195,-1,196,197,198,-1,198,197,199,-1,198,199,200,-1,200,199,201,-1,200,201,190,-1,190,201,202,-1,190,202,188,-1,188,202,203,-1,188,203,204,-1,204,203,205,-1,204,205,206,-1,206,205,207,-1,206,207,208,-1,208,207,209,-1,210,211,212,-1,184,183,213,-1,213,183,214,-1,213,214,215,-1,215,214,216,-1,215,216,210,-1,193,187,191,-1,191,187,186,-1,191,186,217,-1,217,186,218,-1,217,218,212,-1,212,218,219,-1,212,219,210,-1,220,221,222,-1,220,222,223,-1,210,216,211,-1,211,216,224,-1,211,224,225,-1,225,224,226,-1,225,226,222,-1,222,226,227,-1,222,227,223,-1,221,228,222,-1,222,228,229,-1,222,229,230,-1,230,231,222,-1,222,231,232,-1,222,232,233,-1,233,234,222,-1,222,234,235,-1,222,235,236,-1,236,235,237,-1,237,235,238,-1,238,235,239,-1,238,239,240,-1,240,241,238,-1,238,241,242,-1,238,242,243,-1,243,242,244,-1,245,246,247,-1,247,246,248,-1,247,248,216,-1,216,248,249,-1,216,249,224,-1,250,251,7,-1,7,251,252,-1,7,252,8,-1,253,254,255,-1,254,256,255,-1,255,256,257,-1,255,257,258,-1,259,260,8,-1,8,260,261,-1,258,262,255,-1,255,262,263,-1,255,263,8,-1,8,263,264,-1,8,264,259,-1,261,265,8,-1,8,265,266,-1,8,266,6,-1,253,255,267,-1,267,255,268,-1,267,268,269,-1,269,268,270,-1,270,268,271,-1,270,271,272,-1,225,273,211,-1,211,273,274,-1,211,274,275,-1,275,274,276,-1,275,276,277,-1,278,279,280,-1,281,282,279,-1,279,282,283,-1,279,283,280,-1,284,285,281,-1,281,285,286,-1,281,286,282,-1,287,288,289,-1,289,288,290,-1,289,290,291,-1,291,290,292,-1,291,292,293,-1,294,295,292,-1,292,295,296,-1,292,296,293,-1,297,298,3,-1,297,3,299,-1,299,3,300,-1,300,3,5,-1,300,5,301,-1,301,5,302,-1,301,302,303,-1,304,305,302,-1,302,305,306,-1,302,306,303,-1,307,308,309,-1,307,309,310,-1,311,11,312,-1,312,11,10,-1,312,10,313,-1,313,10,314,-1,315,316,317,-1,317,316,318,-1,317,318,319,-1,309,320,310,-1,310,320,321,-1,310,321,322,-1,322,321,317,-1,322,317,323,-1,323,317,319,-1,317,324,315,-1,315,324,325,-1,315,325,10,-1,10,325,326,-1,10,326,314,-1,23,327,328,-1,329,330,328,-1,328,330,27,-1,328,27,23,-1,23,27,26,-1,23,26,25,-1,331,330,332,-1,332,330,333,-1,331,334,330,-1,330,334,335,-1,330,335,336,-1,327,23,337,-1,337,23,338,-1,337,338,339,-1,339,252,340,-1,340,252,251,-1,340,251,341,-1,341,251,342,-1,341,342,343,-1,343,342,344,-1,343,344,345,-1,333,330,346,-1,346,330,329,-1,346,329,347,-1,347,329,348,-1,347,348,349,-1,349,348,350,-1,349,350,351,-1,351,350,352,-1,351,352,353,-1,353,352,354,-1,353,354,355,-1,355,354,356,-1,355,356,357,-1,358,359,360,-1,360,359,11,-1,360,11,361,-1,361,11,311,-1,358,362,359,-1,359,362,363,-1,359,363,364,-1,365,366,367,-1,365,367,368,-1,366,369,367,-1,367,369,370,-1,367,370,307,-1,307,370,371,-1,307,371,308,-1,364,372,359,-1,359,372,373,-1,359,373,374,-1,375,376,367,-1,367,376,377,-1,367,377,368,-1,378,379,178,-1,380,381,180,-1,379,382,178,-1,178,382,383,-1,178,383,191,-1,191,383,384,-1,191,384,192,-1,380,180,385,-1,195,386,194,-1,194,386,387,-1,194,387,180,-1,180,387,388,-1,180,388,385,-1,381,389,180,-1,180,389,390,-1,180,390,178,-1,178,390,391,-1,178,391,378,-1,392,393,394,-1,394,393,395,-1,268,394,396,-1,396,394,397,-1,398,399,400,-1,400,399,401,-1,395,402,394,-1,394,402,403,-1,394,403,404,-1,405,406,271,-1,401,407,408,-1,405,271,409,-1,404,410,394,-1,394,410,411,-1,394,411,412,-1,408,413,401,-1,401,413,414,-1,401,414,415,-1,412,416,394,-1,394,416,417,-1,394,417,397,-1,397,417,418,-1,397,418,419,-1,419,420,397,-1,397,420,421,-1,397,421,422,-1,422,421,423,-1,424,425,423,-1,423,425,426,-1,423,426,422,-1,396,427,268,-1,268,427,428,-1,268,428,271,-1,271,428,429,-1,271,429,409,-1,406,430,271,-1,271,430,431,-1,271,431,432,-1,433,434,423,-1,423,434,435,-1,423,435,436,-1,436,437,423,-1,423,437,438,-1,423,438,424,-1,439,440,392,-1,392,440,441,-1,392,441,393,-1,442,443,444,-1,444,443,445,-1,446,447,448,-1,447,449,448,-1,448,449,450,-1,448,450,451,-1,451,450,452,-1,452,453,451,-1,451,453,454,-1,451,454,455,-1,455,456,451,-1,451,456,457,-1,451,457,458,-1,458,457,459,-1,460,461,462,-1,462,461,463,-1,462,463,448,-1,448,463,464,-1,448,464,446,-1,460,465,461,-1,461,465,466,-1,461,466,467,-1,467,466,468,-1,467,469,470,-1,468,471,467,-1,467,471,472,-1,467,472,473,-1,473,474,467,-1,467,474,475,-1,467,475,469,-1,470,476,467,-1,467,476,477,-1,467,477,478,-1,479,480,481,-1,481,480,482,-1,483,484,485,-1,485,486,483,-1,483,486,487,-1,483,487,488,-1,489,490,491,-1,459,492,458,-1,458,492,493,-1,458,493,494,-1,494,493,489,-1,2,1,490,-1,484,483,495,-1,495,483,491,-1,495,491,496,-1,1,497,490,-1,490,497,498,-1,490,498,491,-1,491,498,499,-1,491,499,496,-1,500,501,502,-1,502,501,503,-1,502,503,504,-1,502,505,500,-1,500,505,506,-1,500,506,507,-1,507,508,500,-1,500,508,509,-1,500,509,510,-1,510,509,511,-1,510,511,512,-1,512,511,513,-1,512,513,2,-1,2,513,514,-1,2,514,0,-1,515,516,504,-1,504,516,517,-1,504,517,502,-1,518,519,520,-1,521,522,491,-1,491,522,523,-1,489,491,494,-1,494,491,523,-1,494,523,520,-1,520,523,524,-1,520,524,518,-1,518,524,525,-1,518,525,526,-1,527,528,525,-1,525,528,529,-1,525,529,526,-1,530,531,532,-1,532,533,530,-1,530,533,534,-1,530,534,535,-1,536,537,491,-1,491,537,538,-1,491,538,521,-1,539,540,491,-1,491,540,541,-1,542,543,531,-1,531,543,544,-1,531,544,545,-1,545,546,531,-1,531,546,547,-1,531,547,532,-1,541,548,491,-1,491,548,549,-1,491,549,536,-1,550,551,552,-1,552,551,553,-1,553,551,554,-1,553,554,555,-1,556,557,558,-1,558,557,559,-1,558,559,550,-1,550,559,560,-1,550,560,551,-1,551,560,561,-1,551,561,562,-1,562,561,563,-1,562,563,564,-1,564,563,565,-1,554,566,555,-1,555,566,567,-1,555,567,568,-1,568,567,569,-1,519,568,520,-1,520,568,569,-1,520,569,570,-1,570,569,571,-1,570,571,552,-1,552,571,572,-1,552,572,550,-1,22,16,23,-1,23,16,14,-1,23,14,338,-1,338,14,573,-1,573,574,575,-1,575,574,576,-1,575,576,577,-1,578,574,579,-1,579,574,573,-1,579,573,580,-1,580,573,14,-1,580,14,577,-1,577,14,15,-1,577,15,575,-1,575,15,79,-1,575,79,581,-1,582,583,581,-1,581,583,584,-1,581,584,585,-1,585,584,586,-1,585,586,587,-1,588,589,590,-1,590,589,584,-1,590,584,591,-1,591,584,583,-1,591,583,592,-1,592,583,593,-1,582,581,594,-1,594,581,79,-1,594,79,587,-1,587,79,69,-1,587,69,585,-1,585,69,71,-1,585,71,595,-1,339,338,252,-1,252,338,573,-1,252,573,8,-1,8,573,575,-1,8,575,255,-1,255,575,581,-1,255,581,268,-1,268,581,585,-1,268,585,394,-1,394,585,595,-1,394,595,392,-1,432,398,271,-1,271,398,400,-1,271,400,451,-1,451,400,443,-1,451,443,448,-1,448,443,442,-1,415,596,401,-1,401,596,440,-1,401,440,400,-1,400,440,439,-1,400,439,443,-1,443,439,480,-1,443,480,445,-1,445,480,479,-1,488,481,483,-1,483,481,482,-1,483,482,491,-1,491,482,530,-1,491,530,539,-1,539,530,535,-1,373,376,374,-1,374,376,375,-1,374,375,597,-1,597,375,598,-1,597,598,599,-1,599,598,600,-1,599,600,601,-1,601,600,602,-1,601,602,603,-1,603,602,604,-1,603,604,304,-1,304,604,605,-1,304,605,305,-1,277,272,275,-1,275,272,271,-1,275,271,211,-1,211,271,451,-1,211,451,212,-1,212,451,458,-1,212,458,217,-1,217,458,494,-1,217,494,191,-1,191,494,520,-1,191,520,178,-1,178,520,570,-1,178,570,176,-1,176,570,552,-1,4,295,5,-1,5,295,294,-1,5,294,302,-1,302,294,606,-1,302,606,304,-1,304,606,531,-1,304,531,603,-1,603,531,530,-1,603,530,601,-1,601,530,482,-1,601,482,599,-1,599,482,480,-1,599,480,597,-1,597,480,439,-1,597,439,374,-1,374,439,392,-1,374,392,359,-1,359,392,595,-1,359,595,11,-1,11,595,71,-1,11,71,9,-1,9,71,76,-1,9,76,62,-1,250,245,251,-1,251,245,247,-1,251,247,342,-1,342,247,216,-1,342,216,344,-1,344,216,214,-1,344,214,607,-1,607,214,183,-1,607,183,608,-1,608,183,194,-1,608,194,609,-1,609,194,180,-1,609,180,610,-1,610,180,173,-1,610,173,611,-1,611,173,172,-1,612,613,614,-1,615,616,617,-1,617,616,618,-1,617,618,619,-1,619,620,617,-1,617,620,621,-1,617,621,553,-1,553,621,622,-1,553,622,552,-1,552,622,623,-1,552,623,624,-1,625,174,170,-1,170,174,176,-1,170,176,168,-1,168,176,552,-1,168,552,614,-1,614,552,624,-1,614,624,612,-1,613,626,614,-1,614,626,627,-1,614,627,628,-1,628,629,614,-1,614,629,630,-1,614,630,617,-1,617,630,631,-1,617,631,615,-1,632,633,617,-1,634,635,636,-1,617,633,614,-1,614,633,637,-1,614,637,638,-1,636,632,634,-1,634,632,617,-1,634,617,639,-1,639,617,640,-1,639,640,638,-1,638,640,641,-1,638,641,614,-1,614,641,642,-1,614,642,168,-1,168,642,643,-1,168,643,172,-1,172,643,644,-1,172,644,611,-1,519,542,568,-1,568,542,531,-1,568,531,555,-1,555,531,606,-1,555,606,553,-1,553,606,294,-1,553,294,617,-1,617,294,292,-1,617,292,640,-1,640,292,290,-1,356,345,357,-1,357,345,344,-1,357,344,645,-1,645,344,607,-1,645,607,646,-1,646,607,608,-1,646,608,647,-1,647,608,609,-1,647,609,648,-1,648,609,610,-1,648,610,649,-1,649,610,611,-1,649,611,280,-1,280,611,644,-1,280,644,278,-1,278,644,643,-1,278,643,650,-1,650,643,642,-1,650,642,651,-1,651,642,641,-1,651,641,652,-1,652,641,640,-1,652,640,653,-1,653,640,290,-1,653,290,654,-1,654,290,288,-1,654,288,655,-1,656,657,658,-1,657,659,660,-1,660,659,661,-1,660,662,657,-1,657,662,663,-1,657,663,664,-1,657,665,666,-1,667,668,669,-1,670,671,672,-1,672,671,673,-1,674,675,676,-1,677,678,679,-1,679,678,680,-1,667,669,681,-1,666,682,657,-1,657,682,683,-1,657,683,658,-1,658,683,684,-1,678,685,686,-1,677,687,678,-1,678,687,688,-1,678,688,689,-1,689,688,690,-1,689,690,691,-1,692,693,694,-1,695,696,697,-1,656,658,669,-1,669,658,698,-1,669,698,681,-1,699,700,701,-1,701,700,702,-1,701,702,703,-1,703,674,701,-1,701,674,676,-1,701,676,704,-1,704,676,705,-1,704,705,706,-1,706,705,669,-1,706,669,707,-1,707,669,668,-1,675,708,676,-1,676,708,709,-1,676,709,678,-1,678,709,710,-1,678,710,685,-1,686,711,678,-1,678,711,712,-1,678,712,680,-1,694,713,692,-1,692,713,714,-1,692,714,715,-1,716,717,664,-1,697,718,695,-1,695,718,719,-1,695,719,720,-1,720,721,695,-1,695,721,722,-1,695,722,723,-1,717,724,664,-1,664,724,725,-1,664,725,657,-1,725,726,657,-1,657,726,727,-1,657,727,665,-1,665,727,728,-1,665,728,729,-1,730,731,670,-1,670,731,732,-1,670,732,671,-1,733,734,701,-1,701,734,735,-1,701,735,699,-1,692,736,693,-1,693,736,718,-1,693,718,737,-1,737,718,697,-1,715,738,692,-1,692,738,739,-1,692,739,740,-1,741,660,742,-1,742,660,661,-1,742,661,743,-1,743,661,744,-1,743,744,745,-1,743,746,747,-1,748,749,743,-1,743,749,750,-1,743,750,751,-1,751,752,743,-1,743,752,753,-1,743,753,754,-1,729,755,665,-1,665,755,756,-1,665,756,757,-1,758,759,760,-1,747,761,743,-1,743,761,762,-1,743,762,748,-1,754,763,743,-1,743,763,764,-1,743,764,765,-1,765,764,766,-1,765,766,767,-1,767,766,768,-1,733,701,769,-1,769,701,770,-1,769,770,766,-1,766,770,771,-1,766,771,768,-1,691,772,689,-1,689,772,692,-1,689,692,659,-1,740,773,692,-1,692,773,774,-1,692,774,659,-1,659,774,775,-1,659,775,661,-1,776,777,778,-1,778,777,779,-1,778,779,780,-1,778,781,776,-1,776,781,782,-1,776,782,664,-1,664,782,783,-1,664,783,716,-1,730,670,760,-1,760,670,784,-1,760,784,758,-1,745,785,743,-1,743,785,786,-1,743,786,787,-1,787,788,743,-1,743,788,789,-1,743,789,746,-1,673,790,672,-1,672,790,791,-1,672,791,792,-1,792,791,778,-1,792,778,793,-1,793,778,780,-1,759,794,760,-1,760,794,795,-1,760,795,796,-1,796,795,757,-1,796,757,797,-1,797,757,756,-1,657,656,798,-1,798,656,799,-1,798,799,800,-1,800,799,801,-1,800,801,802,-1,802,801,803,-1,802,803,804,-1,805,806,807,-1,808,809,804,-1,804,809,810,-1,804,810,811,-1,812,813,807,-1,811,814,804,-1,804,814,815,-1,804,815,802,-1,802,815,816,-1,802,816,807,-1,807,816,817,-1,807,817,805,-1,806,818,807,-1,807,818,819,-1,807,819,812,-1,820,821,822,-1,822,821,823,-1,822,823,824,-1,825,826,827,-1,827,826,828,-1,827,828,829,-1,827,830,831,-1,822,832,827,-1,827,832,833,-1,827,833,834,-1,834,835,827,-1,827,835,836,-1,827,836,830,-1,824,837,822,-1,822,837,838,-1,822,838,839,-1,839,840,822,-1,822,840,841,-1,822,841,832,-1,831,842,827,-1,827,842,843,-1,827,843,825,-1,664,663,295,-1,295,663,293,-1,61,666,9,-1,9,666,665,-1,279,655,743,-1,743,655,742,-1,698,658,330,-1,330,658,64,-1,346,283,704,-1,704,283,701,-1,682,60,683,-1,683,60,66,-1,683,66,684,-1,684,66,65,-1,60,682,61,-1,61,682,666,-1,741,287,660,-1,660,287,289,-1,660,289,662,-1,662,289,291,-1,662,291,663,-1,663,291,293,-1,844,845,846,-1,846,845,847,-1,846,847,848,-1,848,847,849,-1,848,849,850,-1,64,658,851,-1,851,658,852,-1,851,852,853,-1,853,852,854,-1,853,854,855,-1,855,854,850,-1,855,850,856,-1,856,850,849,-1,684,65,857,-1,857,65,858,-1,857,858,859,-1,859,858,860,-1,859,860,861,-1,862,863,864,-1,864,863,865,-1,864,865,866,-1,866,865,867,-1,866,867,868,-1,868,867,861,-1,868,861,869,-1,869,861,860,-1,658,684,857,-1,658,857,852,-1,852,857,859,-1,852,859,854,-1,854,859,861,-1,854,861,850,-1,850,861,867,-1,850,867,848,-1,848,867,865,-1,848,865,846,-1,846,865,863,-1,846,863,844,-1,845,862,847,-1,847,862,864,-1,847,864,849,-1,849,864,866,-1,849,866,856,-1,856,866,868,-1,856,868,855,-1,855,868,869,-1,855,869,853,-1,853,869,860,-1,853,860,851,-1,851,860,858,-1,851,858,64,-1,64,858,65,-1,870,871,862,-1,862,871,863,-1,872,873,844,-1,844,873,845,-1,871,872,863,-1,863,872,844,-1,845,873,862,-1,862,873,870,-1,872,871,873,-1,873,871,870,-1,874,875,876,-1,876,875,877,-1,876,877,878,-1,878,877,879,-1,878,879,880,-1,287,741,881,-1,881,741,882,-1,881,882,883,-1,883,882,884,-1,883,884,885,-1,885,884,880,-1,885,880,886,-1,886,880,879,-1,887,888,889,-1,889,888,890,-1,889,890,891,-1,891,890,892,-1,891,892,893,-1,893,892,894,-1,742,655,895,-1,895,655,896,-1,895,896,897,-1,897,896,898,-1,897,898,894,-1,894,898,899,-1,894,899,893,-1,741,742,895,-1,741,895,882,-1,882,895,897,-1,882,897,884,-1,884,897,894,-1,884,894,880,-1,880,894,892,-1,880,892,878,-1,878,892,890,-1,878,890,876,-1,876,890,888,-1,876,888,874,-1,875,887,877,-1,877,887,889,-1,877,889,879,-1,879,889,891,-1,879,891,886,-1,886,891,893,-1,886,893,885,-1,885,893,899,-1,885,899,883,-1,883,899,898,-1,883,898,881,-1,881,898,896,-1,881,896,287,-1,287,896,655,-1,900,901,887,-1,887,901,888,-1,902,903,874,-1,874,903,875,-1,901,902,888,-1,888,902,874,-1,875,903,887,-1,887,903,900,-1,902,901,903,-1,903,901,900,-1,315,9,757,-1,757,9,665,-1,670,672,310,-1,310,672,305,-1,776,664,3,-1,3,664,295,-1,698,330,904,-1,698,904,681,-1,681,904,905,-1,681,905,667,-1,667,905,906,-1,667,906,668,-1,668,906,907,-1,668,907,707,-1,707,907,908,-1,707,908,706,-1,706,908,346,-1,706,346,704,-1,701,283,282,-1,701,282,770,-1,770,282,286,-1,770,286,771,-1,771,286,285,-1,771,285,768,-1,768,285,284,-1,768,284,767,-1,767,284,281,-1,767,281,765,-1,765,281,279,-1,765,279,743,-1,315,757,795,-1,315,795,316,-1,316,795,794,-1,316,794,318,-1,318,794,759,-1,318,759,319,-1,319,759,758,-1,319,758,323,-1,323,758,784,-1,323,784,322,-1,322,784,670,-1,322,670,310,-1,305,672,792,-1,305,792,303,-1,303,792,793,-1,303,793,301,-1,301,793,780,-1,301,780,299,-1,299,780,779,-1,299,779,297,-1,297,779,777,-1,297,777,298,-1,298,777,776,-1,298,776,3,-1,909,799,689,-1,689,799,656,-1,910,911,669,-1,669,911,678,-1,912,913,914,-1,914,915,912,-1,912,915,916,-1,912,916,917,-1,918,919,920,-1,920,919,921,-1,922,820,822,-1,917,923,912,-1,912,923,924,-1,912,924,920,-1,920,924,925,-1,920,925,918,-1,669,705,910,-1,910,705,926,-1,910,926,927,-1,927,926,928,-1,927,928,929,-1,929,928,920,-1,929,920,822,-1,822,920,921,-1,822,921,922,-1,676,678,930,-1,930,678,911,-1,930,911,931,-1,931,911,932,-1,931,932,933,-1,933,932,934,-1,933,934,935,-1,935,934,827,-1,827,829,935,-1,935,829,936,-1,935,936,937,-1,937,938,935,-1,935,938,939,-1,935,939,940,-1,941,942,943,-1,943,942,944,-1,940,945,935,-1,935,945,946,-1,935,946,947,-1,947,948,935,-1,935,948,949,-1,935,949,950,-1,689,659,909,-1,909,659,951,-1,909,951,952,-1,952,951,953,-1,952,953,954,-1,954,953,955,-1,954,955,943,-1,943,955,950,-1,943,950,941,-1,941,950,949,-1,944,956,943,-1,943,956,957,-1,943,957,958,-1,958,959,943,-1,943,959,960,-1,943,960,961,-1,657,798,659,-1,659,798,951,-1,799,909,801,-1,801,909,952,-1,801,952,803,-1,803,952,954,-1,803,954,804,-1,804,954,943,-1,962,808,804,-1,943,961,804,-1,804,961,963,-1,964,965,804,-1,966,967,804,-1,963,968,804,-1,804,968,969,-1,804,969,970,-1,971,972,804,-1,804,972,973,-1,804,973,962,-1,970,974,804,-1,804,974,975,-1,804,975,976,-1,976,977,804,-1,804,977,978,-1,804,978,964,-1,967,979,804,-1,804,979,980,-1,804,980,971,-1,965,981,804,-1,804,981,982,-1,804,982,966,-1,822,827,929,-1,929,827,934,-1,929,934,927,-1,927,934,932,-1,927,932,910,-1,910,932,911,-1,926,705,930,-1,930,705,676,-1,926,930,931,-1,926,931,928,-1,928,931,933,-1,928,933,920,-1,920,933,935,-1,920,935,912,-1,983,913,912,-1,950,984,935,-1,935,984,985,-1,986,935,987,-1,987,935,988,-1,989,990,950,-1,950,990,991,-1,950,991,984,-1,985,992,935,-1,935,992,993,-1,935,993,994,-1,994,995,935,-1,935,995,996,-1,935,996,988,-1,997,998,950,-1,950,998,999,-1,950,999,989,-1,986,1000,935,-1,935,1000,1001,-1,935,1001,1002,-1,807,813,1003,-1,1004,1005,950,-1,950,1005,1006,-1,950,1006,997,-1,1002,1007,935,-1,935,1007,1008,-1,935,1008,912,-1,912,1008,1009,-1,912,1009,1010,-1,1010,1011,912,-1,912,1011,1012,-1,912,1012,1013,-1,807,1003,950,-1,950,1003,1014,-1,950,1014,1004,-1,1013,1015,912,-1,912,1015,1016,-1,912,1016,983,-1,807,950,955,-1,807,955,802,-1,802,955,953,-1,802,953,800,-1,800,953,951,-1,800,951,798,-1,656,669,328,-1,328,669,329,-1,689,656,343,-1,343,656,328,-1,678,689,345,-1,345,689,343,-1,669,678,329,-1,329,678,345,-1,1017,661,1018,-1,1018,661,1019,-1,661,775,1020,-1,1020,1021,661,-1,661,1021,1022,-1,661,1022,1023,-1,1023,1024,661,-1,661,1024,1025,-1,661,1025,1026,-1,1026,1027,661,-1,661,1027,1028,-1,661,1028,1019,-1,1029,1030,1031,-1,1032,1033,1018,-1,1018,1033,1034,-1,1034,1035,1018,-1,1018,1035,1036,-1,1018,1036,1037,-1,1037,1038,1018,-1,1018,1038,1039,-1,1018,1039,1017,-1,1040,1029,1018,-1,1018,1029,1031,-1,1018,1031,1032,-1,1019,1028,1041,-1,1027,1026,1042,-1,1043,1044,1045,-1,1046,1047,1048,-1,1049,1050,1051,-1,1052,1053,1054,-1,1055,1056,1057,-1,1058,1059,1060,-1,1061,1062,1063,-1,1064,1065,1066,-1,1067,1068,1069,-1,1070,1071,1072,-1,1073,1074,1075,-1,1076,1077,1078,-1,1079,1080,1081,-1,1082,1083,1084,-1,1085,1086,1087,-1,1088,1089,1090,-1,1091,1092,1093,-1,1094,1095,1092,-1,1096,1097,1095,-1,1098,1099,1100,-1,1101,1102,1103,-1,1104,1105,1106,-1,1107,1108,1109,-1,1110,1111,1112,-1,1113,1114,1115,-1,1116,1117,1118,-1,1119,1120,1121,-1,1122,1123,1124,-1,1125,1126,1127,-1,1128,1129,1130,-1,1131,1132,1133,-1,1134,1135,1136,-1,1137,1138,1139,-1,1140,1141,1142,-1,1143,1144,1145,-1,1146,1147,1148,-1,1149,1150,1151,-1,1152,1153,1154,-1,1155,1156,1157,-1,1158,1159,1160,-1,1161,1162,1163,-1,1164,1165,1166,-1,1167,1168,1169,-1,1170,1171,1172,-1,1173,1174,1175,-1,1176,1177,1178,-1,1179,1180,1181,-1,1182,1183,1184,-1,1185,1186,1187,-1,1188,1189,1190,-1,1191,1192,1193,-1,1194,1195,1196,-1,1197,1198,1199,-1,1200,1201,1202,-1,1203,1204,1205,-1,1206,1207,1208,-1,1209,1210,1211,-1,1212,1213,1214,-1,1215,1216,1217,-1,1218,1219,1220,-1,1221,1222,1223,-1,1224,1225,1226,-1,1227,1228,1229,-1,1230,1231,1232,-1,1233,1234,1235,-1,1236,1237,1238,-1,1239,1240,1241,-1,1242,1243,1244,-1,1245,1246,1247,-1,1248,1249,1250,-1,1251,1252,1253,-1,1254,1255,1256,-1,1257,1258,1259,-1,1260,1261,1262,-1,1263,1264,1265,-1,1266,1267,1268,-1,1269,1270,1271,-1,1272,1273,1274,-1,1275,1276,1277,-1,1278,1279,1280,-1,1281,1282,1283,-1,1284,1285,1282,-1,1286,1287,1288,-1,1289,1290,1287,-1,1291,1292,1293,-1,1294,1295,1292,-1,1296,1297,1298,-1,1299,1300,1301,-1,1302,1303,1304,-1,1305,1306,1307,-1,1308,1309,1310,-1,1311,1312,1313,-1,1314,1315,1316,-1,1317,1318,1319,-1,1320,1321,1322,-1,1323,1324,1325,-1,1326,1327,1328,-1,1329,1330,1331,-1,1332,1333,1330,-1,1334,1335,1333,-1,1336,1337,1338,-1,1339,1340,1341,-1,1342,1343,1344,-1,1345,1346,1347,-1,1348,1349,1350,-1,1351,1352,1353,-1,1354,1355,1356,-1,1357,1358,1359,-1,1360,1361,1358,-1,1362,1363,1364,-1,1365,1366,1363,-1,1367,1368,1369,-1,1370,1371,1372,-1,1373,1374,1375,-1,1376,1377,1378,-1,1379,1380,1381,-1,1382,1383,1384,-1,1385,1386,1387,-1,1388,1389,1390,-1,1391,1392,1393,-1,1394,1395,1396,-1,1397,1398,1399,-1,1400,1401,1402,-1,1403,1404,1405,-1,1406,1407,1408,-1,1409,1410,1411,-1,1412,1413,1414,-1,1415,1416,1417,-1,1418,1419,1420,-1,1421,1422,1423,-1,1424,1425,1426,-1,1427,1428,1429,-1,1430,1431,1432,-1,1433,1434,1435,-1,1436,1437,1438,-1,1439,1440,1441,-1,1442,1443,1444,-1,1445,1446,1447,-1,1448,1449,1450,-1,1451,1452,1453,-1,1454,1455,1456,-1,1457,1458,1459,-1,1460,1461,1462,-1,1463,1464,1465,-1,1466,1467,1468,-1,1469,1470,1471,-1,1472,1473,1474,-1,1475,1476,1477,-1,1478,1479,1480,-1,1481,1482,1483,-1,1484,1485,1486,-1,1487,1488,1489,-1,1490,1491,1492,-1,1493,1494,1495,-1,1496,1497,1498,-1,1499,1500,1501,-1,1502,1503,1504,-1,1505,1506,1507,-1,1508,1509,1510,-1,1511,1512,1513,-1,1514,1515,1516,-1,1517,1518,1519,-1,1520,1521,1522,-1,1523,1524,1525,-1,1526,1527,1528,-1,1529,1530,1531,-1,1532,1533,1534,-1,1535,1536,1537,-1,1536,1535,1538,-1,1539,1540,1541,-1,1542,1543,1544,-1,1545,1546,1547,-1,1548,1549,1546,-1,1549,1548,1550,-1,1021,1020,1551,-1,1038,1037,1552,-1,1036,1035,1553,-1,1032,1031,1554,-1,1030,1029,1555,-1,1556,1557,1558,-1,1559,1560,1561,-1,1562,1563,1564,-1,1565,1566,1567,-1,1568,1569,1570,-1,1571,1572,1573,-1,1574,1575,1576,-1,1577,1578,1579,-1,1580,1581,1582,-1,1583,1584,1585,-1,1586,1587,1588,-1,1589,1590,1591,-1,1592,1593,1594,-1,1146,1595,1596,-1,1597,1598,1599,-1,1600,1601,1602,-1,1603,1604,1605,-1,1606,1607,1608,-1,1609,1610,1611,-1,1612,1613,1614,-1,1615,1616,1617,-1,1618,1619,1620,-1,1621,1622,1623,-1,1624,1625,1626,-1,1627,1628,1629,-1,1630,1631,1632,-1,1633,1632,1628,-1,1634,1635,1636,-1,1637,1638,1639,-1,1640,1639,1641,-1,1642,1643,1644,-1,1645,1646,1647,-1,1648,1649,1650,-1,1651,1652,1653,-1,1654,1655,1656,-1,1657,1658,1659,-1,1660,1661,1662,-1,1663,1664,1665,-1,1666,1667,1668,-1,1669,1668,1670,-1,1671,1672,1673,-1,1674,1675,1676,-1,1677,1678,1679,-1,1680,1681,1682,-1,1683,1684,1685,-1,1686,1687,1688,-1,843,842,1689,-1,824,823,1690,-1,1690,823,821,-1,1016,1015,1691,-1,997,1006,1692,-1,1017,1693,661,-1,661,1693,744,-1,1694,785,1693,-1,1693,785,745,-1,1693,745,744,-1,786,1695,787,-1,787,1695,1696,-1,787,1696,788,-1,788,1696,789,-1,789,1696,746,-1,746,1696,1697,-1,746,1697,747,-1,761,1698,762,-1,762,1698,1699,-1,762,1699,748,-1,748,1699,749,-1,749,1699,1700,-1,749,1700,750,-1,1701,752,751,-1,752,1701,753,-1,753,1701,1702,-1,753,1702,754,-1,763,1703,764,-1,764,1703,766,-1,766,1703,769,-1,769,1703,1704,-1,769,1704,733,-1,1705,699,1706,-1,1706,699,735,-1,1706,735,734,-1,703,702,1707,-1,1707,702,700,-1,711,686,1708,-1,686,685,1708,-1,1708,685,710,-1,1708,710,709,-1,674,1709,675,-1,675,1709,1708,-1,675,1708,708,-1,708,1708,709,-1,772,691,1710,-1,1710,691,690,-1,1710,690,1711,-1,1711,690,688,-1,688,687,1711,-1,1711,687,677,-1,1711,677,679,-1,680,712,1712,-1,1713,736,692,-1,1714,722,1715,-1,1715,722,721,-1,1715,721,720,-1,697,696,1716,-1,1716,696,695,-1,1716,695,1714,-1,1714,695,723,-1,1714,723,722,-1,713,1717,714,-1,714,1717,1718,-1,714,1718,715,-1,715,1718,738,-1,1719,774,773,-1,974,970,1720,-1,1720,970,969,-1,1720,969,1721,-1,1721,969,968,-1,1721,968,1722,-1,978,977,1723,-1,1723,977,976,-1,1723,976,1724,-1,1724,976,975,-1,1724,975,1725,-1,966,982,1726,-1,1726,982,981,-1,1726,981,1727,-1,1727,981,965,-1,1727,965,1728,-1,1728,965,964,-1,979,1729,980,-1,980,1729,1730,-1,980,1730,971,-1,973,972,1731,-1,809,808,1732,-1,1732,808,1733,-1,1733,808,1053,-1,1053,808,962,-1,1053,962,1054,-1,1734,1735,815,-1,815,814,1734,-1,1734,814,811,-1,1734,811,1732,-1,1732,811,810,-1,1732,810,809,-1,1736,817,1735,-1,1735,817,816,-1,1735,816,815,-1,819,818,1737,-1,1737,818,806,-1,1737,806,1736,-1,1736,806,805,-1,1736,805,817,-1,1006,1005,1692,-1,1692,1005,1004,-1,1692,1004,1738,-1,1738,1004,1014,-1,1738,1014,1739,-1,1739,1014,1003,-1,1739,1003,813,-1,999,1740,989,-1,989,1740,990,-1,993,1741,994,-1,994,1741,995,-1,993,992,1741,-1,1741,992,985,-1,1741,985,984,-1,1002,1001,1741,-1,1001,1000,1741,-1,1741,1000,986,-1,1741,986,987,-1,987,988,1741,-1,1741,988,996,-1,1741,996,995,-1,1008,1007,1742,-1,1743,1010,1742,-1,1742,1010,1009,-1,1742,1009,1008,-1,1013,1012,1744,-1,1744,1012,1011,-1,1016,1691,983,-1,983,1691,1745,-1,983,1745,913,-1,913,1745,914,-1,914,1745,1746,-1,914,1746,915,-1,915,1746,916,-1,916,1746,1747,-1,916,1747,917,-1,917,1747,923,-1,923,1747,1748,-1,923,1748,924,-1,924,1748,925,-1,925,1748,1749,-1,925,1749,918,-1,918,1749,919,-1,919,1749,1750,-1,919,1750,921,-1,821,820,1751,-1,1752,1751,1753,-1,1753,1751,820,-1,1753,820,1750,-1,1750,820,922,-1,1750,922,921,-1,821,1751,1690,-1,1690,1751,1754,-1,1690,1754,824,-1,839,838,1754,-1,1754,838,837,-1,1754,837,824,-1,1755,1756,1757,-1,1757,1756,840,-1,834,833,1755,-1,1755,833,832,-1,1755,832,1756,-1,1756,832,841,-1,1756,841,840,-1,1689,1758,1759,-1,1759,1758,835,-1,842,831,1689,-1,1689,831,830,-1,1689,830,1758,-1,1758,830,836,-1,1758,836,835,-1,826,1050,828,-1,828,1050,1049,-1,828,1049,829,-1,940,939,1760,-1,1760,939,938,-1,1760,938,937,-1,948,947,1761,-1,1761,947,946,-1,1762,949,1763,-1,1763,949,948,-1,1764,1765,1762,-1,1762,1765,956,-1,1762,956,944,-1,944,942,1762,-1,1762,942,941,-1,1762,941,949,-1,960,959,1766,-1,1766,959,958,-1,1766,958,957,-1,1767,1768,1769,-1,1769,1768,1770,-1,1769,1770,1771,-1,1771,1770,1772,-1,1771,1772,1773,-1,1773,1772,1774,-1,1773,1774,1775,-1,1775,1774,1776,-1,1775,1776,1777,-1,1777,1776,1778,-1,1777,1778,1779,-1,1779,1778,1780,-1,1779,1780,1781,-1,1781,1780,1782,-1,1781,1782,1783,-1,1783,1782,1784,-1,1783,1784,1785,-1,1786,1787,1788,-1,1788,1787,1789,-1,1788,1789,1790,-1,1790,1789,1791,-1,1790,1791,1792,-1,1792,1791,1793,-1,1792,1793,1794,-1,1794,1793,1795,-1,1794,1795,1796,-1,1796,1795,1797,-1,1796,1797,1798,-1,1799,1800,1801,-1,1802,1803,1804,-1,1805,1520,1806,-1,1805,1806,1807,-1,1807,1806,1808,-1,1807,1808,1809,-1,1809,1808,1810,-1,1809,1810,1811,-1,1811,1810,1812,-1,1811,1812,1813,-1,1813,1812,1814,-1,1813,1814,1815,-1,1815,1814,1816,-1,1815,1816,1817,-1,1817,1816,1818,-1,1817,1818,1819,-1,1819,1818,1820,-1,1819,1820,1821,-1,1822,1823,1824,-1,1825,1826,1827,-1,1827,1826,1828,-1,1827,1828,1829,-1,1829,1828,1830,-1,1829,1830,1831,-1,1831,1830,1832,-1,1831,1832,1833,-1,1833,1832,1834,-1,1833,1834,1835,-1,1835,1834,1836,-1,1835,1836,1837,-1,1838,1511,1839,-1,1838,1839,1840,-1,1840,1839,1841,-1,1840,1841,1842,-1,1842,1841,1843,-1,1842,1843,1844,-1,1844,1843,1845,-1,1844,1845,1846,-1,1846,1845,1847,-1,1846,1847,1848,-1,1848,1847,1849,-1,1848,1849,1850,-1,1850,1849,1851,-1,1850,1851,1852,-1,1852,1851,1853,-1,1852,1853,1854,-1,1855,1856,1857,-1,1857,1856,1858,-1,1857,1858,1859,-1,1859,1858,1860,-1,1859,1860,1861,-1,1861,1860,1862,-1,1861,1862,1863,-1,1863,1862,1864,-1,1863,1864,1865,-1,1865,1864,1866,-1,1865,1866,1867,-1,1867,1866,1868,-1,1867,1868,1869,-1,1869,1868,1870,-1,1869,1870,1871,-1,1872,1873,1874,-1,1874,1873,1875,-1,1874,1875,1876,-1,1876,1875,1877,-1,1876,1877,1878,-1,1878,1877,1879,-1,1878,1879,1880,-1,1880,1879,1881,-1,1880,1881,1882,-1,1882,1881,1883,-1,1882,1883,1884,-1,1884,1883,1885,-1,1884,1885,1886,-1,1887,1888,1889,-1,1889,1888,1890,-1,1889,1890,1891,-1,1891,1890,1892,-1,1891,1892,1893,-1,1893,1892,1894,-1,1893,1894,1895,-1,1895,1894,1896,-1,1895,1896,1897,-1,1897,1896,1898,-1,1897,1898,1899,-1,1899,1898,1900,-1,1899,1900,1901,-1,1901,1900,1902,-1,1901,1902,1903,-1,1903,1902,1904,-1,1903,1904,1905,-1,1368,1906,1369,-1,1369,1906,1907,-1,1369,1907,1908,-1,1908,1907,1909,-1,1908,1909,1910,-1,1910,1909,1911,-1,1910,1911,1912,-1,1912,1911,1913,-1,1912,1913,1914,-1,1914,1913,1915,-1,1914,1915,1916,-1,1916,1915,1917,-1,1916,1917,1918,-1,1918,1917,1919,-1,1918,1919,1920,-1,1921,1370,1922,-1,1921,1922,1923,-1,1923,1922,1924,-1,1923,1924,1925,-1,1925,1924,1926,-1,1925,1926,1927,-1,1927,1926,1928,-1,1927,1928,1929,-1,1929,1928,1930,-1,1929,1930,1931,-1,1931,1930,1932,-1,1931,1932,1933,-1,1933,1932,1934,-1,1933,1934,1935,-1,1935,1934,1936,-1,1935,1936,1937,-1,1937,1936,1938,-1,1937,1938,1939,-1,1939,1938,1940,-1,1939,1940,1941,-1,1941,1940,1942,-1,1941,1942,1943,-1,1943,1942,1944,-1,1943,1944,1945,-1,1945,1944,1946,-1,1945,1946,1947,-1,1947,1946,1948,-1,1947,1948,1949,-1,1949,1948,1950,-1,1949,1950,1951,-1,1951,1950,1952,-1,1951,1952,1953,-1,1954,1955,1956,-1,1956,1955,1957,-1,1956,1957,1958,-1,1958,1957,1959,-1,1958,1959,1960,-1,1960,1959,1961,-1,1960,1961,1962,-1,1963,1964,1965,-1,1965,1964,1966,-1,1965,1966,1967,-1,1967,1966,1968,-1,1967,1968,1969,-1,1969,1968,1970,-1,1969,1970,1971,-1,1971,1970,1972,-1,1971,1972,1973,-1,1974,1308,1975,-1,1974,1975,1976,-1,1976,1975,1977,-1,1976,1977,1978,-1,1978,1977,1979,-1,1978,1979,1980,-1,1980,1979,1981,-1,1980,1981,1982,-1,1982,1981,1983,-1,1982,1983,1984,-1,1984,1983,1985,-1,1984,1985,1986,-1,1986,1985,1987,-1,1986,1987,1988,-1,1988,1987,1989,-1,1988,1989,1990,-1,1991,1280,1992,-1,1992,1280,1279,-1,1992,1279,1993,-1,1994,1247,1995,-1,1995,1247,1246,-1,1995,1246,1996,-1,1153,1997,1998,-1,1999,1152,2000,-1,1999,2000,2001,-1,2001,2000,2002,-1,2001,2002,2003,-1,2003,2002,2004,-1,2003,2004,2005,-1,2005,2004,2006,-1,2005,2006,2007,-1,2007,2006,2008,-1,2007,2008,2009,-1,2009,2008,2010,-1,2009,2010,2011,-1,2011,2010,2012,-1,2011,2012,2013,-1,2013,2012,2014,-1,2013,2014,2015,-1,2015,2014,2016,-1,2015,2016,2017,-1,2017,2016,2018,-1,2017,2018,2019,-1,2019,2018,2020,-1,2019,2020,2021,-1,2021,2020,2022,-1,2021,2022,2023,-1,2023,2022,2024,-1,2023,2024,2025,-1,2025,2024,2026,-1,2025,2026,2027,-1,2027,2026,2028,-1,2027,2028,2029,-1,2029,2028,2030,-1,2029,2030,2031,-1,2031,2030,2032,-1,2031,2032,2033,-1,1129,1131,2034,-1,2035,1128,2036,-1,2035,2036,2037,-1,2037,2036,2038,-1,2037,2038,2039,-1,2039,2038,2040,-1,2039,2040,2041,-1,2041,2040,2042,-1,2041,2042,2043,-1,2043,2042,2044,-1,2043,2044,2045,-1,2046,1118,2047,-1,2047,1118,1117,-1,2047,1117,2048,-1,2049,2050,2051,-1,2051,2050,2052,-1,2051,2052,2053,-1,2054,2055,2056,-1,2056,2055,2057,-1,2056,2057,2058,-1,2058,2057,2059,-1,2058,2059,2060,-1,2060,2059,2061,-1,2060,2061,2062,-1,2062,2061,2063,-1,2062,2063,2064,-1,2064,2063,2065,-1,2064,2065,2066,-1,2067,1752,2068,-1,2068,1752,1753,-1,2068,1753,2069,-1,2069,1753,1750,-1,2069,1750,2070,-1,2070,1750,1749,-1,2070,1749,2071,-1,2071,1749,1748,-1,2071,1748,2072,-1,2072,1748,1747,-1,2072,1747,2073,-1,2073,1747,1746,-1,2073,1746,2074,-1,2074,1746,1745,-1,2074,1745,2075,-1,2075,1745,1691,-1,2075,1691,2076,-1,1021,1551,1022,-1,2077,2078,2079,-1,2079,2078,2080,-1,2079,2080,2081,-1,2080,2082,2081,-1,2081,2082,2083,-1,2081,2083,2084,-1,2084,2083,2085,-1,2084,2085,2086,-1,2086,2085,2087,-1,2088,2089,1550,-1,2090,2091,2092,-1,2090,2092,2093,-1,2092,2094,2093,-1,2093,2094,2095,-1,2093,2095,2096,-1,2096,2095,2097,-1,2096,2097,2098,-1,2098,2097,2099,-1,2098,2099,2100,-1,1542,1544,2101,-1,1539,1541,2102,-1,2103,2104,2105,-1,2105,2104,2106,-1,2106,2104,2107,-1,2107,2104,2108,-1,2107,2108,2109,-1,2110,2111,2112,-1,2112,2111,2113,-1,2086,2114,2084,-1,2084,2114,1525,-1,2084,1525,2081,-1,2081,1525,1524,-1,2081,1524,2079,-1,2098,2115,2096,-1,2096,2115,2116,-1,2096,2116,2093,-1,2093,2116,2117,-1,2093,2117,2090,-1,2090,2117,2118,-1,2119,2118,2120,-1,2120,2118,2117,-1,2120,2117,2121,-1,2121,2117,2116,-1,2121,2116,2122,-1,2122,2116,2115,-1,2122,2115,2123,-1,2123,2115,2098,-1,2123,2098,2124,-1,2124,2098,2100,-1,2124,2100,2125,-1,2126,2127,2128,-1,2128,2127,2129,-1,2128,2129,1541,-1,2107,2126,2106,-1,2106,2126,2128,-1,2106,2128,2105,-1,2105,2128,1541,-1,2105,1541,2103,-1,2103,1541,1540,-1,2130,1687,2131,-1,2131,1687,1686,-1,2131,1686,2132,-1,1534,2133,2132,-1,2132,2133,2134,-1,2132,2134,2131,-1,2131,2134,2135,-1,2131,2135,2130,-1,2136,2077,2137,-1,2137,2077,2079,-1,2137,2079,2138,-1,2138,2079,1524,-1,2138,1524,2139,-1,2139,1524,1523,-1,2139,1523,2140,-1,1550,1548,2088,-1,2088,1548,2141,-1,2088,2141,2142,-1,2142,2141,2143,-1,2142,2143,2144,-1,2144,2143,2145,-1,2144,2145,2146,-1,2124,2147,2123,-1,2123,2147,2148,-1,2123,2148,2122,-1,2122,2148,2149,-1,2122,2149,2121,-1,2121,2149,2150,-1,2121,2150,2120,-1,2120,2150,2151,-1,2120,2151,2119,-1,2119,2151,2152,-1,2153,2152,2154,-1,2154,2152,2151,-1,2154,2151,2155,-1,2155,2151,2150,-1,2155,2150,2156,-1,2156,2150,2149,-1,2156,2149,2157,-1,2157,2149,2148,-1,2157,2148,2158,-1,2158,2148,2147,-1,2158,2147,2159,-1,2159,2147,2124,-1,2159,2124,2160,-1,2160,2124,2125,-1,2160,2125,2161,-1,2162,2129,2163,-1,2163,2129,2127,-1,2163,2127,2164,-1,2164,2127,2126,-1,2164,2126,2165,-1,2165,2126,2107,-1,2165,2107,1535,-1,1535,2107,2109,-1,1535,2109,1538,-1,2166,2167,2168,-1,2168,2167,2169,-1,2168,2169,2170,-1,2170,2169,2171,-1,2170,2171,2172,-1,2172,2171,2173,-1,2172,2173,2174,-1,2174,2173,2175,-1,2174,2175,2176,-1,2176,2175,2177,-1,2178,1688,2179,-1,2179,1688,1687,-1,2179,1687,2180,-1,2180,1687,2130,-1,2180,2130,2181,-1,2181,2130,2135,-1,2181,2135,2182,-1,2183,2140,2184,-1,2184,2140,1523,-1,2184,1523,2146,-1,2146,1523,1525,-1,2146,1525,2144,-1,2144,1525,2114,-1,2144,2114,2142,-1,2142,2114,2086,-1,2142,2086,2088,-1,2088,2086,2087,-1,2088,2087,2089,-1,1546,1545,1548,-1,1548,1545,2185,-1,1548,2185,2141,-1,2141,2185,2186,-1,2141,2186,2143,-1,2143,2186,2187,-1,2143,2187,2145,-1,2145,2187,2188,-1,2145,2188,2146,-1,2146,2188,2189,-1,2146,2189,2184,-1,2190,2191,2166,-1,2166,2191,2162,-1,2166,2162,2167,-1,2167,2162,2163,-1,2167,2163,2169,-1,2169,2163,2164,-1,2169,2164,2171,-1,2171,2164,2165,-1,2171,2165,2173,-1,2173,2165,1535,-1,2173,1535,2175,-1,2175,1535,1537,-1,2175,1537,2177,-1,2190,2166,2192,-1,2192,2166,2168,-1,2192,2168,2193,-1,2193,2168,2170,-1,2193,2170,2194,-1,2194,2170,2172,-1,2194,2172,2195,-1,2195,2172,2174,-1,2195,2174,2196,-1,2196,2174,2176,-1,2196,2176,2112,-1,2112,2176,2177,-1,2112,2177,2110,-1,1787,2197,1789,-1,1789,2197,2198,-1,1789,2198,1791,-1,1791,2198,2199,-1,1791,2199,1793,-1,1793,2199,2200,-1,1793,2200,1795,-1,1795,2200,2201,-1,1795,2201,1797,-1,2197,2178,2198,-1,2198,2178,2179,-1,2198,2179,2199,-1,2199,2179,2180,-1,2199,2180,2200,-1,2200,2180,2181,-1,2200,2181,2201,-1,2201,2181,2182,-1,2201,2182,1797,-1,1797,2182,2202,-1,1797,2202,1798,-1,2203,2191,2204,-1,2204,2191,2190,-1,2204,2190,2205,-1,2205,2190,2192,-1,2205,2192,2206,-1,2206,2192,2193,-1,2206,2193,2207,-1,2207,2193,2194,-1,2207,2194,2208,-1,2208,2194,2195,-1,2208,2195,2209,-1,2209,2195,2196,-1,2209,2196,2210,-1,2210,2196,2112,-1,2210,2112,1532,-1,1532,2112,2113,-1,1532,2113,1533,-1,2211,1786,2212,-1,2212,1786,1788,-1,2212,1788,2213,-1,2213,1788,1790,-1,2213,1790,2214,-1,2214,1790,1792,-1,2214,1792,2215,-1,2215,1792,1794,-1,2215,1794,2216,-1,2216,1794,1796,-1,2216,1796,2217,-1,2217,1796,1798,-1,2217,1798,2218,-1,2218,1798,2202,-1,2218,2202,2219,-1,2220,2183,2221,-1,2221,2183,2184,-1,2221,2184,2222,-1,2222,2184,2189,-1,2222,2189,2223,-1,2223,2189,2188,-1,2223,2188,2224,-1,2224,2188,2187,-1,2224,2187,2225,-1,2225,2187,2186,-1,2225,2186,2226,-1,2226,2186,2185,-1,2226,2185,2227,-1,2227,2185,1545,-1,2227,1545,2228,-1,2228,1545,1547,-1,2228,1547,2229,-1,2230,2231,2232,-1,2232,2231,2233,-1,2232,2233,2234,-1,2234,2233,2235,-1,2234,2235,2236,-1,2099,2101,2100,-1,2100,2101,1544,-1,2100,1544,2125,-1,2125,1544,2237,-1,2125,2237,2161,-1,2161,2237,2238,-1,2161,2238,2239,-1,2239,2238,2240,-1,2239,2240,2241,-1,2241,2240,2242,-1,2241,2242,2243,-1,2243,2242,2244,-1,2243,2244,2245,-1,1543,2246,1544,-1,1544,2246,2247,-1,1544,2247,2237,-1,2237,2247,2248,-1,2237,2248,2238,-1,2238,2248,2249,-1,2238,2249,2240,-1,2240,2249,2250,-1,2240,2250,2242,-1,2242,2250,2251,-1,2242,2251,2244,-1,2244,2251,2252,-1,2246,2253,2247,-1,2247,2253,2254,-1,2247,2254,2248,-1,2248,2254,2255,-1,2248,2255,2249,-1,2249,2255,2256,-1,2249,2256,2250,-1,2250,2256,2257,-1,2250,2257,2251,-1,2251,2257,2258,-1,2251,2258,2252,-1,2252,2258,2259,-1,2253,2260,2254,-1,2254,2260,2261,-1,2254,2261,2255,-1,2255,2261,2262,-1,2255,2262,2256,-1,2256,2262,2263,-1,2256,2263,2257,-1,2257,2263,2264,-1,2257,2264,2258,-1,2258,2264,2265,-1,2258,2265,2259,-1,2259,2265,2266,-1,2260,2102,2261,-1,2261,2102,1541,-1,2261,1541,2262,-1,2262,1541,2129,-1,2262,2129,2263,-1,2263,2129,2162,-1,2263,2162,2264,-1,2264,2162,2191,-1,2264,2191,2265,-1,2265,2191,2203,-1,2265,2203,2266,-1,2266,2203,2267,-1,1520,1522,1806,-1,1806,1522,2268,-1,1806,2268,1808,-1,1808,2268,2269,-1,1808,2269,1810,-1,1810,2269,2270,-1,1810,2270,1812,-1,1812,2270,2271,-1,1812,2271,1814,-1,1814,2271,2272,-1,1814,2272,1816,-1,1816,2272,2273,-1,1816,2273,1818,-1,1818,2273,2274,-1,1818,2274,1820,-1,1521,2211,1522,-1,1522,2211,2212,-1,1522,2212,2268,-1,2268,2212,2213,-1,2268,2213,2269,-1,2269,2213,2214,-1,2269,2214,2270,-1,2270,2214,2215,-1,2270,2215,2271,-1,2271,2215,2216,-1,2271,2216,2272,-1,2272,2216,2217,-1,2272,2217,2273,-1,2273,2217,2218,-1,2273,2218,2274,-1,2274,2218,2219,-1,2274,2219,1820,-1,1820,2219,2275,-1,1820,2275,1821,-1,2276,2230,2277,-1,2277,2230,2232,-1,2277,2232,2278,-1,2278,2232,2234,-1,2278,2234,2279,-1,2279,2234,2236,-1,2279,2236,1800,-1,1800,1799,2279,-1,2279,1799,2280,-1,2279,2280,2278,-1,2278,2280,2281,-1,2278,2281,2277,-1,2277,2281,2282,-1,2277,2282,2276,-1,2283,2276,2284,-1,2284,2276,2282,-1,2284,2282,2285,-1,2285,2282,2281,-1,2285,2281,2286,-1,2286,2281,2280,-1,2286,2280,2287,-1,2287,2280,1799,-1,2287,1799,2288,-1,2288,1799,1801,-1,2288,1801,1803,-1,1768,2153,1770,-1,1770,2153,2154,-1,1770,2154,1772,-1,1772,2154,2155,-1,1772,2155,1774,-1,1774,2155,2156,-1,1774,2156,1776,-1,1776,2156,2157,-1,1776,2157,1778,-1,1778,2157,2158,-1,1778,2158,1780,-1,1780,2158,2159,-1,1780,2159,1782,-1,1782,2159,2160,-1,1782,2160,1784,-1,1784,2160,2161,-1,1784,2161,1785,-1,1785,2161,2239,-1,1785,2239,2289,-1,2289,2239,2241,-1,2289,2241,2290,-1,2290,2241,2243,-1,2290,2243,2291,-1,2291,2243,2245,-1,2291,2245,2292,-1,2292,2245,2293,-1,1534,2132,1532,-1,1532,2132,1686,-1,1532,1686,2210,-1,2210,1686,1688,-1,2210,1688,2209,-1,2209,1688,2178,-1,2209,2178,2208,-1,2208,2178,2197,-1,2208,2197,2207,-1,2207,2197,1787,-1,2207,1787,2206,-1,2206,1787,1786,-1,2206,1786,2205,-1,2205,1786,2211,-1,2205,2211,2204,-1,2204,2211,1521,-1,2204,1521,2203,-1,2203,1521,1520,-1,2203,1520,2267,-1,2267,1520,1805,-1,2267,1805,2294,-1,2294,1805,1807,-1,2294,1807,2295,-1,2295,1807,1809,-1,2295,1809,2296,-1,2296,1809,1811,-1,2296,1811,2297,-1,2297,1811,1813,-1,2297,1813,2298,-1,2298,1813,1815,-1,2298,1815,2299,-1,2299,1815,1817,-1,2299,1817,2300,-1,2300,1817,1819,-1,2300,1819,2301,-1,2301,1819,1821,-1,2301,1821,2302,-1,2302,1821,2275,-1,2302,2275,2303,-1,1803,1802,2288,-1,2288,1802,2304,-1,2288,2304,2287,-1,2287,2304,2305,-1,2287,2305,2286,-1,2286,2305,2306,-1,2286,2306,2285,-1,2285,2306,2307,-1,2285,2307,2284,-1,2284,2307,2308,-1,2284,2308,2283,-1,2309,2308,2310,-1,2310,2308,2307,-1,2310,2307,2311,-1,2311,2307,2306,-1,2311,2306,2312,-1,2312,2306,2305,-1,2312,2305,2313,-1,2313,2305,2304,-1,2313,2304,2314,-1,2314,2304,1802,-1,2314,1802,2315,-1,2315,1802,1804,-1,2315,1804,2316,-1,2309,2310,2317,-1,2317,2310,2311,-1,2317,2311,2318,-1,2318,2311,2312,-1,2318,2312,2319,-1,2319,2312,2313,-1,2319,2313,2320,-1,2320,2313,2314,-1,2320,2314,2321,-1,2321,2314,2315,-1,2321,2315,2322,-1,2322,2315,2316,-1,2322,2316,2323,-1,2324,2293,2325,-1,2325,2293,2326,-1,2325,2326,2327,-1,2327,2326,2328,-1,2327,2328,2329,-1,2329,2328,2330,-1,2329,2330,2331,-1,2331,2330,2332,-1,2331,2332,2333,-1,2333,2332,2334,-1,2333,2334,2335,-1,2335,2334,2336,-1,2335,2336,2337,-1,2337,2336,2338,-1,2337,2338,2339,-1,2339,2338,2340,-1,1518,2340,2341,-1,2341,2340,2338,-1,2341,2338,2342,-1,2342,2338,2336,-1,2343,1823,2344,-1,2344,1823,1822,-1,2344,1822,2345,-1,2309,1824,2308,-1,2308,1824,1823,-1,2308,1823,2283,-1,2283,1823,2343,-1,2283,2343,2276,-1,2276,2343,2346,-1,2276,2346,2230,-1,2230,2346,2220,-1,2230,2220,2231,-1,2231,2220,2221,-1,2231,2221,2233,-1,2233,2221,2222,-1,2233,2222,1767,-1,1767,2222,2223,-1,1767,2223,1768,-1,1768,2223,2224,-1,1768,2224,2153,-1,2153,2224,2225,-1,2153,2225,2152,-1,2152,2225,2226,-1,2152,2226,2119,-1,2119,2226,2227,-1,2119,2227,2118,-1,2118,2227,2228,-1,2118,2228,2090,-1,2090,2228,2229,-1,2090,2229,2091,-1,2347,2348,2349,-1,2349,2348,2350,-1,2349,2350,2351,-1,2351,2350,2352,-1,2351,2352,2353,-1,2353,2352,2354,-1,2353,2354,2355,-1,2355,2354,2356,-1,1518,1517,2340,-1,2340,1517,2357,-1,2340,2357,2339,-1,2339,2357,2358,-1,2339,2358,2337,-1,2348,2324,2350,-1,2350,2324,2325,-1,2350,2325,2352,-1,2352,2325,2327,-1,2352,2327,2354,-1,2354,2327,2329,-1,2354,2329,2356,-1,2356,2329,2331,-1,2356,2331,2359,-1,2359,2331,2333,-1,2359,2333,2360,-1,2360,2333,2335,-1,2360,2335,2361,-1,2361,2335,2337,-1,2361,2337,2362,-1,2362,2337,2358,-1,2362,2358,2363,-1,2363,2358,2364,-1,2364,2358,2357,-1,2364,2357,2365,-1,2365,2357,1517,-1,2365,1517,2366,-1,2366,1517,1519,-1,2366,1519,1515,-1,2367,2368,2369,-1,2369,2368,2370,-1,2369,2370,2371,-1,2372,2136,2373,-1,2373,2136,2137,-1,2373,2137,2374,-1,2374,2137,2138,-1,2374,2138,2375,-1,2375,2138,2139,-1,2375,2139,2376,-1,2376,2139,2140,-1,2376,2140,2377,-1,2377,2140,2183,-1,2377,2183,2378,-1,2378,2183,2220,-1,2378,2220,2379,-1,2379,2220,2346,-1,2379,2346,2380,-1,2380,2346,2343,-1,2380,2343,2381,-1,2381,2343,2344,-1,2381,2344,2382,-1,2382,2344,2345,-1,2382,2345,2383,-1,2384,2385,2386,-1,2386,2385,2387,-1,2386,2387,2388,-1,2388,2387,2389,-1,2388,2389,2390,-1,2390,2389,2391,-1,2390,2391,2392,-1,2392,2391,2393,-1,2392,2393,2394,-1,2394,2393,2395,-1,2394,2395,2396,-1,2396,2395,2397,-1,2396,2397,2398,-1,2398,2397,2399,-1,2398,2399,2400,-1,2400,2399,2401,-1,2400,2401,2402,-1,2402,2401,2403,-1,2404,2384,2405,-1,2405,2384,2386,-1,2405,2386,2406,-1,2406,2386,2388,-1,2406,2388,2407,-1,2407,2388,2390,-1,2407,2390,2408,-1,2408,2390,2392,-1,2408,2392,2409,-1,2409,2392,2394,-1,2409,2394,2410,-1,2410,2394,2396,-1,2410,2396,2411,-1,2411,2396,2398,-1,2411,2398,2412,-1,2412,2398,2400,-1,2412,2400,2413,-1,2413,2400,2402,-1,2355,2414,2353,-1,2353,2414,2415,-1,2353,2415,2351,-1,2351,2415,2416,-1,2351,2416,2349,-1,2349,2416,2417,-1,2349,2417,2347,-1,2347,2417,2418,-1,1515,1514,2366,-1,2366,1514,2419,-1,2366,2419,2365,-1,2365,2419,2420,-1,2365,2420,2364,-1,2364,2420,2421,-1,2364,2421,2363,-1,2363,2421,2422,-1,2363,2422,2362,-1,2423,2418,2424,-1,2424,2418,2417,-1,2424,2417,2425,-1,2425,2417,2416,-1,2425,2416,2426,-1,2426,2416,2415,-1,2426,2415,2427,-1,2427,2415,2414,-1,2427,2414,2428,-1,2428,2414,2355,-1,2428,2355,2429,-1,2429,2355,2356,-1,2429,2356,2430,-1,2430,2356,2359,-1,2430,2359,2431,-1,2431,2359,2360,-1,2431,2360,2432,-1,2432,2360,2361,-1,2432,2361,2433,-1,2433,2361,2362,-1,2433,2362,2434,-1,2434,2362,2422,-1,2434,2422,2435,-1,2435,2422,2436,-1,2436,2422,2421,-1,2436,2421,2437,-1,2437,2421,2420,-1,2437,2420,2438,-1,2438,2420,2419,-1,2438,2419,2439,-1,2439,2419,1514,-1,2439,1514,2440,-1,2440,1514,1516,-1,2440,1516,2441,-1,2442,2371,2443,-1,2443,2371,2370,-1,2443,2370,2444,-1,2444,2370,2368,-1,2444,2368,2445,-1,2446,2447,2448,-1,2449,2404,2450,-1,2450,2404,2405,-1,2450,2405,2451,-1,2451,2405,2406,-1,2451,2406,2452,-1,2452,2406,2407,-1,2452,2407,2453,-1,2453,2407,2408,-1,2453,2408,2454,-1,2454,2408,2409,-1,2454,2409,2455,-1,2455,2409,2410,-1,2455,2410,2456,-1,2456,2410,2411,-1,2456,2411,2457,-1,2457,2411,2412,-1,2457,2412,2458,-1,2458,2412,2413,-1,2435,2459,2434,-1,2434,2459,2460,-1,2434,2460,2433,-1,2433,2460,2461,-1,2433,2461,2432,-1,2432,2461,2462,-1,2432,2462,2431,-1,2431,2462,2463,-1,2431,2463,2430,-1,2430,2463,2464,-1,2430,2464,2429,-1,2429,2464,2465,-1,2429,2465,2428,-1,2428,2465,2466,-1,2428,2466,2427,-1,2427,2466,2467,-1,2427,2467,2426,-1,2426,2467,2468,-1,2426,2468,2425,-1,2425,2468,2469,-1,2425,2469,2424,-1,2424,2469,2470,-1,2424,2470,2423,-1,2423,2470,2471,-1,2472,2473,2474,-1,2474,2473,2475,-1,2474,2475,2476,-1,2476,2475,2477,-1,2476,2477,2478,-1,2478,2477,2479,-1,2478,2479,2480,-1,2480,2479,2481,-1,2480,2481,2482,-1,2482,2481,2483,-1,2482,2483,2484,-1,2484,2483,2485,-1,2484,2485,2486,-1,2486,2485,2487,-1,2486,2487,2488,-1,2489,2490,2491,-1,2491,2490,2492,-1,2491,2492,2493,-1,2493,2492,2494,-1,2493,2494,2495,-1,2495,2494,2496,-1,2495,2496,2497,-1,2448,2447,2498,-1,2498,2447,2499,-1,2498,2499,2500,-1,2500,2499,2501,-1,2500,2501,2502,-1,2503,2403,2504,-1,2504,2403,2401,-1,2504,2401,2505,-1,2505,2401,2399,-1,2505,2399,2506,-1,2506,2399,2397,-1,2506,2397,2507,-1,2507,2397,2395,-1,2507,2395,2508,-1,2508,2395,2393,-1,2508,2393,2509,-1,2509,2393,2391,-1,2509,2391,2510,-1,2510,2391,2389,-1,2510,2389,2511,-1,2511,2389,2387,-1,2511,2387,2512,-1,2512,2387,2385,-1,2512,2385,2446,-1,2446,2385,2384,-1,2446,2384,2447,-1,2447,2384,2404,-1,2447,2404,2499,-1,2499,2404,2449,-1,2499,2449,2501,-1,2513,2514,2515,-1,2515,2514,2516,-1,2515,2516,2517,-1,2517,2516,2518,-1,2517,2518,2519,-1,2519,2518,2520,-1,2519,2520,2521,-1,2521,2520,2522,-1,2521,2522,2523,-1,2523,2522,2524,-1,2523,2524,2525,-1,2525,2524,2526,-1,2525,2526,2527,-1,2527,2526,2528,-1,2527,2528,2529,-1,2529,2528,2530,-1,2529,2530,2531,-1,2531,2530,2532,-1,2531,2532,2533,-1,2533,2532,2534,-1,2514,2471,2516,-1,2516,2471,2470,-1,2516,2470,2518,-1,2518,2470,2469,-1,2518,2469,2520,-1,2520,2469,2468,-1,2520,2468,2522,-1,2522,2468,2467,-1,2522,2467,2524,-1,2524,2467,2466,-1,2524,2466,2526,-1,2526,2466,2465,-1,2526,2465,2528,-1,2528,2465,2464,-1,2528,2464,2530,-1,2530,2464,2463,-1,2530,2463,2532,-1,2532,2463,2462,-1,2532,2462,2534,-1,2534,2462,2461,-1,2534,2461,2535,-1,2535,2461,2460,-1,2535,2460,2536,-1,2536,2460,2459,-1,2536,2459,2537,-1,2538,2472,2539,-1,2539,2472,2474,-1,2539,2474,2540,-1,2540,2474,2476,-1,2540,2476,2541,-1,2541,2476,2478,-1,2541,2478,2542,-1,2542,2478,2480,-1,2542,2480,2543,-1,2543,2480,2482,-1,2543,2482,2544,-1,2544,2482,2484,-1,2544,2484,2545,-1,2545,2484,2486,-1,2545,2486,2546,-1,2546,2486,2488,-1,2546,2547,2545,-1,2545,2547,2548,-1,2545,2548,2544,-1,2544,2548,2549,-1,2544,2549,2543,-1,2543,2549,2550,-1,2543,2550,2542,-1,2542,2550,2551,-1,2542,2551,2541,-1,2541,2551,2552,-1,2541,2552,2540,-1,2540,2552,2553,-1,2540,2553,2539,-1,2539,2553,2554,-1,2539,2554,2538,-1,1826,2489,1828,-1,1828,2489,2491,-1,1828,2491,1830,-1,1830,2491,2493,-1,1830,2493,1832,-1,1832,2493,2495,-1,1832,2495,1834,-1,1834,2495,2497,-1,1834,2497,1836,-1,2490,2442,2492,-1,2492,2442,2443,-1,2492,2443,2494,-1,2494,2443,2444,-1,2494,2444,2496,-1,2496,2444,2445,-1,2496,2445,2497,-1,2497,2445,2555,-1,2497,2555,1836,-1,1836,2555,2556,-1,1836,2556,1837,-1,2557,2558,2559,-1,2559,2558,2560,-1,2559,2560,2561,-1,2561,2560,2562,-1,2561,2562,2563,-1,2563,2562,2564,-1,2563,2564,2565,-1,2565,2564,2566,-1,2565,2566,2567,-1,2567,2566,2568,-1,2567,2568,2569,-1,2569,2568,2570,-1,2569,2570,2571,-1,2571,2570,2572,-1,2571,2572,2573,-1,2573,2572,2574,-1,2573,2574,2575,-1,2575,2574,2576,-1,2575,2576,2577,-1,2531,2578,2529,-1,2529,2578,2579,-1,2529,2579,2527,-1,2527,2579,2580,-1,2527,2580,2525,-1,2525,2580,2581,-1,2525,2581,2523,-1,2523,2581,2582,-1,2523,2582,2521,-1,2521,2582,2583,-1,2521,2583,2519,-1,2519,2583,2584,-1,2519,2584,2517,-1,2517,2584,2585,-1,2517,2585,2515,-1,2515,2585,2586,-1,2515,2586,2513,-1,2513,2586,2587,-1,2554,2588,2538,-1,2538,2588,2537,-1,2538,2537,2472,-1,2472,2537,2459,-1,2472,2459,2473,-1,2473,2459,2435,-1,2473,2435,2475,-1,2475,2435,2436,-1,2475,2436,2477,-1,2477,2436,2437,-1,2477,2437,2479,-1,2479,2437,2438,-1,2479,2438,2481,-1,2481,2438,2439,-1,2481,2439,2483,-1,2483,2439,2440,-1,2483,2440,2485,-1,2485,2440,2441,-1,2485,2441,2487,-1,2589,2587,2590,-1,2590,2587,2586,-1,2590,2586,2591,-1,2591,2586,2585,-1,2591,2585,2592,-1,2592,2585,2584,-1,2592,2584,2593,-1,2593,2584,2583,-1,2593,2583,2594,-1,2594,2583,2582,-1,2594,2582,2595,-1,2595,2582,2581,-1,2595,2581,2596,-1,2596,2581,2580,-1,2596,2580,2597,-1,2597,2580,2579,-1,2597,2579,2598,-1,2598,2579,2578,-1,2598,2578,2599,-1,2599,2578,2531,-1,2599,2531,2600,-1,2600,2531,2533,-1,2600,2533,2601,-1,2601,2533,2534,-1,2601,2534,2602,-1,2602,2534,2535,-1,2602,2535,2603,-1,2603,2535,2536,-1,2603,2536,2604,-1,2604,2536,2537,-1,2604,2537,2605,-1,2605,2537,2588,-1,2606,1825,2607,-1,2607,1825,1827,-1,2607,1827,2608,-1,2608,1827,1829,-1,2608,1829,2609,-1,2609,1829,1831,-1,2609,1831,2610,-1,2610,1831,1833,-1,2610,1833,2611,-1,2611,1833,1835,-1,2611,1835,2612,-1,2612,1835,1837,-1,2612,1837,2613,-1,2613,1837,2556,-1,2613,2556,2614,-1,2458,2557,2457,-1,2457,2557,2559,-1,2457,2559,2456,-1,2456,2559,2561,-1,2456,2561,2455,-1,2455,2561,2563,-1,2455,2563,2454,-1,2454,2563,2565,-1,2454,2565,2453,-1,2453,2565,2567,-1,2453,2567,2452,-1,2452,2567,2569,-1,2452,2569,2451,-1,2451,2569,2571,-1,2451,2571,2450,-1,2450,2571,2573,-1,2450,2573,2449,-1,2449,2573,2575,-1,2449,2575,2501,-1,2501,2575,2577,-1,2501,2577,2502,-1,2502,2577,2615,-1,2616,2617,2618,-1,2618,2617,2619,-1,2618,2619,2620,-1,2620,2619,2621,-1,2620,2621,2622,-1,2622,2621,2623,-1,2622,2623,2624,-1,2624,2623,2625,-1,2624,2625,2626,-1,2626,2625,2627,-1,2626,2627,2628,-1,2628,2627,2629,-1,2628,2629,2630,-1,2630,2629,2631,-1,2630,2631,2632,-1,2632,2631,2633,-1,2632,2633,2634,-1,2634,2633,2635,-1,2634,2635,2636,-1,2636,2635,2637,-1,2636,2637,2638,-1,2638,2637,2639,-1,2638,2639,2640,-1,2640,2639,2641,-1,2640,2641,2642,-1,2642,2589,2640,-1,2640,2589,2590,-1,2640,2590,2638,-1,2638,2590,2591,-1,2638,2591,2636,-1,2636,2591,2592,-1,2636,2592,2634,-1,2634,2592,2593,-1,2634,2593,2632,-1,2632,2593,2594,-1,2632,2594,2630,-1,2630,2594,2595,-1,2630,2595,2628,-1,2628,2595,2596,-1,2628,2596,2626,-1,2626,2596,2597,-1,2626,2597,2624,-1,2624,2597,2598,-1,2624,2598,2622,-1,2622,2598,2599,-1,2622,2599,2620,-1,2620,2599,2600,-1,2620,2600,2618,-1,2618,2600,2601,-1,2618,2601,2616,-1,2616,2601,2602,-1,2616,2602,2643,-1,2643,2602,2603,-1,2643,2603,2644,-1,2644,2603,2604,-1,2644,2604,2645,-1,2645,2604,2605,-1,2645,2605,2646,-1,1511,1513,1839,-1,1839,1513,2647,-1,1839,2647,1841,-1,1841,2647,2648,-1,1841,2648,1843,-1,1843,2648,2649,-1,1843,2649,1845,-1,1845,2649,2650,-1,1845,2650,1847,-1,1847,2650,2651,-1,1847,2651,1849,-1,1849,2651,2652,-1,1849,2652,1851,-1,1851,2652,2653,-1,1851,2653,1853,-1,1512,2606,1513,-1,1513,2606,2607,-1,1513,2607,2647,-1,2647,2607,2608,-1,2647,2608,2648,-1,2648,2608,2609,-1,2648,2609,2649,-1,2649,2609,2610,-1,2649,2610,2650,-1,2650,2610,2611,-1,2650,2611,2651,-1,2651,2611,2612,-1,2651,2612,2652,-1,2652,2612,2613,-1,2652,2613,2653,-1,2653,2613,2614,-1,2653,2614,1853,-1,1853,2614,2654,-1,1853,2654,1854,-1,2655,2656,2657,-1,2657,2656,2658,-1,2657,2658,2659,-1,2659,2658,2660,-1,2659,2660,2661,-1,2661,2660,2662,-1,2661,2662,2663,-1,2663,2662,2664,-1,2663,2664,2665,-1,2665,2664,2666,-1,2665,2666,2667,-1,2667,2666,2668,-1,2667,2668,2669,-1,2669,2668,2670,-1,2669,2670,2671,-1,2671,2670,2672,-1,2671,2672,2673,-1,2673,2672,2674,-1,2673,2674,2675,-1,2675,2674,2676,-1,2675,2676,2677,-1,2677,2676,2678,-1,2677,2678,2679,-1,2293,2245,2326,-1,2326,2245,2244,-1,2326,2244,2328,-1,2328,2244,2252,-1,2328,2252,2330,-1,2330,2252,2259,-1,2330,2259,2332,-1,2332,2259,2266,-1,2332,2266,2334,-1,2334,2266,2267,-1,2334,2267,2336,-1,2336,2267,2294,-1,2336,2294,2342,-1,2342,2294,2295,-1,2342,2295,2341,-1,2341,2295,2296,-1,2341,2296,1518,-1,1518,2296,2297,-1,1518,2297,1519,-1,1519,2297,2298,-1,1519,2298,1515,-1,1515,2298,2299,-1,1515,2299,1516,-1,1516,2299,2300,-1,1516,2300,2441,-1,2441,2300,2301,-1,2441,2301,2487,-1,2487,2301,2302,-1,2487,2302,2488,-1,2488,2302,2303,-1,2488,2303,2546,-1,2546,2303,2367,-1,2546,2367,2547,-1,2547,2367,2369,-1,2547,2369,2548,-1,2548,2369,2371,-1,2548,2371,2549,-1,2549,2371,2442,-1,2549,2442,2550,-1,2550,2442,2490,-1,2550,2490,2551,-1,2551,2490,2489,-1,2551,2489,2552,-1,2552,2489,1826,-1,2552,1826,2553,-1,2553,1826,1825,-1,2553,1825,2554,-1,2554,1825,2606,-1,2554,2606,2588,-1,2588,2606,1512,-1,2588,1512,2605,-1,2605,1512,1511,-1,2605,1511,2646,-1,2646,1511,1838,-1,2646,1838,2680,-1,2680,1838,1840,-1,2680,1840,2681,-1,2681,1840,1842,-1,2681,1842,2682,-1,2682,1842,1844,-1,2682,1844,2683,-1,2683,1844,1846,-1,2683,1846,2684,-1,2684,1846,1848,-1,2684,1848,2685,-1,2685,1848,1850,-1,2685,1850,2686,-1,2686,1850,1852,-1,2686,1852,2687,-1,2687,1852,1854,-1,2687,1854,2688,-1,2688,1854,2654,-1,2688,2654,2689,-1,2615,2690,2691,-1,2691,2690,2692,-1,2691,2692,2693,-1,2693,2692,2694,-1,2656,2695,2658,-1,2658,2695,2696,-1,2658,2696,2660,-1,2660,2696,2697,-1,2660,2697,2662,-1,2662,2697,2698,-1,2662,2698,2664,-1,2664,2698,2699,-1,2664,2699,2666,-1,2666,2699,2700,-1,2666,2700,2668,-1,2668,2700,2701,-1,2668,2701,2670,-1,2670,2701,2702,-1,2670,2702,2672,-1,2672,2702,2703,-1,2672,2703,2674,-1,2674,2703,2704,-1,2674,2704,2676,-1,2676,2704,2705,-1,2676,2705,2678,-1,2706,2707,2708,-1,2708,2707,2709,-1,2708,2709,2710,-1,2710,2709,2711,-1,2710,2711,2712,-1,2712,2711,2713,-1,2712,2713,2655,-1,2655,2713,2714,-1,2655,2714,2656,-1,2656,2714,2715,-1,2656,2715,2695,-1,2695,2715,2716,-1,2695,2716,2696,-1,2696,2716,2717,-1,2696,2717,2697,-1,2697,2717,2718,-1,2697,2718,2698,-1,2698,2718,2719,-1,2698,2719,2699,-1,2699,2719,2720,-1,2699,2720,2700,-1,2700,2720,2721,-1,2700,2721,2701,-1,2701,2721,2722,-1,2701,2722,2702,-1,2702,2722,2723,-1,2702,2723,2703,-1,2703,2723,2724,-1,2703,2724,2704,-1,2704,2724,2725,-1,2704,2725,2705,-1,2705,2725,2694,-1,2705,2694,2678,-1,2678,2694,2692,-1,2678,2692,2679,-1,2679,2692,2690,-1,1509,1508,2726,-1,2726,1508,2727,-1,2726,2727,2728,-1,2133,1529,2134,-1,2134,1529,1531,-1,2134,1531,2135,-1,2135,1531,2729,-1,2135,2729,2182,-1,2182,2729,2730,-1,2182,2730,2202,-1,2202,2730,2731,-1,2202,2731,2219,-1,2219,2731,2732,-1,2219,2732,2275,-1,2275,2732,2733,-1,2275,2733,2303,-1,2303,2733,2734,-1,2303,2734,2367,-1,2367,2734,2735,-1,2367,2735,2368,-1,2368,2735,2736,-1,2368,2736,2445,-1,2445,2736,2737,-1,2445,2737,2555,-1,2555,2737,2738,-1,2555,2738,2556,-1,2556,2738,2739,-1,2556,2739,2614,-1,2614,2739,2740,-1,2614,2740,2654,-1,2654,2740,2741,-1,2654,2741,2689,-1,2689,2741,2742,-1,2689,2742,2743,-1,2743,2742,2744,-1,1530,1526,1531,-1,1531,1526,1528,-1,1531,1528,2729,-1,2729,1528,2745,-1,2729,2745,2730,-1,2730,2745,2746,-1,2730,2746,2731,-1,2731,2746,2747,-1,2731,2747,2732,-1,2732,2747,2748,-1,2732,2748,2733,-1,2733,2748,2749,-1,2733,2749,2734,-1,2734,2749,2750,-1,2734,2750,2735,-1,2735,2750,2751,-1,2735,2751,2736,-1,2736,2751,2752,-1,2736,2752,2737,-1,2737,2752,2753,-1,2737,2753,2738,-1,2738,2753,2754,-1,2738,2754,2739,-1,2739,2754,2755,-1,2739,2755,2740,-1,2740,2755,2756,-1,2740,2756,2741,-1,2741,2756,2757,-1,2741,2757,2742,-1,2742,2757,2758,-1,2742,2758,2744,-1,2744,2758,2759,-1,1527,2372,1528,-1,1528,2372,2373,-1,1528,2373,2745,-1,2745,2373,2374,-1,2745,2374,2746,-1,2746,2374,2375,-1,2746,2375,2747,-1,2747,2375,2376,-1,2747,2376,2748,-1,2748,2376,2377,-1,2748,2377,2749,-1,2749,2377,2378,-1,2749,2378,2750,-1,2750,2378,2379,-1,2750,2379,2751,-1,2751,2379,2380,-1,2751,2380,2752,-1,2752,2380,2381,-1,2752,2381,2753,-1,2753,2381,2382,-1,2753,2382,2754,-1,2754,2382,2383,-1,2754,2383,2755,-1,2755,2383,2760,-1,2755,2760,2756,-1,2756,2760,2761,-1,2756,2761,2757,-1,2757,2761,2762,-1,2757,2762,2758,-1,2758,2762,2763,-1,2758,2763,2759,-1,2759,2763,2764,-1,2707,1504,2709,-1,2709,1504,1503,-1,2709,1503,2711,-1,2711,1503,2765,-1,2711,2765,2713,-1,2713,2765,2766,-1,2713,2766,2714,-1,2714,2766,2767,-1,2714,2767,2715,-1,2715,2767,2768,-1,2715,2768,2716,-1,2716,2768,2769,-1,2716,2769,2717,-1,2717,2769,2770,-1,2717,2770,2718,-1,2718,2770,2771,-1,2718,2771,2719,-1,2719,2771,2772,-1,2719,2772,2720,-1,2720,2772,2773,-1,2720,2773,2721,-1,2721,2773,2774,-1,2721,2774,2722,-1,2722,2774,2775,-1,2722,2775,2723,-1,2723,2775,2776,-1,2723,2776,2724,-1,2724,2776,2777,-1,2724,2777,2725,-1,2725,2777,2778,-1,2725,2778,2694,-1,2694,2778,2779,-1,2694,2779,2693,-1,2693,2779,2764,-1,2693,2764,2691,-1,2691,2764,2763,-1,2691,2763,2615,-1,2615,2763,2762,-1,2615,2762,2502,-1,2502,2762,2761,-1,2502,2761,2500,-1,2500,2761,2760,-1,2500,2760,2498,-1,2498,2760,2383,-1,2498,2383,2448,-1,2448,2383,2345,-1,2448,2345,2446,-1,2446,2345,1822,-1,2446,1822,2512,-1,2512,1822,1824,-1,2512,1824,2511,-1,2511,1824,2309,-1,2511,2309,2510,-1,2510,2309,2317,-1,2510,2317,2509,-1,2509,2317,2318,-1,2509,2318,2508,-1,2508,2318,2319,-1,2508,2319,2507,-1,2507,2319,2320,-1,2507,2320,2506,-1,2506,2320,2321,-1,2506,2321,2505,-1,2505,2321,2322,-1,2505,2322,2504,-1,2504,2322,2323,-1,2504,2323,2503,-1,1506,1505,2780,-1,2780,1505,2781,-1,2780,2781,2782,-1,2782,2781,2783,-1,2782,2783,2784,-1,2784,2783,2785,-1,2784,2785,2786,-1,1684,1683,2787,-1,2788,2789,2790,-1,2790,2789,2791,-1,2790,2791,2792,-1,2792,2791,2793,-1,2792,2793,2794,-1,2794,2793,2795,-1,2794,2795,2796,-1,2796,2795,2797,-1,2796,2797,2798,-1,2798,2797,2799,-1,2798,2799,2800,-1,2800,2799,2801,-1,2800,2801,2802,-1,2802,2801,2803,-1,2802,2803,2804,-1,2804,2803,2805,-1,2804,2805,2806,-1,2806,2805,2807,-1,2806,2807,2808,-1,2808,2807,2809,-1,2808,2809,2810,-1,2810,2809,2811,-1,2810,2811,2812,-1,2812,2811,2813,-1,2812,2813,2814,-1,2814,2813,2815,-1,2814,2815,2816,-1,2817,1502,2818,-1,2818,1502,1504,-1,2818,1504,2819,-1,2819,1504,2707,-1,2819,2707,1510,-1,1510,2707,2706,-1,1510,2706,1508,-1,1508,2706,2820,-1,1508,2820,2727,-1,1500,1499,2821,-1,2821,1499,2822,-1,2821,2822,2823,-1,2823,2822,2824,-1,2823,2824,2825,-1,2825,2824,2826,-1,2825,2826,2827,-1,2827,2826,2828,-1,2827,2828,2829,-1,2829,2828,2830,-1,2829,2830,2831,-1,2832,2833,2834,-1,2834,2833,2835,-1,2834,2835,2836,-1,2836,2835,2837,-1,2836,2837,2838,-1,2838,2837,2839,-1,2840,2841,2842,-1,2842,2841,2843,-1,2842,2843,2844,-1,2844,2843,2845,-1,2844,2845,2846,-1,2846,2845,2847,-1,2846,2847,2848,-1,2848,2847,2849,-1,2848,2849,2850,-1,2850,2849,2851,-1,2850,2851,2852,-1,2852,2851,2853,-1,2852,2853,2854,-1,2854,2853,2855,-1,2854,2855,2856,-1,2856,2855,2857,-1,2856,2857,2858,-1,2858,2857,2859,-1,2858,2859,2860,-1,2860,2859,2861,-1,2860,2861,2862,-1,2862,2861,2863,-1,2862,2863,2864,-1,2864,2863,2865,-1,2864,2865,2866,-1,2833,1685,2835,-1,2835,1685,1684,-1,2835,1684,2837,-1,2837,1684,2787,-1,2837,2787,2839,-1,2839,2787,2867,-1,2839,2867,2868,-1,2868,2867,2869,-1,2868,2869,2870,-1,2870,2869,2871,-1,2870,2871,2872,-1,2872,2871,2788,-1,2872,2788,2840,-1,2840,2788,2790,-1,2840,2790,2841,-1,2841,2790,2792,-1,2841,2792,2843,-1,2843,2792,2794,-1,2843,2794,2845,-1,2845,2794,2796,-1,2845,2796,2847,-1,2847,2796,2798,-1,2847,2798,2849,-1,2849,2798,2800,-1,2849,2800,2851,-1,2851,2800,2802,-1,2851,2802,2853,-1,2853,2802,2804,-1,2853,2804,2855,-1,2855,2804,2806,-1,2855,2806,2857,-1,2857,2806,2808,-1,2857,2808,2859,-1,2859,2808,2810,-1,2859,2810,2861,-1,2861,2810,2812,-1,2861,2812,2863,-1,2863,2812,2814,-1,2863,2814,2865,-1,2865,2814,2816,-1,2865,2816,2866,-1,2866,2816,2873,-1,2874,2817,2875,-1,2875,2817,2818,-1,2875,2818,2876,-1,2876,2818,2819,-1,2876,2819,1507,-1,1507,2819,1510,-1,1507,1510,1505,-1,1505,1510,1509,-1,1505,1509,2781,-1,2781,1509,2726,-1,2781,2726,2783,-1,2783,2726,2728,-1,2783,2728,2785,-1,1497,1496,2877,-1,2877,1496,2878,-1,2877,2878,2879,-1,2879,2878,2880,-1,2879,2880,2881,-1,2881,2880,2882,-1,2881,2882,2883,-1,2883,2882,2884,-1,2883,2884,2885,-1,2885,2884,2886,-1,2885,2886,2887,-1,2887,2886,2888,-1,2887,2888,2889,-1,2889,2888,2890,-1,2889,2890,2891,-1,2892,2893,2894,-1,1494,1493,2895,-1,2895,1493,2896,-1,2895,2896,2897,-1,1683,2743,2787,-1,2787,2743,2744,-1,2787,2744,2867,-1,2867,2744,2759,-1,2867,2759,2869,-1,2869,2759,2764,-1,2869,2764,2871,-1,2871,2764,2779,-1,2871,2779,2788,-1,2788,2779,2778,-1,2788,2778,2789,-1,2789,2778,2777,-1,2789,2777,2791,-1,2791,2777,2776,-1,2791,2776,2793,-1,2793,2776,2775,-1,2793,2775,2795,-1,2795,2775,2774,-1,2795,2774,2797,-1,2797,2774,2773,-1,2797,2773,2799,-1,2799,2773,2772,-1,2799,2772,2801,-1,2801,2772,2771,-1,2801,2771,2803,-1,2803,2771,2770,-1,2803,2770,2805,-1,2805,2770,2769,-1,2805,2769,2807,-1,2807,2769,2768,-1,2807,2768,2809,-1,2809,2768,2767,-1,2809,2767,2811,-1,2811,2767,2766,-1,2811,2766,2813,-1,2813,2766,2765,-1,2813,2765,2815,-1,2815,2765,1503,-1,2815,1503,2816,-1,2816,1503,1502,-1,2816,1502,2873,-1,2873,1502,2817,-1,2873,2817,2898,-1,2898,2817,2874,-1,2898,2874,2899,-1,2899,2874,2900,-1,2901,2902,2903,-1,2903,2902,2904,-1,2903,2904,2905,-1,2905,2904,2906,-1,2905,2906,2907,-1,2907,2906,2908,-1,2907,2908,2909,-1,2909,2908,2910,-1,2909,2910,2911,-1,2911,2910,2912,-1,2911,2912,2913,-1,2913,2912,2914,-1,2913,2914,2915,-1,2915,2914,2916,-1,2915,2916,2917,-1,2917,2916,2918,-1,2917,2918,2919,-1,1682,2920,1677,-1,2921,1486,2922,-1,2922,1486,1485,-1,2922,1485,2892,-1,2892,1485,2923,-1,2892,2923,2893,-1,1491,1490,2924,-1,2924,1490,2925,-1,2924,2925,2926,-1,2926,2925,2927,-1,2926,2927,2928,-1,2928,2927,2929,-1,2928,2929,2930,-1,1479,2900,1480,-1,1480,2900,2874,-1,1480,2874,2931,-1,2931,2874,2875,-1,2931,2875,2932,-1,2932,2875,2876,-1,2932,2876,1501,-1,1501,2876,1507,-1,1501,1507,1499,-1,1499,1507,1506,-1,1499,1506,2822,-1,2822,1506,2780,-1,2822,2780,2824,-1,2824,2780,2782,-1,2824,2782,2826,-1,2826,2782,2784,-1,2826,2784,2828,-1,2828,2784,2786,-1,2828,2786,2830,-1,1488,1487,2933,-1,2933,1487,2934,-1,2933,2934,2935,-1,2935,2934,2936,-1,2935,2936,2937,-1,2937,2936,2938,-1,2937,2938,2939,-1,2939,2938,2940,-1,2939,2940,2941,-1,2942,1488,2943,-1,2943,1488,2933,-1,2943,2933,2944,-1,2944,2933,2935,-1,2944,2935,2945,-1,2945,2935,2937,-1,2945,2937,2946,-1,2946,2937,2939,-1,2946,2939,2947,-1,2947,2939,2941,-1,2947,2941,2948,-1,1679,2949,2950,-1,1682,1681,2920,-1,2920,1681,2951,-1,2920,2951,2952,-1,2952,2951,2953,-1,2952,2953,2954,-1,2954,2953,2955,-1,2954,2955,2956,-1,2956,2955,2957,-1,2956,2957,2958,-1,2959,2960,1484,-1,1484,2960,2961,-1,1484,2961,1485,-1,1485,2961,2962,-1,1485,2962,2923,-1,1482,1481,2963,-1,2963,1481,2964,-1,2963,2964,2965,-1,2965,2964,2966,-1,2965,2966,2967,-1,2967,2966,2968,-1,2967,2968,2969,-1,2969,2968,2970,-1,2969,2970,2971,-1,2971,2970,2972,-1,2971,2972,2973,-1,1476,1478,1477,-1,1477,1478,1480,-1,1477,1480,2974,-1,2974,1480,2931,-1,2974,2931,2975,-1,2975,2931,2932,-1,2975,2932,1498,-1,1498,2932,1501,-1,1498,1501,1496,-1,1496,1501,1500,-1,1496,1500,2878,-1,2878,1500,2821,-1,2878,2821,2880,-1,2880,2821,2823,-1,2880,2823,2882,-1,2882,2823,2825,-1,2882,2825,2884,-1,2884,2825,2827,-1,2884,2827,2886,-1,2886,2827,2829,-1,2886,2829,2888,-1,2888,2829,2831,-1,2888,2831,2890,-1,1679,1678,2949,-1,2949,1678,2976,-1,2949,2976,2977,-1,2977,2976,2978,-1,2977,2978,2979,-1,2979,2978,2980,-1,2979,2980,2981,-1,2981,2980,2982,-1,2981,2982,2983,-1,1677,2920,1678,-1,1678,2920,2952,-1,1678,2952,2976,-1,2976,2952,2954,-1,2976,2954,2978,-1,2978,2954,2956,-1,2978,2956,2980,-1,2980,2956,2958,-1,2980,2958,2982,-1,1473,2959,1474,-1,1474,2959,1484,-1,1474,1484,2984,-1,2984,1484,1486,-1,2984,1486,2985,-1,2985,1486,2921,-1,2985,2921,2986,-1,1675,1674,2987,-1,2987,1674,2988,-1,2987,2988,2989,-1,2989,2988,2990,-1,2989,2990,2991,-1,2991,2990,2992,-1,2991,2992,2993,-1,2993,2992,2994,-1,2993,2994,2995,-1,2995,2994,2996,-1,2995,2996,2997,-1,2997,2996,2998,-1,2997,2998,2999,-1,2999,2998,3000,-1,2999,3000,3001,-1,3002,3003,3004,-1,3004,3003,3005,-1,3004,3005,3006,-1,3006,3005,3007,-1,3006,3007,3008,-1,3008,3007,3009,-1,3008,3009,3010,-1,3010,3009,3011,-1,3010,3011,3012,-1,3012,3011,3013,-1,3012,3013,3014,-1,3014,3013,3015,-1,3014,3015,3016,-1,3016,3015,3017,-1,3016,3017,3018,-1,3018,3017,3019,-1,3018,3019,3020,-1,1470,1475,1471,-1,1471,1475,1477,-1,1471,1477,3021,-1,3021,1477,2974,-1,3021,2974,3022,-1,3022,2974,2975,-1,3022,2975,2919,-1,2919,2975,1498,-1,2919,1498,2917,-1,2917,1498,1497,-1,2917,1497,2915,-1,2915,1497,2877,-1,2915,2877,2913,-1,2913,2877,2879,-1,2913,2879,2911,-1,2911,2879,2881,-1,2911,2881,2909,-1,2909,2881,2883,-1,2909,2883,2907,-1,2907,2883,2885,-1,2907,2885,2905,-1,2905,2885,2887,-1,2905,2887,2903,-1,2903,2887,2889,-1,2903,2889,2901,-1,2901,2889,2891,-1,3023,3024,3025,-1,3025,3024,3026,-1,3025,3026,3027,-1,3027,3026,3028,-1,3027,3028,3029,-1,3030,3023,3031,-1,3031,3023,3025,-1,3031,3025,3032,-1,3032,3025,3027,-1,3032,3027,3033,-1,3033,3027,3029,-1,3033,3029,3034,-1,3035,3030,3036,-1,3036,3030,3031,-1,3036,3031,3037,-1,3037,3031,3032,-1,3037,3032,3038,-1,3038,3032,3033,-1,3038,3033,3039,-1,3039,3033,3034,-1,3039,3034,2950,-1,2950,2949,3039,-1,3039,2949,2977,-1,3039,2977,3038,-1,3038,2977,2979,-1,3038,2979,3037,-1,3037,2979,2981,-1,3037,2981,3036,-1,3036,2981,2983,-1,3036,2983,3035,-1,1467,1472,1468,-1,1468,1472,1474,-1,1468,1474,3040,-1,3040,1474,2984,-1,3040,2984,3041,-1,3041,2984,2985,-1,3041,2985,1495,-1,1495,2985,2986,-1,1495,2986,1493,-1,1493,2986,3042,-1,1493,3042,2896,-1,3043,3002,3044,-1,3044,3002,3004,-1,3044,3004,3045,-1,3045,3004,3006,-1,3045,3006,3046,-1,3046,3006,3008,-1,3046,3008,3047,-1,3047,3008,3010,-1,3047,3010,3048,-1,3048,3010,3012,-1,3048,3012,3049,-1,3049,3012,3014,-1,3049,3014,3050,-1,3050,3014,3016,-1,3050,3016,3051,-1,3051,3016,3018,-1,3051,3018,3052,-1,3052,3018,3020,-1,3052,3020,3053,-1,3054,3055,3056,-1,3056,3055,1465,-1,3056,1465,3057,-1,3057,1465,1464,-1,3057,1464,3058,-1,3035,3054,3030,-1,3030,3054,3056,-1,3030,3056,3023,-1,3023,3056,3057,-1,3023,3057,3024,-1,3024,3057,3058,-1,3024,3058,3026,-1,3026,3058,3059,-1,3026,3059,3028,-1,3028,3059,2942,-1,3028,2942,3029,-1,3029,2942,2943,-1,3029,2943,3034,-1,3034,2943,2944,-1,3034,2944,2950,-1,2950,2944,2945,-1,2950,2945,1679,-1,1679,2945,2946,-1,1679,2946,1677,-1,1677,2946,2947,-1,1677,2947,1682,-1,1682,2947,2948,-1,1682,2948,1680,-1,1461,1466,1462,-1,1462,1466,1468,-1,1462,1468,3060,-1,3060,1468,3040,-1,3060,3040,3061,-1,3061,3040,3041,-1,3061,3041,1492,-1,1492,3041,1495,-1,1492,1495,1490,-1,1490,1495,1494,-1,1490,1494,2925,-1,2925,1494,2895,-1,2925,2895,2927,-1,2927,2895,2897,-1,2927,2897,2929,-1,3062,3063,3064,-1,3064,3063,3065,-1,3064,3065,3066,-1,3066,3065,3067,-1,3066,3067,3068,-1,3068,3067,3069,-1,3068,3069,3070,-1,3070,3069,3071,-1,3070,3071,3072,-1,3072,3071,3073,-1,3072,3073,3074,-1,3074,3073,3075,-1,3074,3075,3076,-1,3076,3075,3077,-1,3076,3077,3078,-1,3078,3077,3079,-1,3078,3079,3080,-1,3080,3079,3081,-1,3080,3081,3082,-1,3082,3081,3083,-1,3082,3083,3084,-1,3085,3086,3087,-1,3087,3086,3088,-1,3087,3088,3089,-1,3089,3088,3090,-1,3089,3090,3091,-1,3091,3090,3092,-1,3091,3092,3093,-1,3093,3092,3094,-1,3093,3094,3095,-1,3095,3094,3096,-1,3095,3096,3097,-1,3097,3096,3098,-1,3097,3098,3099,-1,3100,3101,3102,-1,3102,3101,3103,-1,3102,3103,3104,-1,3104,3103,3105,-1,3104,3105,3106,-1,3106,3105,3107,-1,3106,3107,3108,-1,3108,3107,3109,-1,3108,3109,3110,-1,3110,3109,3111,-1,3110,3111,3112,-1,3112,3111,3113,-1,3112,3113,3114,-1,3114,3113,3115,-1,3116,3117,3118,-1,3118,3117,3119,-1,3118,3119,3120,-1,3120,3119,3121,-1,3120,3121,3122,-1,3122,3121,3123,-1,3122,3123,3124,-1,3124,3123,3125,-1,3124,3125,3126,-1,3126,3125,3127,-1,3126,3127,3128,-1,3128,3127,3129,-1,3128,3129,3130,-1,3130,3129,3131,-1,3130,3131,3132,-1,3132,3131,3133,-1,3132,3133,3134,-1,3134,3133,3135,-1,3134,3135,3136,-1,3136,3135,3137,-1,3136,3137,3138,-1,3139,3140,3141,-1,3141,3140,3142,-1,3141,3142,3143,-1,3144,3140,3145,-1,3145,3140,3139,-1,3145,3139,3146,-1,3147,3144,3148,-1,3148,3144,3145,-1,3148,3145,3149,-1,3149,3145,3146,-1,3149,3146,3150,-1,3151,3147,1463,-1,1463,3147,3148,-1,1463,3148,1464,-1,1464,3148,3149,-1,1464,3149,3058,-1,3058,3149,3150,-1,3058,3150,3059,-1,2957,3115,2958,-1,2958,3115,3113,-1,2958,3113,2982,-1,2982,3113,3111,-1,2982,3111,2983,-1,2983,3111,3109,-1,2983,3109,3035,-1,3035,3109,3107,-1,3035,3107,3054,-1,3054,3107,3105,-1,3054,3105,3055,-1,3055,3105,3103,-1,3055,3103,1465,-1,1465,3103,3101,-1,1465,3101,1463,-1,1463,3101,3100,-1,1463,3100,3151,-1,3152,3153,3154,-1,3154,3153,3155,-1,3154,3155,3156,-1,3156,3155,3157,-1,3156,3157,3158,-1,3158,3157,3159,-1,3158,3159,3160,-1,3160,3159,3161,-1,3160,3161,3162,-1,3162,3161,3163,-1,3162,3163,3164,-1,3164,3163,3165,-1,3164,3165,3166,-1,3166,3165,3167,-1,3086,3168,3088,-1,3088,3168,3169,-1,3088,3169,3090,-1,3090,3169,3170,-1,3090,3170,3092,-1,3092,3170,3171,-1,3092,3171,3094,-1,3094,3171,3172,-1,3094,3172,3096,-1,3096,3172,3173,-1,3096,3173,3098,-1,3098,3173,3174,-1,3098,3174,3099,-1,3099,3174,3175,-1,3099,3175,3176,-1,3176,3175,3177,-1,3176,3177,3178,-1,3178,3177,3179,-1,3178,3179,3180,-1,3180,3179,3181,-1,3180,3181,3182,-1,3183,3184,3185,-1,3185,3184,3186,-1,3185,3186,3187,-1,3187,3186,3188,-1,3187,3188,3189,-1,3189,3188,3190,-1,3184,3143,3186,-1,3186,3143,3142,-1,3186,3142,3188,-1,3188,3142,3140,-1,3188,3140,3190,-1,3190,3140,3144,-1,3190,3144,3191,-1,3191,3144,3147,-1,3191,3147,3192,-1,3192,3147,3151,-1,3192,3151,3193,-1,3114,3167,3112,-1,3112,3167,3165,-1,3112,3165,3110,-1,3110,3165,3163,-1,3110,3163,3108,-1,3108,3163,3161,-1,3108,3161,3106,-1,3106,3161,3159,-1,3106,3159,3104,-1,3104,3159,3157,-1,3104,3157,3102,-1,3102,3157,3155,-1,3102,3155,3100,-1,3100,3155,3153,-1,3100,3153,3151,-1,3151,3153,3152,-1,3151,3152,3193,-1,3194,3195,3196,-1,3196,3195,3197,-1,3196,3197,3198,-1,3198,3197,3199,-1,3198,3199,3200,-1,3200,3199,3201,-1,3200,3201,3202,-1,3202,3201,3203,-1,3202,3203,3204,-1,3204,3203,3205,-1,3204,3205,3206,-1,3206,3205,3207,-1,3206,3207,3208,-1,3208,3207,3209,-1,1455,1457,1456,-1,1456,1457,1459,-1,1456,1459,3210,-1,3210,1459,3211,-1,3210,3211,3212,-1,3212,3211,3213,-1,3212,3213,3214,-1,3214,3213,3215,-1,3214,3215,1676,-1,1676,3215,3216,-1,1676,3216,1674,-1,1674,3216,3217,-1,1674,3217,2988,-1,2988,3217,3218,-1,2988,3218,2990,-1,2990,3218,3219,-1,2990,3219,2992,-1,2992,3219,3220,-1,2992,3220,2994,-1,2994,3220,3221,-1,2994,3221,2996,-1,2996,3221,3222,-1,2996,3222,2998,-1,2998,3222,3223,-1,2998,3223,3000,-1,3224,3225,3226,-1,3226,3225,3227,-1,3226,3227,3228,-1,3228,3227,3229,-1,3228,3229,3230,-1,3230,3229,3231,-1,3230,3231,3232,-1,3232,3231,3233,-1,3232,3233,3234,-1,3234,3233,3235,-1,3234,3235,3236,-1,3236,3235,3237,-1,3236,3237,3238,-1,3238,3237,3239,-1,3238,3239,3240,-1,3240,3239,3241,-1,3240,3241,3242,-1,3242,3241,3243,-1,3242,3243,3244,-1,3245,3246,3247,-1,3247,3246,3248,-1,3247,3248,3249,-1,3249,3248,3250,-1,3249,3250,3251,-1,3251,3250,3252,-1,3251,3252,3253,-1,3253,3252,3254,-1,3253,3254,3255,-1,3255,3254,3256,-1,3246,3183,3248,-1,3248,3183,3185,-1,3248,3185,3250,-1,3250,3185,3187,-1,3250,3187,3252,-1,3252,3187,3189,-1,3252,3189,3254,-1,3254,3189,3190,-1,3254,3190,3256,-1,3256,3190,3191,-1,3256,3191,3257,-1,3257,3191,3192,-1,3257,3192,3258,-1,3258,3192,3193,-1,3258,3193,3259,-1,3260,3194,3261,-1,3261,3194,3196,-1,3261,3196,3262,-1,3262,3196,3198,-1,3262,3198,3263,-1,3263,3198,3200,-1,3263,3200,3264,-1,3264,3200,3202,-1,3264,3202,3265,-1,3265,3202,3204,-1,3265,3204,3266,-1,3266,3204,3206,-1,3266,3206,3267,-1,3267,3206,3208,-1,3267,3268,3266,-1,3266,3268,3269,-1,3266,3269,3265,-1,3265,3269,3270,-1,3265,3270,3264,-1,3264,3270,3271,-1,3264,3271,3263,-1,3263,3271,3272,-1,3263,3272,3262,-1,3262,3272,3273,-1,3262,3273,3261,-1,3261,3273,3274,-1,3261,3274,3260,-1,3275,1672,3276,-1,3276,1672,1671,-1,3276,1671,3277,-1,3278,3275,3279,-1,3279,3275,3276,-1,3279,3276,3280,-1,3280,3276,3277,-1,3280,3277,3281,-1,3282,3278,1454,-1,1454,3278,3279,-1,1454,3279,1455,-1,1455,3279,3280,-1,1455,3280,1457,-1,1457,3280,3281,-1,1457,3281,1458,-1,3282,1454,3283,-1,3283,1454,1456,-1,3283,1456,3284,-1,3284,1456,3210,-1,3284,3210,3285,-1,3285,3210,3212,-1,3285,3212,3084,-1,3084,3212,3214,-1,3084,3214,3082,-1,3082,3214,1676,-1,3082,1676,3080,-1,3080,1676,1675,-1,3080,1675,3078,-1,3078,1675,2987,-1,3078,2987,3076,-1,3076,2987,2989,-1,3076,2989,3074,-1,3074,2989,2991,-1,3074,2991,3072,-1,3072,2991,2993,-1,3072,2993,3070,-1,3070,2993,2995,-1,3070,2995,3068,-1,3068,2995,2997,-1,3068,2997,3066,-1,3066,2997,2999,-1,3066,2999,3064,-1,3064,2999,3001,-1,3064,3001,3062,-1,3286,3287,3288,-1,3288,3287,3289,-1,3288,3289,3290,-1,3290,3289,3291,-1,3290,3291,3292,-1,3292,3291,3293,-1,3292,3293,3294,-1,3294,3293,3295,-1,3294,3295,3296,-1,3296,3295,3297,-1,3296,3297,3298,-1,3298,3297,3299,-1,3274,3300,3260,-1,3260,3300,3259,-1,3260,3259,3194,-1,3194,3259,3193,-1,3194,3193,3195,-1,3195,3193,3152,-1,3195,3152,3197,-1,3197,3152,3154,-1,3197,3154,3199,-1,3199,3154,3156,-1,3199,3156,3201,-1,3201,3156,3158,-1,3201,3158,3203,-1,3203,3158,3160,-1,3203,3160,3205,-1,3205,3160,3162,-1,3205,3162,3207,-1,3207,3162,3164,-1,3207,3164,3209,-1,3209,3164,3166,-1,3287,3245,3289,-1,3289,3245,3247,-1,3289,3247,3291,-1,3291,3247,3249,-1,3291,3249,3293,-1,3293,3249,3251,-1,3293,3251,3295,-1,3295,3251,3253,-1,3295,3253,3297,-1,3297,3253,3255,-1,3297,3255,3299,-1,3299,3255,3256,-1,3299,3256,3301,-1,3301,3256,3257,-1,3301,3257,3302,-1,3302,3257,3258,-1,3302,3258,3303,-1,3303,3258,3259,-1,3303,3259,3304,-1,3304,3259,3300,-1,3305,3306,3307,-1,3307,3306,3308,-1,3307,3308,3309,-1,3309,3308,3310,-1,3309,3310,3311,-1,3311,3310,3312,-1,3311,3312,3313,-1,3313,3312,3314,-1,3313,3314,3315,-1,3315,3314,3316,-1,3315,3316,3317,-1,3317,3316,3318,-1,3317,3318,3319,-1,3319,3318,3320,-1,3319,3320,3321,-1,3321,3320,1460,-1,3321,1460,3322,-1,3322,1460,1462,-1,3322,1462,3323,-1,3323,1462,3060,-1,3323,3060,3324,-1,3324,3060,3061,-1,3324,3061,1483,-1,1483,3061,1492,-1,1483,1492,1481,-1,1481,1492,1491,-1,1481,1491,2964,-1,2964,1491,2924,-1,2964,2924,2966,-1,2966,2924,2926,-1,2966,2926,2968,-1,2968,2926,2928,-1,2968,2928,2970,-1,2970,2928,2930,-1,2970,2930,2972,-1,3283,3325,3282,-1,3282,3325,3326,-1,3282,3326,3278,-1,3278,3326,3327,-1,3278,3327,3275,-1,3275,3327,3328,-1,3275,3328,1672,-1,1672,3328,3329,-1,1672,3329,1673,-1,1673,3329,3330,-1,3063,3116,3065,-1,3065,3116,3118,-1,3065,3118,3067,-1,3067,3118,3120,-1,3067,3120,3069,-1,3069,3120,3122,-1,3069,3122,3071,-1,3071,3122,3124,-1,3071,3124,3073,-1,3073,3124,3126,-1,3073,3126,3075,-1,3075,3126,3128,-1,3075,3128,3077,-1,3077,3128,3130,-1,3077,3130,3079,-1,3079,3130,3132,-1,3079,3132,3081,-1,3081,3132,3134,-1,3081,3134,3083,-1,3083,3134,3136,-1,3083,3136,3084,-1,3084,3136,3138,-1,3084,3138,3285,-1,3285,3138,3331,-1,3285,3331,3284,-1,3284,3331,3332,-1,3284,3332,3283,-1,3283,3332,3333,-1,3283,3333,3325,-1,3334,3333,3335,-1,3335,3333,3332,-1,3335,3332,3336,-1,3336,3332,3331,-1,3336,3331,3182,-1,3182,3331,3138,-1,3182,3138,3180,-1,3180,3138,3137,-1,3180,3137,3178,-1,3178,3137,3135,-1,3178,3135,3176,-1,3176,3135,3133,-1,3176,3133,3099,-1,3099,3133,3131,-1,3099,3131,3097,-1,3097,3131,3129,-1,3097,3129,3095,-1,3095,3129,3127,-1,3095,3127,3093,-1,3093,3127,3125,-1,3093,3125,3091,-1,3091,3125,3123,-1,3091,3123,3089,-1,3089,3123,3121,-1,3089,3121,3087,-1,3087,3121,3119,-1,3087,3119,3085,-1,3085,3119,3117,-1,3337,3224,3338,-1,3338,3224,3226,-1,3338,3226,3339,-1,3339,3226,3228,-1,3339,3228,3340,-1,3340,3228,3230,-1,3340,3230,3341,-1,3341,3230,3232,-1,3341,3232,3342,-1,3342,3232,3234,-1,3342,3234,3343,-1,3343,3234,3236,-1,3343,3236,3344,-1,3344,3236,3238,-1,3344,3238,3345,-1,3345,3238,3240,-1,3345,3240,3346,-1,3346,3240,3242,-1,3346,3242,3347,-1,3347,3242,3244,-1,3347,3244,3348,-1,3348,3244,3349,-1,3348,3349,3350,-1,3351,3352,3353,-1,3353,3352,3354,-1,3353,3354,3355,-1,3355,3354,3356,-1,3355,3356,3357,-1,3357,3356,3358,-1,3357,3358,3359,-1,3359,3358,3360,-1,3359,3360,3361,-1,3361,3360,3362,-1,3361,3362,3363,-1,3363,3362,3364,-1,3363,3364,3365,-1,3365,3364,3366,-1,3365,3366,3367,-1,3367,3366,3368,-1,3367,3368,3369,-1,3369,3368,3370,-1,3369,3370,3371,-1,3371,3370,3372,-1,3371,3372,3373,-1,3373,3372,3374,-1,3373,3374,3375,-1,3376,3377,3378,-1,3378,3377,3379,-1,3378,3379,3380,-1,3380,3379,3381,-1,3380,3381,3382,-1,3382,3381,3383,-1,3382,3383,3384,-1,3384,3383,3385,-1,3384,3385,3386,-1,3386,3385,3387,-1,3386,3387,3388,-1,3388,3387,3389,-1,3388,3389,3390,-1,3390,3389,3391,-1,3390,3391,3392,-1,3392,3391,3393,-1,3392,3393,3394,-1,3394,3393,3395,-1,3394,3395,3396,-1,3396,3395,3397,-1,3377,3286,3379,-1,3379,3286,3288,-1,3379,3288,3381,-1,3381,3288,3290,-1,3381,3290,3383,-1,3383,3290,3292,-1,3383,3292,3385,-1,3385,3292,3294,-1,3385,3294,3387,-1,3387,3294,3296,-1,3387,3296,3389,-1,3389,3296,3298,-1,3389,3298,3391,-1,3391,3298,3299,-1,3391,3299,3393,-1,3393,3299,3301,-1,3393,3301,3395,-1,3395,3301,3302,-1,3395,3302,3397,-1,3397,3302,3303,-1,3397,3303,3398,-1,3398,3303,3304,-1,3398,3304,3399,-1,1680,2894,1681,-1,1681,2894,2893,-1,1681,2893,2951,-1,2951,2893,2923,-1,2951,2923,2953,-1,2953,2923,2962,-1,2953,2962,2955,-1,2955,2962,2961,-1,2955,2961,2957,-1,2957,2961,2960,-1,2957,2960,3115,-1,3115,2960,2959,-1,3115,2959,3114,-1,3114,2959,1473,-1,3114,1473,3167,-1,3167,1473,1472,-1,3167,1472,3166,-1,3166,1472,1467,-1,3166,1467,3209,-1,3209,1467,1466,-1,3209,1466,3208,-1,3208,1466,1461,-1,3208,1461,3267,-1,3267,1461,1460,-1,3267,1460,3268,-1,3268,1460,3320,-1,3268,3320,3269,-1,3269,3320,3318,-1,3269,3318,3270,-1,3270,3318,3316,-1,3270,3316,3271,-1,3271,3316,3314,-1,3271,3314,3272,-1,3272,3314,3312,-1,3272,3312,3273,-1,3273,3312,3310,-1,3273,3310,3274,-1,3274,3310,3308,-1,3274,3308,3300,-1,3300,3308,3306,-1,3300,3306,3304,-1,3304,3306,3305,-1,3304,3305,3399,-1,1856,3400,1858,-1,1858,3400,3401,-1,1858,3401,1860,-1,1860,3401,3402,-1,1860,3402,1862,-1,1862,3402,3403,-1,1862,3403,1864,-1,1864,3403,3404,-1,1864,3404,1866,-1,1866,3404,3405,-1,1866,3405,1868,-1,1868,3405,3406,-1,1868,3406,1870,-1,3019,3407,3020,-1,3020,3407,3408,-1,3020,3408,3053,-1,3053,3408,3409,-1,3053,3409,3410,-1,3410,3409,3411,-1,3410,3411,3412,-1,3412,3411,3413,-1,3412,3413,3414,-1,3414,3413,3415,-1,3414,3415,3416,-1,3416,3415,3417,-1,3416,3417,3418,-1,3418,3417,3419,-1,3418,3419,3420,-1,3420,3419,3421,-1,3420,3421,3422,-1,3422,3421,3423,-1,3422,3423,3424,-1,3424,3423,3425,-1,3424,3425,3426,-1,3426,3425,3427,-1,3426,3427,3428,-1,3428,3427,3429,-1,3428,3429,3430,-1,3430,3429,3431,-1,3430,3431,3432,-1,3432,3431,3433,-1,3432,3433,3434,-1,3407,3435,3408,-1,3408,3435,3436,-1,3408,3436,3409,-1,3409,3436,3437,-1,3409,3437,3411,-1,3411,3437,3438,-1,3411,3438,3413,-1,3413,3438,3439,-1,3413,3439,3415,-1,3415,3439,3440,-1,3415,3440,3417,-1,3417,3440,3441,-1,3417,3441,3419,-1,3419,3441,3442,-1,3419,3442,3421,-1,3421,3442,3443,-1,3421,3443,3423,-1,3423,3443,3444,-1,3423,3444,3425,-1,3425,3444,3445,-1,3425,3445,3427,-1,3427,3445,3446,-1,3427,3446,3429,-1,3429,3446,3447,-1,3429,3447,3431,-1,3431,3447,3448,-1,3431,3448,3433,-1,3449,3450,3451,-1,3451,3450,3452,-1,3451,3452,3453,-1,3453,3452,3454,-1,3453,3454,3455,-1,3455,3454,3456,-1,3455,3456,3457,-1,3457,3456,3458,-1,3457,3458,3459,-1,3459,3458,3460,-1,3459,3460,3461,-1,3461,3460,3462,-1,3461,3462,3463,-1,3463,3462,3464,-1,3463,3464,3465,-1,3465,3464,3466,-1,3465,3466,3467,-1,3467,3466,3468,-1,3467,3468,3469,-1,3469,3468,3470,-1,3469,3470,3471,-1,3471,3470,3472,-1,3471,3472,3473,-1,3473,3472,3474,-1,3450,3376,3452,-1,3452,3376,3378,-1,3452,3378,3454,-1,3454,3378,3380,-1,3454,3380,3456,-1,3456,3380,3382,-1,3456,3382,3458,-1,3458,3382,3384,-1,3458,3384,3460,-1,3460,3384,3386,-1,3460,3386,3462,-1,3462,3386,3388,-1,3462,3388,3464,-1,3464,3388,3390,-1,3464,3390,3466,-1,3466,3390,3392,-1,3466,3392,3468,-1,3468,3392,3394,-1,3468,3394,3470,-1,3470,3394,3396,-1,3470,3396,3472,-1,3472,3396,3397,-1,3472,3397,3474,-1,3474,3397,3398,-1,3474,3398,3475,-1,3475,3398,3399,-1,3475,3399,3476,-1,1871,1872,1869,-1,1869,1872,1874,-1,1869,1874,1867,-1,1867,1874,1876,-1,1867,1876,1865,-1,1865,1876,1878,-1,1865,1878,1863,-1,1863,1878,1880,-1,1863,1880,1861,-1,1861,1880,1882,-1,1861,1882,1859,-1,1859,1882,1884,-1,1859,1884,1857,-1,1857,1884,1886,-1,1857,1886,1855,-1,3400,3330,3401,-1,3401,3330,3329,-1,3401,3329,3402,-1,3402,3329,3328,-1,3402,3328,3403,-1,3403,3328,3327,-1,3403,3327,3404,-1,3404,3327,3326,-1,3404,3326,3405,-1,3405,3326,3325,-1,3405,3325,3406,-1,3406,3325,3333,-1,3406,3333,1870,-1,1870,3333,3334,-1,1870,3334,1871,-1,1871,3334,3477,-1,1871,3477,1872,-1,1872,3477,3478,-1,1872,3478,1873,-1,3168,3337,3169,-1,3169,3337,3338,-1,3169,3338,3170,-1,3170,3338,3339,-1,3170,3339,3171,-1,3171,3339,3340,-1,3171,3340,3172,-1,3172,3340,3341,-1,3172,3341,3173,-1,3173,3341,3342,-1,3173,3342,3174,-1,3174,3342,3343,-1,3174,3343,3175,-1,3175,3343,3344,-1,3175,3344,3177,-1,3177,3344,3345,-1,3177,3345,3179,-1,3179,3345,3346,-1,3179,3346,3181,-1,3181,3346,3347,-1,3181,3347,3182,-1,3182,3347,3348,-1,3182,3348,3336,-1,3336,3348,3350,-1,3336,3350,3335,-1,3335,3350,3479,-1,3335,3479,3334,-1,3334,3479,3480,-1,3334,3480,3477,-1,3477,3480,3481,-1,3477,3481,3478,-1,3225,3351,3227,-1,3227,3351,3353,-1,3227,3353,3229,-1,3229,3353,3355,-1,3229,3355,3231,-1,3231,3355,3357,-1,3231,3357,3233,-1,3233,3357,3359,-1,3233,3359,3235,-1,3235,3359,3361,-1,3235,3361,3237,-1,3237,3361,3363,-1,3237,3363,3239,-1,3239,3363,3365,-1,3239,3365,3241,-1,3241,3365,3367,-1,3241,3367,3243,-1,3243,3367,3369,-1,3243,3369,3244,-1,3244,3369,3371,-1,3244,3371,3349,-1,3349,3371,3373,-1,3349,3373,3350,-1,3350,3373,3375,-1,3350,3375,3479,-1,3479,3375,3482,-1,3479,3482,3480,-1,3062,3043,3063,-1,3063,3043,3044,-1,3063,3044,3116,-1,3116,3044,3045,-1,3116,3045,3117,-1,3117,3045,3046,-1,3117,3046,3085,-1,3085,3046,3047,-1,3085,3047,3086,-1,3086,3047,3048,-1,3086,3048,3168,-1,3168,3048,3049,-1,3168,3049,3337,-1,3337,3049,3050,-1,3337,3050,3224,-1,3224,3050,3051,-1,3224,3051,3225,-1,3225,3051,3052,-1,3225,3052,3351,-1,3351,3052,3053,-1,3351,3053,3352,-1,3352,3053,3410,-1,3352,3410,3354,-1,3354,3410,3412,-1,3354,3412,3356,-1,3356,3412,3414,-1,3356,3414,3358,-1,3358,3414,3416,-1,3358,3416,3360,-1,3360,3416,3418,-1,3360,3418,3362,-1,3362,3418,3420,-1,3362,3420,3364,-1,3364,3420,3422,-1,3364,3422,3366,-1,3366,3422,3424,-1,3366,3424,3368,-1,3368,3424,3426,-1,3368,3426,3370,-1,3370,3426,3428,-1,3370,3428,3372,-1,3372,3428,3430,-1,3372,3430,3374,-1,3374,3430,3432,-1,3374,3432,3375,-1,3375,3432,3434,-1,3375,3434,3482,-1,3483,3484,3485,-1,3485,3484,3486,-1,3485,3486,3487,-1,3487,3486,3488,-1,3487,3488,3489,-1,3489,3488,3490,-1,3489,3490,3491,-1,3491,3490,3492,-1,3491,3492,3493,-1,3493,3492,3494,-1,3493,3494,3495,-1,3495,3494,3496,-1,3495,3496,3497,-1,3497,3496,3498,-1,3497,3498,3499,-1,3499,3498,3500,-1,3499,3500,3501,-1,3501,3500,3502,-1,3501,3502,3503,-1,3503,3502,3504,-1,3503,3504,3505,-1,3505,3504,3506,-1,3505,3506,3507,-1,3507,3506,3508,-1,3507,3508,3509,-1,3509,3508,3510,-1,3433,3511,3434,-1,3434,3511,1450,-1,3434,1450,3482,-1,3482,1450,1449,-1,3482,1449,3480,-1,3480,1449,3512,-1,3480,3512,3481,-1,3481,3512,3513,-1,3481,3513,3478,-1,3478,3513,3514,-1,3478,3514,1873,-1,1873,3514,3515,-1,1873,3515,1875,-1,1875,3515,3516,-1,1875,3516,1877,-1,1877,3516,3517,-1,1877,3517,1879,-1,1879,3517,3518,-1,1879,3518,1881,-1,1881,3518,3519,-1,1881,3519,1883,-1,1883,3519,3520,-1,1883,3520,1885,-1,1885,3520,3476,-1,1885,3476,1886,-1,1886,3476,3399,-1,1886,3399,1855,-1,1855,3399,3305,-1,1855,3305,1856,-1,1856,3305,3307,-1,1856,3307,3400,-1,3400,3307,3309,-1,3400,3309,3330,-1,3330,3309,3311,-1,3330,3311,1673,-1,1673,3311,3313,-1,1673,3313,1671,-1,1671,3313,3315,-1,1671,3315,3277,-1,3277,3315,3317,-1,3277,3317,3281,-1,3281,3317,3319,-1,3281,3319,1458,-1,1458,3319,3321,-1,1458,3321,1459,-1,1459,3321,3322,-1,1459,3322,3211,-1,3211,3322,3323,-1,3211,3323,3213,-1,3213,3323,3324,-1,3213,3324,3215,-1,3215,3324,1483,-1,3215,1483,3216,-1,3216,1483,1482,-1,3216,1482,3217,-1,3217,1482,2963,-1,3217,2963,3218,-1,3218,2963,2965,-1,3218,2965,3219,-1,3219,2965,2967,-1,3219,2967,3220,-1,3220,2967,2969,-1,3220,2969,3221,-1,3221,2969,2971,-1,3221,2971,3222,-1,3222,2971,2973,-1,3222,2973,3223,-1,3521,3522,3523,-1,3523,3522,3524,-1,3523,3524,3525,-1,3525,3524,3526,-1,3525,3526,3527,-1,3527,3526,3528,-1,3527,3528,3529,-1,3529,3528,3530,-1,3529,3530,3531,-1,3531,3530,3532,-1,3531,3532,3533,-1,3533,3532,3534,-1,3533,3534,3535,-1,3535,3534,3536,-1,3535,3536,3537,-1,3537,3536,3538,-1,3537,3538,3539,-1,3539,3538,3540,-1,3539,3540,3541,-1,3541,3540,3542,-1,3541,3542,3543,-1,3543,3542,3544,-1,3543,3544,3545,-1,3545,3544,3546,-1,3545,3546,3547,-1,3547,3546,3548,-1,3547,3548,3549,-1,3549,3548,3550,-1,3549,3550,3551,-1,3551,3550,3552,-1,3551,3552,3553,-1,3554,3483,3553,-1,3553,3483,3485,-1,3553,3485,3551,-1,3551,3485,3487,-1,3551,3487,3549,-1,3549,3487,3489,-1,3549,3489,3547,-1,3547,3489,3491,-1,3547,3491,3545,-1,3545,3491,3493,-1,3545,3493,3543,-1,3543,3493,3495,-1,3543,3495,3541,-1,3541,3495,3497,-1,3541,3497,3539,-1,3539,3497,3499,-1,3539,3499,3537,-1,3537,3499,3501,-1,3537,3501,3535,-1,3535,3501,3503,-1,3535,3503,3533,-1,3533,3503,3505,-1,3533,3505,3531,-1,3531,3505,3507,-1,3531,3507,3529,-1,3529,3507,3509,-1,3529,3509,3527,-1,3527,3509,3510,-1,3527,3510,3525,-1,3525,3510,3555,-1,3525,3555,3523,-1,3523,3555,3556,-1,3523,3556,3521,-1,3521,3556,3557,-1,3521,3557,3558,-1,3558,3557,3559,-1,3558,3559,3560,-1,3560,3559,3561,-1,1452,3561,3562,-1,3562,3561,3559,-1,3562,3559,3563,-1,3563,3559,3557,-1,3554,3564,3565,-1,3565,3564,3566,-1,3567,3568,3569,-1,3569,3568,3570,-1,3569,3570,3571,-1,3571,3570,3572,-1,3571,3572,3573,-1,3573,3572,3574,-1,3573,3574,3575,-1,3575,3574,3576,-1,3575,3576,3577,-1,3577,3576,3578,-1,3577,3578,3579,-1,3579,3578,3580,-1,3579,3580,3581,-1,3581,3580,3582,-1,3581,3582,3583,-1,3583,3582,3584,-1,3583,3584,3585,-1,3585,3584,3586,-1,3585,3586,3587,-1,3587,3586,3588,-1,3587,3588,3589,-1,3589,3588,3590,-1,3589,3590,3591,-1,3591,3590,3592,-1,3591,3592,3593,-1,3593,3592,3594,-1,3593,3594,3595,-1,1452,1451,3561,-1,3561,1451,3596,-1,3561,3596,3560,-1,3560,3596,3597,-1,3560,3597,3558,-1,3597,3598,3558,-1,3558,3598,3599,-1,3558,3599,3521,-1,3521,3599,3600,-1,3521,3600,3522,-1,3522,3600,3567,-1,3522,3567,3524,-1,3524,3567,3569,-1,3524,3569,3526,-1,3526,3569,3571,-1,3526,3571,3528,-1,3528,3571,3573,-1,3528,3573,3530,-1,3530,3573,3575,-1,3530,3575,3532,-1,3532,3575,3577,-1,3532,3577,3534,-1,3534,3577,3579,-1,3534,3579,3536,-1,3536,3579,3581,-1,3536,3581,3538,-1,3538,3581,3583,-1,3538,3583,3540,-1,3540,3583,3585,-1,3540,3585,3542,-1,3542,3585,3587,-1,3542,3587,3544,-1,3544,3587,3589,-1,3544,3589,3546,-1,3546,3589,3591,-1,3546,3591,3548,-1,3548,3591,3593,-1,3548,3593,3550,-1,3550,3593,3595,-1,3550,3595,3552,-1,3601,3602,3603,-1,3603,3602,3604,-1,3603,3604,3605,-1,3605,3604,3606,-1,3605,3606,3607,-1,3607,3606,3608,-1,3607,3608,3609,-1,3609,3608,3610,-1,3609,3610,3611,-1,3612,3565,3613,-1,3613,3565,3566,-1,3613,3566,3614,-1,3554,3553,3564,-1,3564,3553,3552,-1,3564,3552,3566,-1,3566,3552,3595,-1,3566,3595,3614,-1,3614,3595,3594,-1,3614,3594,3615,-1,3615,3594,3592,-1,3615,3592,3616,-1,3616,3592,3590,-1,3616,3590,3617,-1,3617,3590,3588,-1,3617,3588,3618,-1,3618,3588,3586,-1,3618,3586,3619,-1,3619,3586,3584,-1,3619,3584,3620,-1,3620,3584,3582,-1,3620,3582,3621,-1,3621,3582,3580,-1,3621,3580,3622,-1,3622,3580,3578,-1,3622,3578,3623,-1,3623,3578,3576,-1,3623,3576,3624,-1,3624,3576,3574,-1,3624,3574,3625,-1,3625,3574,3572,-1,3625,3572,3626,-1,3626,3572,3570,-1,3626,3570,3627,-1,3627,3570,3568,-1,3627,3568,3628,-1,3628,3568,3567,-1,3628,3567,3629,-1,3629,3567,3600,-1,3629,3600,3630,-1,3630,3600,3599,-1,3630,3599,3631,-1,3631,3599,3598,-1,3631,3598,3632,-1,1670,3601,1669,-1,1669,3601,3603,-1,1669,3603,3633,-1,3633,3603,3605,-1,3633,3605,3634,-1,3634,3605,3607,-1,3634,3607,3635,-1,3635,3607,3609,-1,3635,3609,3636,-1,3636,3609,3611,-1,3636,3611,3637,-1,1668,1669,1666,-1,1666,1669,3633,-1,1666,3633,3638,-1,3638,3633,3634,-1,3638,3634,3639,-1,3639,3634,3635,-1,3639,3635,3640,-1,3640,3635,3636,-1,3640,3636,3641,-1,3641,3636,3637,-1,3641,3637,3642,-1,1667,1666,3643,-1,3643,1666,3638,-1,3643,3638,3644,-1,3644,3638,3639,-1,3644,3639,3645,-1,3645,3639,3640,-1,3645,3640,3646,-1,3646,3640,3641,-1,3646,3641,3647,-1,3647,3641,3642,-1,3647,3642,3648,-1,3628,3649,3627,-1,3627,3649,3650,-1,3627,3650,3626,-1,3626,3650,3651,-1,3626,3651,3625,-1,3625,3651,3652,-1,3625,3652,3624,-1,3624,3652,3653,-1,3624,3653,3623,-1,3623,3653,3654,-1,3623,3654,3622,-1,3622,3654,3655,-1,3622,3655,3621,-1,3621,3655,3656,-1,3621,3656,3620,-1,3620,3656,3657,-1,3620,3657,3619,-1,3619,3657,3658,-1,3619,3658,3618,-1,3618,3658,3659,-1,3618,3659,3617,-1,3617,3659,3660,-1,3617,3660,3616,-1,3616,3660,3661,-1,3616,3661,3615,-1,3615,3661,3662,-1,3615,3662,3614,-1,3614,3662,3663,-1,3614,3663,3613,-1,3613,3663,3664,-1,3613,3664,3612,-1,1667,3665,1668,-1,1668,3665,3666,-1,1668,3666,1670,-1,1670,3666,3632,-1,1670,3632,3601,-1,3601,3632,3598,-1,3601,3598,3602,-1,3602,3598,3597,-1,3602,3597,3604,-1,3604,3597,3596,-1,3604,3596,3606,-1,3606,3596,1451,-1,3606,1451,3608,-1,3608,1451,1453,-1,3608,1453,3610,-1,3665,3667,3666,-1,3666,3667,1447,-1,3666,1447,3632,-1,3632,1447,1446,-1,3632,1446,3631,-1,3631,1446,3668,-1,3631,3668,3630,-1,3630,3668,3669,-1,3630,3669,3629,-1,3629,3669,3670,-1,3629,3670,3628,-1,3628,3670,3671,-1,3628,3671,3649,-1,3649,3671,3672,-1,3649,3672,3650,-1,3650,3672,3673,-1,3650,3673,3651,-1,3651,3673,3674,-1,3651,3674,3652,-1,3652,3674,3675,-1,3652,3675,3653,-1,3653,3675,3676,-1,3653,3676,3654,-1,3654,3676,3677,-1,3654,3677,3655,-1,3655,3677,3678,-1,3655,3678,3656,-1,3656,3678,3679,-1,3656,3679,3657,-1,3657,3679,3680,-1,3657,3680,3658,-1,3658,3680,3681,-1,3658,3681,3659,-1,3659,3681,3682,-1,3659,3682,3660,-1,3660,3682,3683,-1,3660,3683,3661,-1,3661,3683,3684,-1,3661,3684,3662,-1,3662,3684,3685,-1,3662,3685,3663,-1,3663,3685,3686,-1,3663,3686,3664,-1,3664,3686,3687,-1,3664,3687,3612,-1,3688,3689,3690,-1,3690,3689,3691,-1,3690,3691,3692,-1,3692,3691,3693,-1,3692,3693,3694,-1,3694,3693,3695,-1,3694,3695,3696,-1,3696,3695,3697,-1,3696,3697,3698,-1,3698,3697,3699,-1,3698,3699,3700,-1,3700,3699,3701,-1,3700,3701,3702,-1,3702,3701,3703,-1,3702,3703,3704,-1,3704,3703,3705,-1,3704,3705,3706,-1,3706,3705,3707,-1,3706,3707,3708,-1,3708,3707,3709,-1,3708,3709,3710,-1,3710,3709,3711,-1,3710,3711,3712,-1,3712,3711,3713,-1,3712,3713,3714,-1,3714,3713,3715,-1,3714,3715,3716,-1,3716,3715,3717,-1,3716,3717,3718,-1,3718,3717,3719,-1,3718,3719,3720,-1,3648,3721,3647,-1,3647,3721,3722,-1,3647,3722,3646,-1,3646,3722,3723,-1,3646,3723,3645,-1,3645,3723,3724,-1,3645,3724,3644,-1,3644,3724,3725,-1,3644,3725,3643,-1,3643,3725,3726,-1,3643,3726,1667,-1,1667,3726,3727,-1,1667,3727,3665,-1,3665,3727,3728,-1,3665,3728,3667,-1,3667,3728,3729,-1,3667,3729,1447,-1,1447,3729,3730,-1,1447,3730,1445,-1,1445,3730,3731,-1,3732,3731,3733,-1,3733,3731,3730,-1,3733,3730,3734,-1,3734,3730,3729,-1,3734,3729,3735,-1,3735,3729,3728,-1,3735,3728,3736,-1,3736,3728,3727,-1,3736,3727,3737,-1,3737,3727,3726,-1,3737,3726,3738,-1,3738,3726,3725,-1,3738,3725,3739,-1,3739,3725,3724,-1,3739,3724,3740,-1,3740,3724,3723,-1,3740,3723,3741,-1,3741,3723,3722,-1,3741,3722,3742,-1,3742,3722,3721,-1,3484,3449,3486,-1,3486,3449,3451,-1,3486,3451,3488,-1,3488,3451,3453,-1,3488,3453,3490,-1,3490,3453,3455,-1,3490,3455,3492,-1,3492,3455,3457,-1,3492,3457,3494,-1,3494,3457,3459,-1,3494,3459,3496,-1,3496,3459,3461,-1,3496,3461,3498,-1,3498,3461,3463,-1,3498,3463,3500,-1,3500,3463,3465,-1,3500,3465,3502,-1,3502,3465,3467,-1,3502,3467,3504,-1,3504,3467,3469,-1,3504,3469,3506,-1,3506,3469,3471,-1,3506,3471,3508,-1,3508,3471,3473,-1,3508,3473,3510,-1,3510,3473,3474,-1,3510,3474,3555,-1,3555,3474,3475,-1,3555,3475,3556,-1,3556,3475,3476,-1,3556,3476,3557,-1,3557,3476,3520,-1,3557,3520,3563,-1,3563,3520,3519,-1,3563,3519,3562,-1,3562,3519,3518,-1,3562,3518,1452,-1,1452,3518,3517,-1,1452,3517,1453,-1,1453,3517,3516,-1,1453,3516,3610,-1,3610,3516,3515,-1,3610,3515,3611,-1,3611,3515,3514,-1,3611,3514,3637,-1,3637,3514,3513,-1,3637,3513,3642,-1,3642,3513,3512,-1,3642,3512,3648,-1,3648,3512,1449,-1,3648,1449,3721,-1,3721,1449,1448,-1,3721,1448,3742,-1,3742,1448,3743,-1,3742,3743,3741,-1,3741,3743,3744,-1,3741,3744,3740,-1,3740,3744,3745,-1,3740,3745,3739,-1,3739,3745,3746,-1,3739,3746,3738,-1,3738,3746,3747,-1,3738,3747,3737,-1,3737,3747,3748,-1,3737,3748,3736,-1,3736,3748,3749,-1,3736,3749,3735,-1,3735,3749,3750,-1,3735,3750,3734,-1,3734,3750,3751,-1,3734,3751,3733,-1,1665,3752,3753,-1,3754,3755,3756,-1,3756,3755,1435,-1,3756,1435,3757,-1,3757,1435,1434,-1,3757,1434,3758,-1,1661,1660,3759,-1,3759,1660,1442,-1,3759,1442,3760,-1,3760,1442,1444,-1,3760,1444,3761,-1,3719,3762,3720,-1,3720,3762,3763,-1,3720,3763,3764,-1,3764,3763,3765,-1,3764,3765,3766,-1,3766,3765,3767,-1,3766,3767,3768,-1,3768,3767,3769,-1,3768,3769,3770,-1,1437,1436,3771,-1,3771,1436,3772,-1,3771,3772,3773,-1,3773,3772,3774,-1,3773,3774,3775,-1,3775,3774,3776,-1,3775,3776,3777,-1,3777,3776,3778,-1,3777,3778,3779,-1,3779,3778,3780,-1,3779,3780,3781,-1,3781,3780,3782,-1,3781,3782,3783,-1,3783,3782,3784,-1,3783,3784,3785,-1,3785,3784,3786,-1,3785,3786,3787,-1,3753,3788,1657,-1,3789,3790,1433,-1,1433,3790,3791,-1,1433,3791,1434,-1,1434,3791,3792,-1,1434,3792,3758,-1,3758,3792,3793,-1,3758,3793,3794,-1,1431,1430,3795,-1,3795,1430,3796,-1,3795,3796,3797,-1,3797,3796,3798,-1,3797,3798,3799,-1,3799,3798,3800,-1,3799,3800,3801,-1,3801,3800,3802,-1,3801,3802,3803,-1,3803,3802,3804,-1,3803,3804,3805,-1,3805,3804,3806,-1,3805,3806,3807,-1,3807,3806,3808,-1,3807,3808,3809,-1,3809,3808,3810,-1,3809,3810,3811,-1,1659,3812,1654,-1,1428,3789,1429,-1,1429,3789,1433,-1,1429,1433,3813,-1,3813,1433,1435,-1,3813,1435,3814,-1,3814,1435,3755,-1,3814,3755,3815,-1,3815,3755,3754,-1,3815,3754,3816,-1,1443,1442,3817,-1,3817,1442,1660,-1,3817,1660,3818,-1,3818,1660,1662,-1,3818,1662,3819,-1,3819,1662,3820,-1,3819,3820,3821,-1,1656,3822,3823,-1,1422,1427,1423,-1,1423,1427,1429,-1,1423,1429,3821,-1,3821,1429,3813,-1,3821,3813,3819,-1,3819,3813,3814,-1,3819,3814,3818,-1,3818,3814,3815,-1,3818,3815,3817,-1,3817,3815,3816,-1,3817,3816,1443,-1,1425,1424,3824,-1,3824,1424,3825,-1,3824,3825,3826,-1,3826,3825,3827,-1,3826,3827,3828,-1,3828,3827,3829,-1,3828,3829,3830,-1,3830,3829,3831,-1,3830,3831,3832,-1,3832,3831,3833,-1,3832,3833,3834,-1,3834,3833,3835,-1,3834,3835,3836,-1,1652,1651,3837,-1,3837,1651,3838,-1,3837,3838,3839,-1,3839,3838,3840,-1,3839,3840,3841,-1,3841,3840,3842,-1,3841,3842,3843,-1,3843,3842,3844,-1,3843,3844,3845,-1,3845,3844,3846,-1,3845,3846,3847,-1,3847,3846,3848,-1,3847,3848,3849,-1,3849,3848,3850,-1,3849,3850,3851,-1,3851,3850,3852,-1,3851,3852,1440,-1,3853,3854,3855,-1,3823,3856,3853,-1,3853,3856,3857,-1,3853,3857,3854,-1,1419,1421,1420,-1,1420,1421,1423,-1,1420,1423,1426,-1,1426,1423,3821,-1,1426,3821,1424,-1,1424,3821,3820,-1,1424,3820,3825,-1,3825,3820,1662,-1,3825,1662,3827,-1,3827,1662,1661,-1,3827,1661,3829,-1,3829,1661,3759,-1,3829,3759,3831,-1,3831,3759,3760,-1,3831,3760,3833,-1,3833,3760,3761,-1,3833,3761,3835,-1,1649,1648,3858,-1,1648,3859,3858,-1,3858,3859,3855,-1,3858,3855,3860,-1,3860,3855,3854,-1,3860,3854,3861,-1,1416,1418,1417,-1,1417,1418,1420,-1,1417,1420,3862,-1,3862,1420,1426,-1,3862,1426,3863,-1,3863,1426,1425,-1,3863,1425,3864,-1,3864,1425,3824,-1,3864,3824,3865,-1,3865,3824,3826,-1,3865,3826,3866,-1,3866,3826,3828,-1,3866,3828,3867,-1,3867,3828,3830,-1,3867,3830,3868,-1,3868,3830,3832,-1,3868,3832,3869,-1,3869,3832,3834,-1,3869,3834,3870,-1,3870,3834,3836,-1,3870,3836,3871,-1,1440,1439,3851,-1,3851,1439,3872,-1,3851,3872,3849,-1,3849,3872,3873,-1,3849,3873,3847,-1,3847,3873,3874,-1,3847,3874,3845,-1,3845,3874,3875,-1,3845,3875,3843,-1,3843,3875,3876,-1,3843,3876,3841,-1,3841,3876,3877,-1,3841,3877,3839,-1,3839,3877,3878,-1,3839,3878,3837,-1,3837,3878,3879,-1,3837,3879,1652,-1,1652,3879,3880,-1,1652,3880,1653,-1,1653,3880,3881,-1,1653,3881,3882,-1,3857,3883,3854,-1,3854,3883,3884,-1,3854,3884,3861,-1,3861,3884,3885,-1,3861,3885,3886,-1,3887,1650,3888,-1,3888,1650,1649,-1,3888,1649,3889,-1,3889,1649,3858,-1,3889,3858,3890,-1,3890,3858,3860,-1,3890,3860,3891,-1,3891,3860,3861,-1,3891,3861,3892,-1,3892,3861,3886,-1,1404,1415,1405,-1,1405,1415,1417,-1,1405,1417,3882,-1,3882,1417,3862,-1,3882,3862,1653,-1,1653,3862,3863,-1,1653,3863,1651,-1,1651,3863,3864,-1,1651,3864,3838,-1,3838,3864,3865,-1,3838,3865,3840,-1,3840,3865,3866,-1,3840,3866,3842,-1,3842,3866,3867,-1,3842,3867,3844,-1,3844,3867,3868,-1,3844,3868,3846,-1,3846,3868,3869,-1,3846,3869,3848,-1,3848,3869,3870,-1,3848,3870,3850,-1,3850,3870,3871,-1,3850,3871,3852,-1,1413,1412,3893,-1,3893,1412,3894,-1,3893,3894,3895,-1,3895,3894,3896,-1,3895,3896,3897,-1,3897,3896,3898,-1,3897,3898,3899,-1,3899,3898,3900,-1,3899,3900,3901,-1,3901,3900,3902,-1,3901,3902,3903,-1,3903,3902,3904,-1,3903,3904,3905,-1,3905,3904,3906,-1,3905,3906,3907,-1,3907,3906,3908,-1,3907,3908,3909,-1,3909,3908,3910,-1,3909,3910,3911,-1,3911,3910,3912,-1,3911,3912,3913,-1,3913,3912,3914,-1,3913,3914,3915,-1,3915,3914,3916,-1,3915,3916,3917,-1,3886,3918,3892,-1,3892,3918,3919,-1,3892,3919,3920,-1,1398,1403,1399,-1,1399,1403,1405,-1,1399,1405,1414,-1,1414,1405,3882,-1,1414,3882,1412,-1,1412,3882,3881,-1,1412,3881,3894,-1,3894,3881,3880,-1,3894,3880,3896,-1,3896,3880,3879,-1,3896,3879,3898,-1,3898,3879,3878,-1,3898,3878,3900,-1,3900,3878,3877,-1,3900,3877,3902,-1,3902,3877,3876,-1,3902,3876,3904,-1,3904,3876,3875,-1,3904,3875,3906,-1,3906,3875,3874,-1,3906,3874,3908,-1,3908,3874,3873,-1,3908,3873,3910,-1,3910,3873,3872,-1,3910,3872,3912,-1,3912,3872,1439,-1,3912,1439,3914,-1,3914,1439,1441,-1,3914,1441,3916,-1,1401,1400,3921,-1,3921,1400,3922,-1,3921,3922,3923,-1,3923,3922,3924,-1,3923,3924,3925,-1,3925,3924,3926,-1,3925,3926,3927,-1,3927,3926,3928,-1,3927,3928,3929,-1,3929,3928,3930,-1,3929,3930,3931,-1,3931,3930,3932,-1,3931,3932,3933,-1,3933,3932,3934,-1,3933,3934,3935,-1,3935,3934,3936,-1,3935,3936,3937,-1,3937,3936,3938,-1,3937,3938,3939,-1,3939,3938,3940,-1,3939,3940,3941,-1,3941,3940,3942,-1,3941,3942,3943,-1,3943,3942,3944,-1,3943,3944,3945,-1,3945,3944,3946,-1,3945,3946,3947,-1,3947,3946,3948,-1,3947,3948,3949,-1,3950,3951,3952,-1,3919,3953,3920,-1,3920,3953,3954,-1,3920,3954,3955,-1,1395,1397,1396,-1,1396,1397,1399,-1,1396,1399,1402,-1,1402,1399,1414,-1,1402,1414,1400,-1,1400,1414,1413,-1,1400,1413,3922,-1,3922,1413,3893,-1,3922,3893,3924,-1,3924,3893,3895,-1,3924,3895,3926,-1,3926,3895,3897,-1,3926,3897,3928,-1,3928,3897,3899,-1,3928,3899,3930,-1,3930,3899,3901,-1,3930,3901,3932,-1,3932,3901,3903,-1,3932,3903,3934,-1,3934,3903,3905,-1,3934,3905,3936,-1,3936,3905,3907,-1,3936,3907,3938,-1,3938,3907,3909,-1,3938,3909,3940,-1,3940,3909,3911,-1,3940,3911,3942,-1,3942,3911,3913,-1,3942,3913,3944,-1,3944,3913,3915,-1,3944,3915,3946,-1,3946,3915,3917,-1,3946,3917,3948,-1,3956,3957,3958,-1,3958,3957,3959,-1,3958,3959,3960,-1,3960,3959,3961,-1,3960,3961,3962,-1,3962,3961,3963,-1,3962,3963,3964,-1,3964,3963,3965,-1,3964,3965,3966,-1,3966,3965,3967,-1,3966,3967,3968,-1,3968,3967,3969,-1,3968,3969,3970,-1,3970,3969,3971,-1,3970,3971,3972,-1,3972,3971,3973,-1,3972,3973,3974,-1,3974,3973,3975,-1,3974,3975,3976,-1,3976,3975,3977,-1,3976,3977,3978,-1,3978,3977,3979,-1,3978,3979,3980,-1,3980,3979,3981,-1,3980,3981,3982,-1,3982,3981,3983,-1,3982,3983,3984,-1,3984,3983,3985,-1,3984,3985,3986,-1,3986,3985,3987,-1,3986,3987,3988,-1,3988,3987,3989,-1,3988,3989,3990,-1,3991,3992,3993,-1,3993,3992,3994,-1,3993,3994,3995,-1,3995,3994,3996,-1,3995,3996,3997,-1,3997,3996,3998,-1,3997,3998,3999,-1,3999,3998,4000,-1,3999,4000,4001,-1,4001,4000,4002,-1,4001,4002,4003,-1,4003,4002,4004,-1,4003,4004,4005,-1,4005,4004,4006,-1,4005,4006,4007,-1,4007,4006,4008,-1,4007,4008,4009,-1,4009,4008,4010,-1,4009,4010,4011,-1,4011,4010,4012,-1,4011,4012,4013,-1,4013,4012,4014,-1,4013,4014,4015,-1,4015,4014,4016,-1,4015,4016,4017,-1,4017,4016,4018,-1,4017,4018,4019,-1,4019,4018,4020,-1,4019,4020,4021,-1,4022,1646,4023,-1,4023,1646,1645,-1,4023,1645,4024,-1,4024,4025,4023,-1,4023,4025,4026,-1,4023,4026,4022,-1,4022,4026,4027,-1,4024,3952,4025,-1,4025,3952,3951,-1,4025,3951,4026,-1,4026,3951,4028,-1,4026,4028,4027,-1,3954,4029,3955,-1,3955,4029,4030,-1,3955,4030,4031,-1,1392,1394,1393,-1,1393,1394,1396,-1,1393,1396,3990,-1,3990,1396,1402,-1,3990,1402,3988,-1,3988,1402,1401,-1,3988,1401,3986,-1,3986,1401,3921,-1,3986,3921,3984,-1,3984,3921,3923,-1,3984,3923,3982,-1,3982,3923,3925,-1,3982,3925,3980,-1,3980,3925,3927,-1,3980,3927,3978,-1,3978,3927,3929,-1,3978,3929,3976,-1,3976,3929,3931,-1,3976,3931,3974,-1,3974,3931,3933,-1,3974,3933,3972,-1,3972,3933,3935,-1,3972,3935,3970,-1,3970,3935,3937,-1,3970,3937,3968,-1,3968,3937,3939,-1,3968,3939,3966,-1,3966,3939,3941,-1,3966,3941,3964,-1,3964,3941,3943,-1,3964,3943,3962,-1,3962,3943,3945,-1,3962,3945,3960,-1,3960,3945,3947,-1,3960,3947,3958,-1,3958,3947,3949,-1,3958,3949,3956,-1,4032,4033,4034,-1,4034,4033,4035,-1,4034,4035,4036,-1,4036,4035,4037,-1,4036,4037,4038,-1,4038,4037,4039,-1,4033,1647,4035,-1,4035,1647,1646,-1,4035,1646,4037,-1,4037,1646,4022,-1,4037,4022,4039,-1,4039,4022,4027,-1,4039,4027,4040,-1,4040,4027,4028,-1,4040,4028,4041,-1,4030,4042,4031,-1,4031,4042,4043,-1,4031,4043,4044,-1,1389,1391,1390,-1,1390,1391,1393,-1,1390,1393,4045,-1,4045,1393,3990,-1,4045,3990,4046,-1,4046,3990,3989,-1,4046,3989,4047,-1,4047,3989,3987,-1,4047,3987,4048,-1,4048,3987,3985,-1,4048,3985,4049,-1,4049,3985,3983,-1,4049,3983,4050,-1,4050,3983,3981,-1,4050,3981,4051,-1,4051,3981,3979,-1,4051,3979,4052,-1,4052,3979,3977,-1,4052,3977,4053,-1,4053,3977,3975,-1,4053,3975,4054,-1,4054,3975,3973,-1,4054,3973,4055,-1,4055,3973,3971,-1,4055,3971,4056,-1,4056,3971,3969,-1,4056,3969,4057,-1,4057,3969,3967,-1,4057,3967,4058,-1,4058,3967,3965,-1,4058,3965,4059,-1,4059,3965,3963,-1,4059,3963,4060,-1,4060,3963,3961,-1,4060,3961,4061,-1,4061,3961,3959,-1,4061,3959,4062,-1,4062,3959,3957,-1,4063,3991,4064,-1,4064,3991,3993,-1,4064,3993,4065,-1,4065,3993,3995,-1,4065,3995,4066,-1,4066,3995,3997,-1,4066,3997,4067,-1,4067,3997,3999,-1,4067,3999,4068,-1,4068,3999,4001,-1,4068,4001,4069,-1,4069,4001,4003,-1,4069,4003,4070,-1,4070,4003,4005,-1,4070,4005,4071,-1,4071,4005,4007,-1,4071,4007,4072,-1,4072,4007,4009,-1,4072,4009,4073,-1,4073,4009,4011,-1,4073,4011,4074,-1,4074,4011,4013,-1,4074,4013,4075,-1,4075,4013,4015,-1,4075,4015,4076,-1,4076,4015,4017,-1,4076,4017,4077,-1,4077,4017,4019,-1,4077,4019,4078,-1,4078,4019,4021,-1,4078,4021,4079,-1,4079,4021,4080,-1,4079,4080,4081,-1,2940,2832,2941,-1,2941,2832,2834,-1,2941,2834,2948,-1,2948,2834,2836,-1,2948,2836,1680,-1,1680,2836,2838,-1,1680,2838,2894,-1,2894,2838,2839,-1,2894,2839,2892,-1,2892,2839,2868,-1,2892,2868,2922,-1,2922,2868,2870,-1,2922,2870,2921,-1,2921,2870,2872,-1,2921,2872,2986,-1,2986,2872,2840,-1,2986,2840,3042,-1,3042,2840,2842,-1,3042,2842,2896,-1,2896,2842,2844,-1,2896,2844,2897,-1,2897,2844,2846,-1,2897,2846,2929,-1,2929,2846,2848,-1,2929,2848,2930,-1,2930,2848,2850,-1,2930,2850,2972,-1,2972,2850,2852,-1,2972,2852,2973,-1,2973,2852,2854,-1,2973,2854,3223,-1,3223,2854,2856,-1,3223,2856,3000,-1,3000,2856,2858,-1,3000,2858,3001,-1,3001,2858,2860,-1,3001,2860,3062,-1,3062,2860,2862,-1,3062,2862,3043,-1,3043,2862,2864,-1,3043,2864,3002,-1,3002,2864,2866,-1,3002,2866,3003,-1,3003,2866,2873,-1,3003,2873,3005,-1,3005,2873,2898,-1,3005,2898,3007,-1,3007,2898,2899,-1,3007,2899,3009,-1,3009,2899,2900,-1,3009,2900,3011,-1,3011,2900,1479,-1,3011,1479,3013,-1,3013,1479,1478,-1,3013,1478,3015,-1,3015,1478,1476,-1,3015,1476,3017,-1,3017,1476,1475,-1,3017,1475,3019,-1,3019,1475,1470,-1,3019,1470,3407,-1,3407,1470,1469,-1,3407,1469,3435,-1,3435,1469,4082,-1,3435,4082,3436,-1,3436,4082,4083,-1,3436,4083,3437,-1,3437,4083,4084,-1,3437,4084,3438,-1,3438,4084,4085,-1,3438,4085,3439,-1,3439,4085,4086,-1,3439,4086,3440,-1,3440,4086,4087,-1,3440,4087,3441,-1,3441,4087,4088,-1,3441,4088,3442,-1,3442,4088,4089,-1,3442,4089,3443,-1,3443,4089,4090,-1,3443,4090,3444,-1,3444,4090,4091,-1,3444,4091,3445,-1,3445,4091,4092,-1,3445,4092,3446,-1,3446,4092,4093,-1,3446,4093,3447,-1,3447,4093,4094,-1,3447,4094,3448,-1,3448,4094,4095,-1,3448,4095,3433,-1,3433,4095,4096,-1,3433,4096,3511,-1,3511,4096,4097,-1,3511,4097,1450,-1,1450,4097,4098,-1,1450,4098,1448,-1,1448,4098,3787,-1,1448,3787,3743,-1,3743,3787,3786,-1,3743,3786,3744,-1,3744,3786,3784,-1,3744,3784,3745,-1,3745,3784,3782,-1,3745,3782,3746,-1,3746,3782,3780,-1,3746,3780,3747,-1,3747,3780,3778,-1,3747,3778,3748,-1,3748,3778,3776,-1,3748,3776,3749,-1,3749,3776,3774,-1,3749,3774,3750,-1,3750,3774,3772,-1,3750,3772,3751,-1,3751,3772,1436,-1,3751,1436,3733,-1,3733,1436,1438,-1,3733,1438,3732,-1,3732,1438,4099,-1,3732,4099,4100,-1,4100,4099,4101,-1,4100,4101,4102,-1,4102,4101,4103,-1,4102,4103,4104,-1,4104,4103,4105,-1,4104,4105,4106,-1,4106,4105,4107,-1,4106,4107,4108,-1,4108,4107,4109,-1,4108,4109,4110,-1,4110,4109,4111,-1,4110,4111,4112,-1,4112,4111,4113,-1,4112,4113,4114,-1,4114,4113,4115,-1,4114,4115,4116,-1,4116,4115,4117,-1,4116,4117,4118,-1,4118,4117,4119,-1,4118,4119,4120,-1,4120,4119,4121,-1,4120,4121,4122,-1,4122,4121,4123,-1,4122,4123,4124,-1,4124,4123,4125,-1,4124,4125,4126,-1,4126,4125,4127,-1,4126,4127,4128,-1,4128,4127,4129,-1,4128,4129,4130,-1,4130,4129,4131,-1,4130,4131,4132,-1,4132,4131,4133,-1,4132,4133,4134,-1,4134,4133,4135,-1,4134,4135,4136,-1,4137,4032,4138,-1,4138,4032,4034,-1,4138,4034,4139,-1,4139,4034,4036,-1,4139,4036,4140,-1,4140,4036,4038,-1,4140,4038,4141,-1,4141,4038,4039,-1,4141,4039,4142,-1,4142,4039,4040,-1,4142,4040,4143,-1,4143,4040,4041,-1,4143,4041,4144,-1,4043,4145,4044,-1,4044,4145,4146,-1,4044,4146,4147,-1,1386,1388,1387,-1,1387,1388,1390,-1,1387,1390,4081,-1,4081,1390,4045,-1,4081,4045,4079,-1,4079,4045,4046,-1,4079,4046,4078,-1,4078,4046,4047,-1,4078,4047,4077,-1,4077,4047,4048,-1,4077,4048,4076,-1,4076,4048,4049,-1,4076,4049,4075,-1,4075,4049,4050,-1,4075,4050,4074,-1,4074,4050,4051,-1,4074,4051,4073,-1,4073,4051,4052,-1,4073,4052,4072,-1,4072,4052,4053,-1,4072,4053,4071,-1,4071,4053,4054,-1,4071,4054,4070,-1,4070,4054,4055,-1,4070,4055,4069,-1,4069,4055,4056,-1,4069,4056,4068,-1,4068,4056,4057,-1,4068,4057,4067,-1,4067,4057,4058,-1,4067,4058,4066,-1,4066,4058,4059,-1,4066,4059,4065,-1,4065,4059,4060,-1,4065,4060,4064,-1,4064,4060,4061,-1,4064,4061,4063,-1,4063,4061,4062,-1,1383,1382,4148,-1,4148,1382,4149,-1,4148,4149,4150,-1,4150,4149,4151,-1,4150,4151,4152,-1,4152,4151,4153,-1,4152,4153,4154,-1,4154,4153,4155,-1,4154,4155,4156,-1,4156,4155,4157,-1,4156,4157,4158,-1,4158,4157,4159,-1,4158,4159,4160,-1,4160,4159,4161,-1,4160,4161,4162,-1,4162,4161,4163,-1,4162,4163,4164,-1,4164,4163,4165,-1,4164,4165,4166,-1,4166,4165,4167,-1,4166,4167,4168,-1,4168,4167,4169,-1,4168,4169,4170,-1,4170,4169,4171,-1,4170,4171,4172,-1,4172,4171,4173,-1,4172,4173,4174,-1,4174,4173,4175,-1,4174,4175,4176,-1,4176,4175,4177,-1,4176,4177,4178,-1,4178,4177,4179,-1,4178,4179,4180,-1,4180,4179,4181,-1,4180,4181,4182,-1,1888,4183,1890,-1,1890,4183,4184,-1,1890,4184,1892,-1,1892,4184,4185,-1,1892,4185,1894,-1,1894,4185,4186,-1,1894,4186,1896,-1,1896,4186,4187,-1,1896,4187,1898,-1,1898,4187,4188,-1,1898,4188,1900,-1,1900,4188,4189,-1,1900,4189,1902,-1,1902,4189,4190,-1,1902,4190,1904,-1,4183,4137,4184,-1,4184,4137,4138,-1,4184,4138,4185,-1,4185,4138,4139,-1,4185,4139,4186,-1,4186,4139,4140,-1,4186,4140,4187,-1,4187,4140,4141,-1,4187,4141,4188,-1,4188,4141,4142,-1,4188,4142,4189,-1,4189,4142,4143,-1,4189,4143,4190,-1,4190,4143,4144,-1,4190,4144,1904,-1,1904,4144,4191,-1,1904,4191,1905,-1,4146,4192,4147,-1,4147,4192,4193,-1,4147,4193,4194,-1,1380,1385,1381,-1,1381,1385,1387,-1,1381,1387,4195,-1,4195,1387,4081,-1,4195,4081,4196,-1,4196,4081,4080,-1,4196,4080,4197,-1,4197,4080,4021,-1,4197,4021,4198,-1,4198,4021,4020,-1,4198,4020,4199,-1,4199,4020,4018,-1,4199,4018,4200,-1,4200,4018,4016,-1,4200,4016,4201,-1,4201,4016,4014,-1,4201,4014,4202,-1,4202,4014,4012,-1,4202,4012,4203,-1,4203,4012,4010,-1,4203,4010,4204,-1,4204,4010,4008,-1,4204,4008,4205,-1,4205,4008,4006,-1,4205,4006,4206,-1,4206,4006,4004,-1,4206,4004,4207,-1,4207,4004,4002,-1,4207,4002,4208,-1,4208,4002,4000,-1,4208,4000,4209,-1,4209,4000,3998,-1,4209,3998,4210,-1,4210,3998,3996,-1,4210,3996,4211,-1,4211,3996,3994,-1,4211,3994,4212,-1,4212,3994,3992,-1,4212,3992,3770,-1,3770,3992,3991,-1,3770,3991,3768,-1,3768,3991,4063,-1,3768,4063,3766,-1,3766,4063,4062,-1,3766,4062,3764,-1,3764,4062,3957,-1,3764,3957,3720,-1,3720,3957,3956,-1,3720,3956,3718,-1,3718,3956,3949,-1,3718,3949,3716,-1,3716,3949,3948,-1,3716,3948,3714,-1,3714,3948,3917,-1,3714,3917,3712,-1,3712,3917,3916,-1,3712,3916,3710,-1,3710,3916,1441,-1,3710,1441,3708,-1,3708,1441,1440,-1,3708,1440,3706,-1,3706,1440,3852,-1,3706,3852,3704,-1,3704,3852,3871,-1,3704,3871,3702,-1,3702,3871,3836,-1,3702,3836,3700,-1,3700,3836,3835,-1,3700,3835,3698,-1,3698,3835,3761,-1,3698,3761,3696,-1,3696,3761,1444,-1,3696,1444,3694,-1,3694,1444,1443,-1,3694,1443,3692,-1,3692,1443,3816,-1,3692,3816,3690,-1,3690,3816,3754,-1,3690,3754,3688,-1,3688,3754,3756,-1,3688,3756,4213,-1,4213,3756,3757,-1,4213,3757,4214,-1,4214,3757,3758,-1,4214,3758,4215,-1,4215,3758,3794,-1,4215,3794,4216,-1,4216,3794,1663,-1,4217,4218,4219,-1,4219,4218,4220,-1,4219,4220,4221,-1,4221,4220,4222,-1,4221,4222,4223,-1,4223,4222,4224,-1,4223,4224,4225,-1,4225,4224,4226,-1,4225,4226,4227,-1,4227,4226,4228,-1,4227,4228,4229,-1,4229,4228,4230,-1,4229,4230,4231,-1,4231,4230,4232,-1,4231,4232,4233,-1,4233,4232,4234,-1,4233,4234,4235,-1,4235,4234,4236,-1,4235,4236,4237,-1,4237,4236,4238,-1,4218,1887,4220,-1,4220,1887,1889,-1,4220,1889,4222,-1,4222,1889,1891,-1,4222,1891,4224,-1,4224,1891,1893,-1,4224,1893,4226,-1,4226,1893,1895,-1,4226,1895,4228,-1,4228,1895,1897,-1,4228,1897,4230,-1,4230,1897,1899,-1,4230,1899,4232,-1,4232,1899,1901,-1,4232,1901,4234,-1,4234,1901,1903,-1,4234,1903,4236,-1,4236,1903,1905,-1,4236,1905,4238,-1,4238,1905,4191,-1,4238,4191,4239,-1,4193,4240,4194,-1,4194,4240,4241,-1,4194,4241,4242,-1,4242,4241,4243,-1,4242,4243,4244,-1,1377,1379,1378,-1,1378,1379,1381,-1,1378,1381,4245,-1,4245,1381,4195,-1,4245,4195,4136,-1,4136,4195,4196,-1,4136,4196,4134,-1,4134,4196,4197,-1,4134,4197,4132,-1,4132,4197,4198,-1,4132,4198,4130,-1,4130,4198,4199,-1,4130,4199,4128,-1,4128,4199,4200,-1,4128,4200,4126,-1,4126,4200,4201,-1,4126,4201,4124,-1,4124,4201,4202,-1,4124,4202,4122,-1,4122,4202,4203,-1,4122,4203,4120,-1,4120,4203,4204,-1,4120,4204,4118,-1,4118,4204,4205,-1,4118,4205,4116,-1,4116,4205,4206,-1,4116,4206,4114,-1,4114,4206,4207,-1,4114,4207,4112,-1,4112,4207,4208,-1,4112,4208,4110,-1,4110,4208,4209,-1,4110,4209,4108,-1,4108,4209,4210,-1,4108,4210,4106,-1,4106,4210,4211,-1,4106,4211,4104,-1,4104,4211,4212,-1,4104,4212,4102,-1,4102,4212,3770,-1,4102,3770,4100,-1,4100,3770,3769,-1,4100,3769,3732,-1,3732,3769,3767,-1,3732,3767,3731,-1,3731,3767,3765,-1,3731,3765,1445,-1,1445,3765,3763,-1,1445,3763,1446,-1,1446,3763,3762,-1,1446,3762,3668,-1,3668,3762,3719,-1,3668,3719,3669,-1,3669,3719,3717,-1,3669,3717,3670,-1,3670,3717,3715,-1,3670,3715,3671,-1,3671,3715,3713,-1,3671,3713,3672,-1,3672,3713,3711,-1,3672,3711,3673,-1,3673,3711,3709,-1,3673,3709,3674,-1,3674,3709,3707,-1,3674,3707,3675,-1,3675,3707,3705,-1,3675,3705,3676,-1,3676,3705,3703,-1,3676,3703,3677,-1,3677,3703,3701,-1,3677,3701,3678,-1,3678,3701,3699,-1,3678,3699,3679,-1,3679,3699,3697,-1,3679,3697,3680,-1,3680,3697,3695,-1,3680,3695,3681,-1,3681,3695,3693,-1,3681,3693,3682,-1,3682,3693,3691,-1,3682,3691,3683,-1,3683,3691,3689,-1,3683,3689,3684,-1,3684,3689,3688,-1,3684,3688,3685,-1,3685,3688,4213,-1,3685,4213,3686,-1,3686,4213,4214,-1,3686,4214,3687,-1,3687,4214,4215,-1,4246,4217,4247,-1,4247,4217,4219,-1,4247,4219,4248,-1,4248,4219,4221,-1,4248,4221,4249,-1,4249,4221,4223,-1,4249,4223,4250,-1,4250,4223,4225,-1,4250,4225,4251,-1,4251,4225,4227,-1,4251,4227,4252,-1,4252,4227,4229,-1,4252,4229,4253,-1,4253,4229,4231,-1,4253,4231,4254,-1,4254,4231,4233,-1,4254,4233,4255,-1,4255,4233,4235,-1,4255,4235,4256,-1,4256,4235,4237,-1,4256,4237,4257,-1,4257,4237,4238,-1,4257,4238,4258,-1,4258,4238,4239,-1,4258,4239,4259,-1,1663,3794,1664,-1,1664,3794,3793,-1,1664,3793,4260,-1,4260,3793,3792,-1,4260,3792,4261,-1,4261,3792,3791,-1,4261,3791,4262,-1,4262,3791,3790,-1,4262,3790,4263,-1,4263,3790,3789,-1,4263,3789,4264,-1,4264,3789,1428,-1,4264,1428,4265,-1,4265,1428,1427,-1,4265,1427,4266,-1,4266,1427,1422,-1,4266,1422,4267,-1,4267,1422,1421,-1,4267,1421,4268,-1,4268,1421,1419,-1,4268,1419,4269,-1,4269,1419,1418,-1,4269,1418,4270,-1,4270,1418,1416,-1,4270,1416,4271,-1,4271,1416,1415,-1,4271,1415,4272,-1,4272,1415,1404,-1,4272,1404,4273,-1,4273,1404,1403,-1,4273,1403,4274,-1,4274,1403,1398,-1,4274,1398,4275,-1,4275,1398,1397,-1,4275,1397,4276,-1,4276,1397,1395,-1,4276,1395,4277,-1,4277,1395,1394,-1,4277,1394,4278,-1,4278,1394,1392,-1,4278,1392,4279,-1,4279,1392,1391,-1,4279,1391,4280,-1,4280,1391,1389,-1,4280,1389,4281,-1,4281,1389,1388,-1,4281,1388,4282,-1,4282,1388,1386,-1,4282,1386,4283,-1,4283,1386,1385,-1,4283,1385,4284,-1,4284,1385,1380,-1,4284,1380,4285,-1,4285,1380,1379,-1,4285,1379,4286,-1,4286,1379,1377,-1,4286,1377,4287,-1,4287,1377,1376,-1,4287,1376,4288,-1,1410,1409,4289,-1,4289,1409,4290,-1,4289,4290,4291,-1,4291,4290,4292,-1,4291,4292,4293,-1,4293,4292,4294,-1,4293,4294,4295,-1,4295,4294,4296,-1,4295,4296,4297,-1,4297,4296,4298,-1,4297,4298,4299,-1,4299,4298,4300,-1,4299,4300,4301,-1,4301,4300,4302,-1,4301,4302,4303,-1,4303,4302,4304,-1,4303,4304,4305,-1,4305,4304,4306,-1,4305,4306,4307,-1,4307,4306,4308,-1,4307,4308,4309,-1,4309,4308,4310,-1,4309,4310,4311,-1,4311,4310,4312,-1,4311,4312,4313,-1,4313,4312,4314,-1,4313,4314,4315,-1,4315,4314,4316,-1,4315,4316,4317,-1,1643,1642,4318,-1,4318,1642,4319,-1,4318,4319,4320,-1,4320,4319,4321,-1,4320,4321,4322,-1,4322,4321,4323,-1,4322,4323,4324,-1,4324,4323,4325,-1,4324,4325,4326,-1,4326,4325,4327,-1,4326,4327,4328,-1,4328,4327,4329,-1,4328,4329,4330,-1,4330,4329,4331,-1,4330,4331,4332,-1,4332,4331,4333,-1,4332,4333,4334,-1,4334,4333,4335,-1,4334,4335,4336,-1,4336,4335,4337,-1,4336,4337,4338,-1,4338,4337,4339,-1,4338,4339,4340,-1,4340,4339,4341,-1,4340,4341,4342,-1,4342,4341,4343,-1,4342,4343,4344,-1,4344,4343,4345,-1,4344,4345,4346,-1,4346,4345,1406,-1,4346,1406,4347,-1,4347,1406,1408,-1,4347,1408,4348,-1,4349,4350,4351,-1,4351,4350,4352,-1,4351,4352,4353,-1,4353,4352,4354,-1,4353,4354,4355,-1,4355,4354,4356,-1,4355,4356,4357,-1,4357,4356,4358,-1,4357,4358,4359,-1,4359,4358,4360,-1,4359,4360,4361,-1,4361,4360,4362,-1,4361,4362,4363,-1,4363,4362,4364,-1,4363,4364,4365,-1,4365,4364,4366,-1,4365,4366,4367,-1,4367,4366,4368,-1,4367,4368,4369,-1,4369,4368,4370,-1,4369,4370,4371,-1,4371,4370,4372,-1,4371,4372,4373,-1,4373,4372,4374,-1,4373,4374,4375,-1,4375,4374,4376,-1,4375,4376,4377,-1,4377,4376,4378,-1,4350,4246,4352,-1,4352,4246,4247,-1,4352,4247,4354,-1,4354,4247,4248,-1,4354,4248,4356,-1,4356,4248,4249,-1,4356,4249,4358,-1,4358,4249,4250,-1,4358,4250,4360,-1,4360,4250,4251,-1,4360,4251,4362,-1,4362,4251,4252,-1,4362,4252,4364,-1,4364,4252,4253,-1,4364,4253,4366,-1,4366,4253,4254,-1,4366,4254,4368,-1,4368,4254,4255,-1,4368,4255,4370,-1,4370,4255,4256,-1,4370,4256,4372,-1,4372,4256,4257,-1,4372,4257,4374,-1,4374,4257,4258,-1,4374,4258,4376,-1,4376,4258,4259,-1,4376,4259,4378,-1,4243,4379,4244,-1,4244,4379,4380,-1,4244,4380,4381,-1,3753,3752,3788,-1,3788,3752,4382,-1,3788,4382,4383,-1,4383,4382,4384,-1,4383,4384,4385,-1,4385,4384,4386,-1,4385,4386,4387,-1,4387,4386,4388,-1,4387,4388,4389,-1,4389,4388,4390,-1,4389,4390,4391,-1,4391,4390,4392,-1,4391,4392,4393,-1,4393,4392,4394,-1,4393,4394,4395,-1,4395,4394,4396,-1,4395,4396,4397,-1,4397,4396,4398,-1,4397,4398,4399,-1,4399,4398,4400,-1,4399,4400,4401,-1,4401,4400,4402,-1,4401,4402,4403,-1,4403,4402,4404,-1,4403,4404,4405,-1,4405,4404,4406,-1,4405,4406,4407,-1,4407,4406,4408,-1,4407,4408,4409,-1,4409,4408,4410,-1,4409,4410,4411,-1,4411,4410,4412,-1,4411,4412,4413,-1,4413,4412,4414,-1,4413,4414,4415,-1,4415,4414,4416,-1,4415,4416,4417,-1,4417,4416,4418,-1,4417,4418,4419,-1,4419,4418,4420,-1,4419,4420,4421,-1,4421,4420,4422,-1,4421,4422,4423,-1,4423,4422,4424,-1,4423,4424,4425,-1,4425,4424,4426,-1,4425,4426,4427,-1,4427,4426,4428,-1,4427,4428,4429,-1,4429,4428,4430,-1,4429,4430,4431,-1,4431,4430,4432,-1,4431,4432,4433,-1,4433,4432,4434,-1,4433,4434,4435,-1,4435,4434,4436,-1,4435,4436,4437,-1,4437,4436,4438,-1,4437,4438,4439,-1,1665,1664,3752,-1,3752,1664,4260,-1,3752,4260,4382,-1,4382,4260,4261,-1,4382,4261,4384,-1,4384,4261,4262,-1,4384,4262,4386,-1,4386,4262,4263,-1,4386,4263,4388,-1,4388,4263,4264,-1,4388,4264,4390,-1,4390,4264,4265,-1,4390,4265,4392,-1,4392,4265,4266,-1,4392,4266,4394,-1,4394,4266,4267,-1,4394,4267,4396,-1,4396,4267,4268,-1,4396,4268,4398,-1,4398,4268,4269,-1,4398,4269,4400,-1,4400,4269,4270,-1,4400,4270,4402,-1,4402,4270,4271,-1,4402,4271,4404,-1,4404,4271,4272,-1,4404,4272,4406,-1,4406,4272,4273,-1,4406,4273,4408,-1,4408,4273,4274,-1,4408,4274,4410,-1,4410,4274,4275,-1,4410,4275,4412,-1,4412,4275,4276,-1,4412,4276,4414,-1,4414,4276,4277,-1,4414,4277,4416,-1,4416,4277,4278,-1,4416,4278,4418,-1,4418,4278,4279,-1,4418,4279,4420,-1,4420,4279,4280,-1,4420,4280,4422,-1,4422,4280,4281,-1,4422,4281,4424,-1,4424,4281,4282,-1,4424,4282,4426,-1,4426,4282,4283,-1,4426,4283,4428,-1,4428,4283,4284,-1,4428,4284,4430,-1,4430,4284,4285,-1,4430,4285,4432,-1,4432,4285,4286,-1,4432,4286,4434,-1,4434,4286,4287,-1,4434,4287,4436,-1,4436,4287,4288,-1,4436,4288,4438,-1,4440,4441,4442,-1,4442,4441,4443,-1,4442,4443,4444,-1,4444,4443,4445,-1,4444,4445,4446,-1,4446,4445,4447,-1,4446,4447,4448,-1,4448,4447,4449,-1,4448,4449,4450,-1,4450,4449,4451,-1,4450,4451,4452,-1,4452,4451,4453,-1,4452,4453,4454,-1,4454,4453,4455,-1,4454,4455,4456,-1,4456,4455,4457,-1,4456,4457,4458,-1,4458,4457,4459,-1,4458,4459,4460,-1,4460,4459,4461,-1,4460,4461,4462,-1,4462,4461,4463,-1,4462,4463,4464,-1,4464,4463,4465,-1,4464,4465,4466,-1,4466,4465,4467,-1,4466,4467,4468,-1,4468,4467,4469,-1,4468,4469,4470,-1,4470,4469,4471,-1,4470,4471,4472,-1,4472,4471,4473,-1,4472,4473,4474,-1,4474,4473,4475,-1,4474,4475,4476,-1,4476,4475,4477,-1,4478,4479,4480,-1,4480,4479,4481,-1,4480,4481,4482,-1,4482,4481,4483,-1,4482,4483,4484,-1,4484,4483,4485,-1,4484,4485,4486,-1,4486,4485,4487,-1,4486,4487,4488,-1,4488,4487,4489,-1,4488,4489,4490,-1,4490,4489,4491,-1,4490,4491,4492,-1,4492,4491,4493,-1,4492,4493,4494,-1,4494,4493,4495,-1,4494,4495,4496,-1,4496,4495,4497,-1,4496,4497,4498,-1,4498,4497,4499,-1,4498,4499,4500,-1,4500,4499,4501,-1,4500,4501,4502,-1,4502,4501,4503,-1,4502,4503,4504,-1,4504,4503,4505,-1,4504,4505,4506,-1,4506,4505,4507,-1,4506,4507,4508,-1,4508,4507,4509,-1,4479,4349,4481,-1,4481,4349,4351,-1,4481,4351,4483,-1,4483,4351,4353,-1,4483,4353,4485,-1,4485,4353,4355,-1,4485,4355,4487,-1,4487,4355,4357,-1,4487,4357,4489,-1,4489,4357,4359,-1,4489,4359,4491,-1,4491,4359,4361,-1,4491,4361,4493,-1,4493,4361,4363,-1,4493,4363,4495,-1,4495,4363,4365,-1,4495,4365,4497,-1,4497,4365,4367,-1,4497,4367,4499,-1,4499,4367,4369,-1,4499,4369,4501,-1,4501,4369,4371,-1,4501,4371,4503,-1,4503,4371,4373,-1,4503,4373,4505,-1,4505,4373,4375,-1,4505,4375,4507,-1,4507,4375,4377,-1,4507,4377,4509,-1,4509,4377,4378,-1,4509,4378,4510,-1,4380,4511,4381,-1,4381,4511,4512,-1,4381,4512,4513,-1,1659,1658,3812,-1,3812,1658,4514,-1,3812,4514,4515,-1,4515,4514,4516,-1,4515,4516,4517,-1,4517,4516,4518,-1,4517,4518,4519,-1,4519,4518,4520,-1,4519,4520,4521,-1,4521,4520,4522,-1,4521,4522,4523,-1,4523,4522,4524,-1,4523,4524,4525,-1,4525,4524,4526,-1,4525,4526,4527,-1,4527,4526,4528,-1,4527,4528,4529,-1,4529,4528,4530,-1,4529,4530,4531,-1,4531,4530,4532,-1,4531,4532,4533,-1,4533,4532,4534,-1,4533,4534,4535,-1,4535,4534,4536,-1,4535,4536,4537,-1,4537,4536,4538,-1,4537,4538,4539,-1,4539,4538,4540,-1,4539,4540,4541,-1,4541,4540,4542,-1,4541,4542,4543,-1,4543,4542,4544,-1,4543,4544,4545,-1,4545,4544,4546,-1,4545,4546,4547,-1,4547,4546,4548,-1,4547,4548,4549,-1,4549,4548,4550,-1,4549,4550,4551,-1,4551,4550,4552,-1,4551,4552,4553,-1,4553,4552,4554,-1,4553,4554,4555,-1,4555,4554,4556,-1,4555,4556,4557,-1,4557,4556,4558,-1,4557,4558,4559,-1,4559,4558,4560,-1,4559,4560,4561,-1,4561,4560,4562,-1,4561,4562,4563,-1,4563,4562,4564,-1,4563,4564,4565,-1,4565,4564,4566,-1,4565,4566,4567,-1,4567,4566,4568,-1,4567,4568,4569,-1,4569,4568,4570,-1,4569,4570,4571,-1,1657,3788,1658,-1,1658,3788,4383,-1,1658,4383,4514,-1,4514,4383,4385,-1,4514,4385,4516,-1,4516,4385,4387,-1,4516,4387,4518,-1,4518,4387,4389,-1,4518,4389,4520,-1,4520,4389,4391,-1,4520,4391,4522,-1,4522,4391,4393,-1,4522,4393,4524,-1,4524,4393,4395,-1,4524,4395,4526,-1,4526,4395,4397,-1,4526,4397,4528,-1,4528,4397,4399,-1,4528,4399,4530,-1,4530,4399,4401,-1,4530,4401,4532,-1,4532,4401,4403,-1,4532,4403,4534,-1,4534,4403,4405,-1,4534,4405,4536,-1,4536,4405,4407,-1,4536,4407,4538,-1,4538,4407,4409,-1,4538,4409,4540,-1,4540,4409,4411,-1,4540,4411,4542,-1,4542,4411,4413,-1,4542,4413,4544,-1,4544,4413,4415,-1,4544,4415,4546,-1,4546,4415,4417,-1,4546,4417,4548,-1,4548,4417,4419,-1,4548,4419,4550,-1,4550,4419,4421,-1,4550,4421,4552,-1,4552,4421,4423,-1,4552,4423,4554,-1,4554,4423,4425,-1,4554,4425,4556,-1,4556,4425,4427,-1,4556,4427,4558,-1,4558,4427,4429,-1,4558,4429,4560,-1,4560,4429,4431,-1,4560,4431,4562,-1,4562,4431,4433,-1,4562,4433,4564,-1,4564,4433,4435,-1,4564,4435,4566,-1,4566,4435,4437,-1,4566,4437,4568,-1,4568,4437,4439,-1,4568,4439,4570,-1,1639,1640,1637,-1,1637,1640,4572,-1,1637,4572,4573,-1,1638,1637,4574,-1,4574,1637,4573,-1,4574,4573,4575,-1,4575,4573,4317,-1,4575,4317,4576,-1,4576,4317,4316,-1,4576,4316,4577,-1,4577,4316,4314,-1,4577,4314,4578,-1,4578,4314,4312,-1,4578,4312,4579,-1,4579,4312,4310,-1,4579,4310,4580,-1,4580,4310,4308,-1,4580,4308,4581,-1,4581,4308,4306,-1,4581,4306,4582,-1,4582,4306,4304,-1,4582,4304,4583,-1,4583,4304,4302,-1,4583,4302,4584,-1,4584,4302,4300,-1,4584,4300,4585,-1,4585,4300,4298,-1,4585,4298,4586,-1,4586,4298,4296,-1,4586,4296,4587,-1,4587,4296,4294,-1,4587,4294,4588,-1,4588,4294,4292,-1,4588,4292,4589,-1,4589,4292,4290,-1,4589,4290,4590,-1,4590,4290,1409,-1,4590,1409,4591,-1,4591,1409,1411,-1,4591,1411,1407,-1,1407,1406,4591,-1,4591,1406,4345,-1,4591,4345,4590,-1,4590,4345,4343,-1,4590,4343,4589,-1,4589,4343,4341,-1,4589,4341,4588,-1,4588,4341,4339,-1,4588,4339,4587,-1,4587,4339,4337,-1,4587,4337,4586,-1,4586,4337,4335,-1,4586,4335,4585,-1,4585,4335,4333,-1,4585,4333,4584,-1,4584,4333,4331,-1,4584,4331,4583,-1,4583,4331,4329,-1,4583,4329,4582,-1,4582,4329,4327,-1,4582,4327,4581,-1,4581,4327,4325,-1,4581,4325,4580,-1,4580,4325,4323,-1,4580,4323,4579,-1,4579,4323,4321,-1,4579,4321,4578,-1,4578,4321,4319,-1,4578,4319,4577,-1,4577,4319,1642,-1,4577,1642,4576,-1,4576,1642,1644,-1,4576,1644,4575,-1,4575,1644,4592,-1,4575,4592,4574,-1,4593,4594,4595,-1,4595,4594,4596,-1,4595,4596,4597,-1,4597,4596,4598,-1,4597,4598,4599,-1,4599,4598,4600,-1,4599,4600,4601,-1,4601,4600,4602,-1,4601,4602,4603,-1,4603,4602,4604,-1,4603,4604,4605,-1,4605,4604,4606,-1,4605,4606,4607,-1,4607,4606,4608,-1,4607,4608,4609,-1,4609,4608,4610,-1,4609,4610,4611,-1,4611,4610,4612,-1,4611,4612,4613,-1,4613,4612,4614,-1,4613,4614,4615,-1,4615,4614,4616,-1,4615,4616,4617,-1,4617,4616,4618,-1,4617,4618,4619,-1,4619,4618,4620,-1,4619,4620,4621,-1,4621,4620,4622,-1,4621,4622,4623,-1,4623,4622,4624,-1,4623,4624,4625,-1,4625,4624,4626,-1,4625,4626,4627,-1,4627,4626,4628,-1,4627,4628,4629,-1,4629,4628,4630,-1,4594,4478,4596,-1,4596,4478,4480,-1,4596,4480,4598,-1,4598,4480,4482,-1,4598,4482,4600,-1,4600,4482,4484,-1,4600,4484,4602,-1,4602,4484,4486,-1,4602,4486,4604,-1,4604,4486,4488,-1,4604,4488,4606,-1,4606,4488,4490,-1,4606,4490,4608,-1,4608,4490,4492,-1,4608,4492,4610,-1,4610,4492,4494,-1,4610,4494,4612,-1,4612,4494,4496,-1,4612,4496,4614,-1,4614,4496,4498,-1,4614,4498,4616,-1,4616,4498,4500,-1,4616,4500,4618,-1,4618,4500,4502,-1,4618,4502,4620,-1,4620,4502,4504,-1,4620,4504,4622,-1,4622,4504,4506,-1,4622,4506,4624,-1,4624,4506,4508,-1,4624,4508,4626,-1,4626,4508,4509,-1,4626,4509,4628,-1,4628,4509,4510,-1,4628,4510,4630,-1,4512,4631,4513,-1,4513,4631,4632,-1,4513,4632,4633,-1,1656,1655,3822,-1,3822,1655,4634,-1,3822,4634,4635,-1,4635,4634,4636,-1,4635,4636,4637,-1,4637,4636,4638,-1,4637,4638,4639,-1,4639,4638,4640,-1,4639,4640,4641,-1,4641,4640,4642,-1,4641,4642,4643,-1,4643,4642,4644,-1,4643,4644,4645,-1,4645,4644,4646,-1,4645,4646,4647,-1,4647,4646,4648,-1,4647,4648,4649,-1,4649,4648,4650,-1,4649,4650,4651,-1,4651,4650,4652,-1,4651,4652,4653,-1,4653,4652,4654,-1,4653,4654,4655,-1,4655,4654,4656,-1,4655,4656,4657,-1,4657,4656,4658,-1,4657,4658,4659,-1,4659,4658,4660,-1,4659,4660,4661,-1,4661,4660,4662,-1,4661,4662,4663,-1,4663,4662,4664,-1,4663,4664,4665,-1,4665,4664,4666,-1,4665,4666,4667,-1,4667,4666,4668,-1,4667,4668,4669,-1,4669,4668,4670,-1,4669,4670,4671,-1,4671,4670,4672,-1,4671,4672,4673,-1,4673,4672,4674,-1,4673,4674,4675,-1,4675,4674,4676,-1,4675,4676,4677,-1,4677,4676,4678,-1,4677,4678,4679,-1,4679,4678,4680,-1,4679,4680,4681,-1,4681,4680,4682,-1,4681,4682,4683,-1,4683,4682,4684,-1,4683,4684,4685,-1,4685,4684,4686,-1,4685,4686,4687,-1,4687,4686,4688,-1,4687,4688,4689,-1,4689,4688,4690,-1,4689,4690,4691,-1,1654,3812,1655,-1,1655,3812,4515,-1,1655,4515,4634,-1,4634,4515,4517,-1,4634,4517,4636,-1,4636,4517,4519,-1,4636,4519,4638,-1,4638,4519,4521,-1,4638,4521,4640,-1,4640,4521,4523,-1,4640,4523,4642,-1,4642,4523,4525,-1,4642,4525,4644,-1,4644,4525,4527,-1,4644,4527,4646,-1,4646,4527,4529,-1,4646,4529,4648,-1,4648,4529,4531,-1,4648,4531,4650,-1,4650,4531,4533,-1,4650,4533,4652,-1,4652,4533,4535,-1,4652,4535,4654,-1,4654,4535,4537,-1,4654,4537,4656,-1,4656,4537,4539,-1,4656,4539,4658,-1,4658,4539,4541,-1,4658,4541,4660,-1,4660,4541,4543,-1,4660,4543,4662,-1,4662,4543,4545,-1,4662,4545,4664,-1,4664,4545,4547,-1,4664,4547,4666,-1,4666,4547,4549,-1,4666,4549,4668,-1,4668,4549,4551,-1,4668,4551,4670,-1,4670,4551,4553,-1,4670,4553,4672,-1,4672,4553,4555,-1,4672,4555,4674,-1,4674,4555,4557,-1,4674,4557,4676,-1,4676,4557,4559,-1,4676,4559,4678,-1,4678,4559,4561,-1,4678,4561,4680,-1,4680,4561,4563,-1,4680,4563,4682,-1,4682,4563,4565,-1,4682,4565,4684,-1,4684,4565,4567,-1,4684,4567,4686,-1,4686,4567,4569,-1,4686,4569,4688,-1,4688,4569,4571,-1,4688,4571,4690,-1,4692,4693,4694,-1,4694,4693,4695,-1,4694,4695,4696,-1,4696,4695,4697,-1,4696,4697,4698,-1,4698,4697,4699,-1,4698,4699,4700,-1,4700,4699,4701,-1,4693,1641,4695,-1,4695,1641,1639,-1,4695,1639,4697,-1,4697,1639,1638,-1,4697,1638,4699,-1,4699,1638,4574,-1,4699,4574,4701,-1,4701,4574,4592,-1,4701,4592,4702,-1,4593,4440,4594,-1,4594,4440,4442,-1,4594,4442,4478,-1,4478,4442,4444,-1,4478,4444,4479,-1,4479,4444,4446,-1,4479,4446,4349,-1,4349,4446,4448,-1,4349,4448,4350,-1,4350,4448,4450,-1,4350,4450,4246,-1,4246,4450,4452,-1,4246,4452,4217,-1,4217,4452,4454,-1,4217,4454,4218,-1,4218,4454,4456,-1,4218,4456,1887,-1,1887,4456,4458,-1,1887,4458,1888,-1,1888,4458,4460,-1,1888,4460,4183,-1,4183,4460,4462,-1,4183,4462,4137,-1,4137,4462,4464,-1,4137,4464,4032,-1,4032,4464,4466,-1,4032,4466,4033,-1,4033,4466,4468,-1,4033,4468,1647,-1,1647,4468,4470,-1,1647,4470,1645,-1,1645,4470,4472,-1,1645,4472,4024,-1,4024,4472,4474,-1,4024,4474,3952,-1,3952,4474,4476,-1,3952,4476,3950,-1,3950,4476,4477,-1,3950,4477,4703,-1,4630,4704,4705,-1,4706,4707,4708,-1,4708,4707,4633,-1,4708,4633,4709,-1,4709,4633,4632,-1,3823,3822,3856,-1,3856,3822,4635,-1,3856,4635,3857,-1,3857,4635,4637,-1,3857,4637,3883,-1,3883,4637,4639,-1,3883,4639,3884,-1,3884,4639,4641,-1,3884,4641,3885,-1,3885,4641,4643,-1,3885,4643,3886,-1,3886,4643,4645,-1,3886,4645,3918,-1,3918,4645,4647,-1,3918,4647,3919,-1,3919,4647,4649,-1,3919,4649,3953,-1,3953,4649,4651,-1,3953,4651,3954,-1,3954,4651,4653,-1,3954,4653,4029,-1,4029,4653,4655,-1,4029,4655,4030,-1,4030,4655,4657,-1,4030,4657,4042,-1,4042,4657,4659,-1,4042,4659,4043,-1,4043,4659,4661,-1,4043,4661,4145,-1,4145,4661,4663,-1,4145,4663,4146,-1,4146,4663,4665,-1,4146,4665,4192,-1,4192,4665,4667,-1,4192,4667,4193,-1,4193,4667,4669,-1,4193,4669,4240,-1,4240,4669,4671,-1,4240,4671,4241,-1,4241,4671,4673,-1,4241,4673,4243,-1,4243,4673,4675,-1,4243,4675,4379,-1,4379,4675,4677,-1,4379,4677,4380,-1,4380,4677,4679,-1,4380,4679,4511,-1,4511,4679,4681,-1,4511,4681,4512,-1,4512,4681,4683,-1,4512,4683,4631,-1,4631,4683,4685,-1,4631,4685,4632,-1,4632,4685,4687,-1,4632,4687,4709,-1,4709,4687,4689,-1,4709,4689,4708,-1,4708,4689,4691,-1,4708,4691,4706,-1,4630,4705,4629,-1,4629,4705,4710,-1,4629,4710,4627,-1,4627,4710,4711,-1,4627,4711,4625,-1,4625,4711,4712,-1,4625,4712,4623,-1,4623,4712,4713,-1,4623,4713,4621,-1,4621,4713,4714,-1,4621,4714,4619,-1,4619,4714,4715,-1,4619,4715,4617,-1,4617,4715,4716,-1,4617,4716,4615,-1,4615,4716,4717,-1,4615,4717,4613,-1,4613,4717,4718,-1,4613,4718,4611,-1,4611,4718,4719,-1,4611,4719,4609,-1,4609,4719,4720,-1,4609,4720,4607,-1,4607,4720,4721,-1,4607,4721,4605,-1,4605,4721,4722,-1,4605,4722,4603,-1,4603,4722,4723,-1,4603,4723,4601,-1,4601,4723,4724,-1,4601,4724,4599,-1,4599,4724,4725,-1,4599,4725,4597,-1,4597,4725,4726,-1,4597,4726,4595,-1,4595,4726,4727,-1,4595,4727,4593,-1,4593,4727,4702,-1,4593,4702,4440,-1,4440,4702,4592,-1,4440,4592,4441,-1,4441,4592,1644,-1,4441,1644,4443,-1,4443,1644,1643,-1,4443,1643,4445,-1,4445,1643,4318,-1,4445,4318,4447,-1,4447,4318,4320,-1,4447,4320,4449,-1,4449,4320,4322,-1,4449,4322,4451,-1,4451,4322,4324,-1,4451,4324,4453,-1,4453,4324,4326,-1,4453,4326,4455,-1,4455,4326,4328,-1,4455,4328,4457,-1,4457,4328,4330,-1,4457,4330,4459,-1,4459,4330,4332,-1,4459,4332,4461,-1,4461,4332,4334,-1,4461,4334,4463,-1,4463,4334,4336,-1,4463,4336,4465,-1,4465,4336,4338,-1,4465,4338,4467,-1,4467,4338,4340,-1,4467,4340,4469,-1,4469,4340,4342,-1,4469,4342,4471,-1,4471,4342,4344,-1,4471,4344,4473,-1,4473,4344,4346,-1,4473,4346,4475,-1,4475,4346,4347,-1,4475,4347,4477,-1,4477,4347,4348,-1,4477,4348,4703,-1,1373,1375,4728,-1,4728,1375,4729,-1,4728,4729,4730,-1,4730,4729,4731,-1,4730,4731,4732,-1,4732,4731,4733,-1,4732,4733,4734,-1,4734,4733,4735,-1,4734,4735,4736,-1,4736,4735,4737,-1,4736,4737,4738,-1,4738,4737,4739,-1,4738,4739,4740,-1,4740,4739,4741,-1,4740,4741,4742,-1,4742,4741,4743,-1,4742,4743,4744,-1,4744,4743,4745,-1,4744,4745,4746,-1,4746,4745,4747,-1,4746,4747,4748,-1,4748,4747,4749,-1,4748,4749,4750,-1,4750,4749,4751,-1,4750,4751,4752,-1,4752,4751,4753,-1,4752,4753,4754,-1,4754,4753,4755,-1,4754,4755,4756,-1,4756,4755,4757,-1,4756,4757,4758,-1,4758,4757,4759,-1,4758,4759,4760,-1,4761,4707,4762,-1,4762,4707,4706,-1,4762,4706,4763,-1,4763,4706,4691,-1,4763,4691,4764,-1,4764,4691,4690,-1,4764,4690,4765,-1,4765,4690,4571,-1,4765,4571,4766,-1,4766,4571,4570,-1,4766,4570,4767,-1,4767,4570,4439,-1,4767,4439,4768,-1,4768,4439,4438,-1,4768,4438,4769,-1,4769,4438,4288,-1,4769,4288,4770,-1,4770,4288,1376,-1,4770,1376,4771,-1,4771,1376,1378,-1,4771,1378,4772,-1,4772,1378,4245,-1,4772,4245,1384,-1,1384,4245,4136,-1,1384,4136,1382,-1,1382,4136,4135,-1,1382,4135,4149,-1,4149,4135,4133,-1,4149,4133,4151,-1,4151,4133,4131,-1,4151,4131,4153,-1,4153,4131,4129,-1,4153,4129,4155,-1,4155,4129,4127,-1,4155,4127,4157,-1,4157,4127,4125,-1,4157,4125,4159,-1,4159,4125,4123,-1,4159,4123,4161,-1,4161,4123,4121,-1,4161,4121,4163,-1,4163,4121,4119,-1,4163,4119,4165,-1,4165,4119,4117,-1,4165,4117,4167,-1,4167,4117,4115,-1,4167,4115,4169,-1,4169,4115,4113,-1,4169,4113,4171,-1,4171,4113,4111,-1,4171,4111,4173,-1,4173,4111,4109,-1,4173,4109,4175,-1,4175,4109,4107,-1,4175,4107,4177,-1,4177,4107,4105,-1,4177,4105,4179,-1,4179,4105,4103,-1,4179,4103,4181,-1,4181,4103,4101,-1,4181,4101,4182,-1,4182,4101,4099,-1,4182,4099,1432,-1,1432,4099,1438,-1,1432,1438,1430,-1,1430,1438,1437,-1,1430,1437,3796,-1,3796,1437,3771,-1,3796,3771,3798,-1,3798,3771,3773,-1,3798,3773,3800,-1,3800,3773,3775,-1,3800,3775,3802,-1,3802,3775,3777,-1,3802,3777,3804,-1,3804,3777,3779,-1,3804,3779,3806,-1,3806,3779,3781,-1,3806,3781,3808,-1,3808,3781,3783,-1,3808,3783,3810,-1,3810,3783,3785,-1,3810,3785,3811,-1,3811,3785,3787,-1,3811,3787,4773,-1,4773,3787,4098,-1,4773,4098,4774,-1,4774,4098,4097,-1,4774,4097,4775,-1,4775,4097,4096,-1,4775,4096,4776,-1,4776,4096,4095,-1,4776,4095,4777,-1,4777,4095,4094,-1,4777,4094,4778,-1,4778,4094,4093,-1,4778,4093,4779,-1,4779,4093,4092,-1,4779,4092,4780,-1,4780,4092,4091,-1,4780,4091,4781,-1,4781,4091,4090,-1,4781,4090,4782,-1,4782,4090,4089,-1,4782,4089,4783,-1,4783,4089,4088,-1,4783,4088,4784,-1,4784,4088,4087,-1,4784,4087,4785,-1,4785,4087,4086,-1,4785,4086,4786,-1,4786,4086,4085,-1,4786,4085,4787,-1,4787,4085,4084,-1,4787,4084,4788,-1,4788,4084,4083,-1,4788,4083,4789,-1,4789,4083,4082,-1,4789,4082,4790,-1,4790,4082,1469,-1,4790,1469,4791,-1,4791,1469,1471,-1,4791,1471,4792,-1,4792,1471,3021,-1,4792,3021,4793,-1,4793,3021,3022,-1,4793,3022,1489,-1,1489,3022,2919,-1,1489,2919,1487,-1,1487,2919,2918,-1,1487,2918,2934,-1,2934,2918,2916,-1,2934,2916,2936,-1,2936,2916,2914,-1,2936,2914,2938,-1,2938,2914,2912,-1,2938,2912,2940,-1,2940,2912,2910,-1,2940,2910,2832,-1,2832,2910,2908,-1,2832,2908,2833,-1,2833,2908,2906,-1,2833,2906,1685,-1,1685,2906,2904,-1,1685,2904,1683,-1,1683,2904,2902,-1,1683,2902,2743,-1,2743,2902,2901,-1,2743,2901,2689,-1,2689,2901,2891,-1,2689,2891,2688,-1,2688,2891,2890,-1,2688,2890,2687,-1,2687,2890,2831,-1,2687,2831,2686,-1,2686,2831,2830,-1,2686,2830,2685,-1,2685,2830,2786,-1,2685,2786,2684,-1,2684,2786,2785,-1,2684,2785,2683,-1,2683,2785,2728,-1,2683,2728,2682,-1,2682,2728,2727,-1,2682,2727,2681,-1,2681,2727,2820,-1,2681,2820,2680,-1,2680,2820,2706,-1,2680,2706,2646,-1,2646,2706,2708,-1,2646,2708,2645,-1,2645,2708,2710,-1,2645,2710,2644,-1,2644,2710,2712,-1,2644,2712,2643,-1,2643,2712,2655,-1,2643,2655,2616,-1,2616,2655,2657,-1,2616,2657,2617,-1,2617,2657,2659,-1,2617,2659,2619,-1,2619,2659,2661,-1,2619,2661,2621,-1,2621,2661,2663,-1,2621,2663,2623,-1,2623,2663,2665,-1,2623,2665,2625,-1,2625,2665,2667,-1,2625,2667,2627,-1,2627,2667,2669,-1,2627,2669,2629,-1,2629,2669,2671,-1,2629,2671,2631,-1,2631,2671,2673,-1,2631,2673,2633,-1,2633,2673,2675,-1,2633,2675,2635,-1,2635,2675,2677,-1,2635,2677,2637,-1,2637,2677,2679,-1,2637,2679,2639,-1,2639,2679,2690,-1,2639,2690,2641,-1,2641,2690,2615,-1,2641,2615,2642,-1,2642,2615,2577,-1,2642,2577,2589,-1,2589,2577,2576,-1,2589,2576,2587,-1,2587,2576,2574,-1,2587,2574,2513,-1,2513,2574,2572,-1,2513,2572,2514,-1,2514,2572,2570,-1,2514,2570,2471,-1,2471,2570,2568,-1,2471,2568,2423,-1,2423,2568,2566,-1,2423,2566,2418,-1,2418,2566,2564,-1,2418,2564,2347,-1,2347,2564,2562,-1,2347,2562,2348,-1,2348,2562,2560,-1,2348,2560,2324,-1,2324,2560,2558,-1,2324,2558,2293,-1,2293,2558,2557,-1,2293,2557,2292,-1,2292,2557,2458,-1,2292,2458,2291,-1,2291,2458,2413,-1,2291,2413,2290,-1,2290,2413,2402,-1,2290,2402,2289,-1,2289,2402,2403,-1,2289,2403,1785,-1,1785,2403,2503,-1,1785,2503,1783,-1,1783,2503,2323,-1,1783,2323,1781,-1,1781,2323,2316,-1,1781,2316,1779,-1,1779,2316,1804,-1,1779,1804,1777,-1,1777,1804,1803,-1,1777,1803,1775,-1,1775,1803,1801,-1,1775,1801,1773,-1,1773,1801,1800,-1,1773,1800,1771,-1,1771,1800,2236,-1,1771,2236,1769,-1,1769,2236,2235,-1,1769,2235,1767,-1,1767,2235,2233,-1,1906,4794,1907,-1,1907,4794,4795,-1,1907,4795,1909,-1,1909,4795,4796,-1,1909,4796,1911,-1,1911,4796,4797,-1,1911,4797,1913,-1,1913,4797,4798,-1,1913,4798,1915,-1,1915,4798,4799,-1,1915,4799,1917,-1,1917,4799,4800,-1,1917,4800,1919,-1,4794,4801,4795,-1,4795,4801,4802,-1,4795,4802,4796,-1,4796,4802,4803,-1,4796,4803,4797,-1,4797,4803,4804,-1,4797,4804,4798,-1,4798,4804,4805,-1,4798,4805,4799,-1,4799,4805,4806,-1,4799,4806,4800,-1,4800,4806,4807,-1,4800,4807,1919,-1,1919,4807,4808,-1,1919,4808,1920,-1,1370,1372,1922,-1,1922,1372,4809,-1,1922,4809,1924,-1,1924,4809,4810,-1,1924,4810,1926,-1,1926,4810,4811,-1,1926,4811,1928,-1,1928,4811,4812,-1,1928,4812,1930,-1,1930,4812,4813,-1,1930,4813,1932,-1,1932,4813,4814,-1,1932,4814,1934,-1,1934,4814,4815,-1,1934,4815,1936,-1,1936,4815,4816,-1,1936,4816,1938,-1,1938,4816,4817,-1,1938,4817,1940,-1,1940,4817,4818,-1,1940,4818,1942,-1,1942,4818,4819,-1,1942,4819,1944,-1,1944,4819,4820,-1,1944,4820,1946,-1,1946,4820,4821,-1,1946,4821,1948,-1,1948,4821,4822,-1,1948,4822,1950,-1,1950,4822,4823,-1,1950,4823,1952,-1,4824,1953,4825,-1,4825,1953,1952,-1,4825,1952,4760,-1,4760,1952,4823,-1,4760,4823,4758,-1,4758,4823,4822,-1,4758,4822,4756,-1,4756,4822,4821,-1,4756,4821,4754,-1,4754,4821,4820,-1,4754,4820,4752,-1,4752,4820,4819,-1,4752,4819,4750,-1,4750,4819,4818,-1,4750,4818,4748,-1,4748,4818,4817,-1,4748,4817,4746,-1,4746,4817,4816,-1,4746,4816,4744,-1,4744,4816,4815,-1,4744,4815,4742,-1,4742,4815,4814,-1,4742,4814,4740,-1,4740,4814,4813,-1,4740,4813,4738,-1,4738,4813,4812,-1,4738,4812,4736,-1,4736,4812,4811,-1,4736,4811,4734,-1,4734,4811,4810,-1,4734,4810,4732,-1,4732,4810,4809,-1,4732,4809,4730,-1,4730,4809,1372,-1,4730,1372,4728,-1,4728,1372,1371,-1,4728,1371,1373,-1,1410,3887,1411,-1,1411,3887,3888,-1,1411,3888,1407,-1,1407,3888,3889,-1,1407,3889,1408,-1,1408,3889,3890,-1,1408,3890,4348,-1,4348,3890,3891,-1,4348,3891,4703,-1,4703,3891,3892,-1,4703,3892,3950,-1,3950,3892,3920,-1,3950,3920,3951,-1,3951,3920,3955,-1,3951,3955,4028,-1,4028,3955,4031,-1,4028,4031,4041,-1,4041,4031,4044,-1,4041,4044,4144,-1,4144,4044,4147,-1,4144,4147,4191,-1,4191,4147,4194,-1,4191,4194,4239,-1,4239,4194,4242,-1,4239,4242,4259,-1,4259,4242,4244,-1,4259,4244,4378,-1,4378,4244,4381,-1,4378,4381,4510,-1,4510,4381,4513,-1,4510,4513,4630,-1,4630,4513,4633,-1,4630,4633,4704,-1,4704,4633,4707,-1,4704,4707,4826,-1,4826,4707,4761,-1,4826,4761,4827,-1,4827,4761,4828,-1,4827,4828,4829,-1,4830,4831,4832,-1,4832,4831,4833,-1,4832,4833,4834,-1,4834,4833,4835,-1,4834,4835,4836,-1,4836,4835,4837,-1,4836,4837,4838,-1,4838,4837,4839,-1,4838,4839,4840,-1,4840,4839,4841,-1,4840,4841,4842,-1,4842,4841,4843,-1,4842,4843,4844,-1,4844,4843,4845,-1,4844,4845,4846,-1,4846,4845,4847,-1,4846,4847,1367,-1,4807,4848,4808,-1,4808,4848,4849,-1,4808,4849,4850,-1,1367,1369,4846,-1,4846,1369,1908,-1,4846,1908,4844,-1,4844,1908,1910,-1,4844,1910,4842,-1,4842,1910,1912,-1,4842,1912,4840,-1,4840,1912,1914,-1,4840,1914,4838,-1,4838,1914,1916,-1,4838,1916,4836,-1,4836,1916,1918,-1,4836,1918,4834,-1,4834,1918,1920,-1,4834,1920,4832,-1,4832,1920,4808,-1,4832,4808,4830,-1,4830,4808,4850,-1,4830,4850,4851,-1,4848,4852,4849,-1,4849,4852,4853,-1,4849,4853,4850,-1,4850,4853,4854,-1,4850,4854,4851,-1,4851,4854,4855,-1,4824,4856,4857,-1,4858,4859,4860,-1,4860,4859,1353,-1,4860,1353,4828,-1,4828,1353,1352,-1,4828,1352,4829,-1,1635,1634,4861,-1,4824,4857,1953,-1,1953,4857,4862,-1,1953,4862,1951,-1,1951,4862,4863,-1,1951,4863,1949,-1,1949,4863,4864,-1,1949,4864,1947,-1,1947,4864,4865,-1,1947,4865,1945,-1,1945,4865,4866,-1,1945,4866,1943,-1,1943,4866,4867,-1,1943,4867,1941,-1,1941,4867,4868,-1,1941,4868,1939,-1,1939,4868,4869,-1,1939,4869,1937,-1,1937,4869,4870,-1,1937,4870,1935,-1,1935,4870,4871,-1,1935,4871,1933,-1,1933,4871,4872,-1,1933,4872,1931,-1,1931,4872,4873,-1,1931,4873,1929,-1,1929,4873,4874,-1,1929,4874,1927,-1,1927,4874,4875,-1,1927,4875,1925,-1,1925,4875,4876,-1,1925,4876,1923,-1,1923,4876,4877,-1,1923,4877,1921,-1,1921,4877,4855,-1,1921,4855,1370,-1,1370,4855,4854,-1,1370,4854,1371,-1,1371,4854,4853,-1,1371,4853,1373,-1,1373,4853,4852,-1,1373,4852,1374,-1,4801,4692,4802,-1,4802,4692,4694,-1,4802,4694,4803,-1,4803,4694,4696,-1,4803,4696,4804,-1,4804,4696,4698,-1,4804,4698,4805,-1,4805,4698,4700,-1,4805,4700,4806,-1,4806,4700,4701,-1,4806,4701,4807,-1,4807,4701,4702,-1,4807,4702,4848,-1,4848,4702,4727,-1,4848,4727,4852,-1,4852,4727,4726,-1,4852,4726,1374,-1,1374,4726,4725,-1,1374,4725,1375,-1,1375,4725,4724,-1,1375,4724,4729,-1,4729,4724,4723,-1,4729,4723,4731,-1,4731,4723,4722,-1,4731,4722,4733,-1,4733,4722,4721,-1,4733,4721,4735,-1,4735,4721,4720,-1,4735,4720,4737,-1,4737,4720,4719,-1,4737,4719,4739,-1,4739,4719,4718,-1,4739,4718,4741,-1,4741,4718,4717,-1,4741,4717,4743,-1,4743,4717,4716,-1,4743,4716,4745,-1,4745,4716,4715,-1,4745,4715,4747,-1,4747,4715,4714,-1,4747,4714,4749,-1,4749,4714,4713,-1,4749,4713,4751,-1,4751,4713,4712,-1,4751,4712,4753,-1,4753,4712,4711,-1,4753,4711,4755,-1,4755,4711,4710,-1,4755,4710,4757,-1,4757,4710,4705,-1,4757,4705,4759,-1,4759,4705,4704,-1,4759,4704,4760,-1,4760,4704,4826,-1,4760,4826,4825,-1,4825,4826,4827,-1,4825,4827,4824,-1,4824,4827,4829,-1,4824,4829,4856,-1,4856,4829,1352,-1,4856,1352,4878,-1,4878,1352,1351,-1,4878,1351,4879,-1,4879,1351,4880,-1,1349,1348,4881,-1,4881,1348,4882,-1,4881,4882,4883,-1,4883,4882,4884,-1,4883,4884,4885,-1,4886,4887,4888,-1,4888,4887,4889,-1,4888,4889,4890,-1,4890,4889,4891,-1,4890,4891,4892,-1,4892,4891,4893,-1,4887,1636,4889,-1,4889,1636,1635,-1,4889,1635,4891,-1,4891,1635,4861,-1,4891,4861,4893,-1,4893,4861,4894,-1,4893,4894,4895,-1,1366,1954,4896,-1,4896,1954,1956,-1,4896,1956,4897,-1,4897,1956,1958,-1,4897,1958,4898,-1,4898,1958,1960,-1,4898,1960,4899,-1,4899,1960,1962,-1,4899,1962,4900,-1,1343,4880,1344,-1,1344,4880,1351,-1,1344,1351,1350,-1,1350,1351,1353,-1,1350,1353,1348,-1,1348,1353,4859,-1,1348,4859,4882,-1,4882,4859,4858,-1,4882,4858,4884,-1,1346,1345,4901,-1,4901,1345,4902,-1,4901,4902,4903,-1,4903,4902,4904,-1,4903,4904,4905,-1,4905,4904,4906,-1,4905,4906,4907,-1,4907,4906,4908,-1,4907,4908,4909,-1,4910,4911,4912,-1,4912,4911,4913,-1,4912,4913,4914,-1,4914,4913,4915,-1,4914,4915,4916,-1,4916,4915,4917,-1,4916,4917,4918,-1,4918,4917,4919,-1,4918,4919,4920,-1,4920,4919,4921,-1,4911,4886,4913,-1,4913,4886,4888,-1,4913,4888,4915,-1,4915,4888,4890,-1,4915,4890,4917,-1,4917,4890,4892,-1,4917,4892,4919,-1,4919,4892,4893,-1,4919,4893,4921,-1,4921,4893,4895,-1,4921,4895,4922,-1,4922,4895,4923,-1,4922,4923,4924,-1,4924,4923,4925,-1,4924,4925,4926,-1,4926,4925,4927,-1,1955,4927,1957,-1,1957,4927,4925,-1,1957,4925,1959,-1,1959,4925,4923,-1,1959,4923,1961,-1,1961,4923,4895,-1,1961,4895,1962,-1,1962,4895,4894,-1,1962,4894,4900,-1,1340,1339,4928,-1,4928,1339,4929,-1,4928,4929,4930,-1,4930,4929,4931,-1,4930,4931,4932,-1,4932,4931,4933,-1,4932,4933,4934,-1,4934,4933,4935,-1,4934,4935,4936,-1,4936,4935,4937,-1,4936,4937,4938,-1,4938,4937,4939,-1,4938,4939,4940,-1,4941,4942,4943,-1,4943,4942,4944,-1,4943,4944,4945,-1,4945,4944,4946,-1,4945,4946,4947,-1,4947,4946,4948,-1,4947,4948,4949,-1,4949,4948,4950,-1,4949,4950,4951,-1,4951,4950,4952,-1,4951,4952,4953,-1,4953,4952,4954,-1,4953,4954,4955,-1,4955,4954,4956,-1,1366,1365,1954,-1,1954,1365,4957,-1,1954,4957,1955,-1,1955,4957,4958,-1,1955,4958,4927,-1,4927,4958,4959,-1,4927,4959,4926,-1,4926,4959,4960,-1,4926,4960,4924,-1,4942,4910,4944,-1,4944,4910,4912,-1,4944,4912,4946,-1,4946,4912,4914,-1,4946,4914,4948,-1,4948,4914,4916,-1,4948,4916,4950,-1,4950,4916,4918,-1,4950,4918,4952,-1,4952,4918,4920,-1,4952,4920,4954,-1,4954,4920,4921,-1,4954,4921,4956,-1,4956,4921,4922,-1,4956,4922,4961,-1,4961,4922,4924,-1,4961,4924,4962,-1,4962,4924,4960,-1,1363,1362,1365,-1,1365,1362,4963,-1,1365,4963,4957,-1,4957,4963,4964,-1,4957,4964,4958,-1,4958,4964,4965,-1,4958,4965,4959,-1,4959,4965,4966,-1,4959,4966,4960,-1,4960,4966,4967,-1,4960,4967,4962,-1,4962,4967,4968,-1,4962,4968,4961,-1,4969,4941,4970,-1,4970,4941,4943,-1,4970,4943,4971,-1,4971,4943,4945,-1,4971,4945,4972,-1,4972,4945,4947,-1,4972,4947,4973,-1,4973,4947,4949,-1,4973,4949,4974,-1,4974,4949,4951,-1,4974,4951,4975,-1,4975,4951,4953,-1,4975,4953,4976,-1,4976,4953,4955,-1,4976,4955,4977,-1,4977,4955,4956,-1,4977,4956,1321,-1,1321,4956,4961,-1,1321,4961,1322,-1,1322,4961,4968,-1,1322,4968,4978,-1,4978,4968,4979,-1,4979,4968,4967,-1,4979,4967,4980,-1,4980,4967,4966,-1,4980,4966,4981,-1,4981,4966,4965,-1,4981,4965,4982,-1,4982,4965,4964,-1,4982,4964,4983,-1,4983,4964,4963,-1,4983,4963,4984,-1,4984,4963,1362,-1,4984,1362,4985,-1,4985,1362,1364,-1,4985,1364,1361,-1,4986,4987,4988,-1,4988,4987,4989,-1,4988,4989,4990,-1,1330,1329,1332,-1,1332,1329,4991,-1,1332,4991,4992,-1,4992,4991,4993,-1,4992,4993,4994,-1,1358,1357,1360,-1,1360,1357,4995,-1,1360,4995,4996,-1,4996,4995,4997,-1,4996,4997,4998,-1,4998,4997,4999,-1,4998,4999,5000,-1,5000,4999,5001,-1,5000,5001,5002,-1,5002,5001,5003,-1,5002,5003,5004,-1,5004,5003,5005,-1,5004,5005,5006,-1,5006,5005,5007,-1,5006,5007,5008,-1,5008,5007,5009,-1,5008,5009,5010,-1,5010,5009,5011,-1,5010,5011,5012,-1,5012,5011,5013,-1,5012,5013,5014,-1,5015,5016,5017,-1,5017,5016,5018,-1,5017,5018,5019,-1,5019,5018,5020,-1,5019,5020,5021,-1,5021,5020,5022,-1,5021,5022,5023,-1,5023,5022,5024,-1,5023,5024,5025,-1,5025,5024,5026,-1,5025,5026,5027,-1,5027,5026,5028,-1,5027,5028,5029,-1,5029,5028,5030,-1,5029,5030,5031,-1,5031,5030,5032,-1,5031,5032,5033,-1,5033,5032,5034,-1,5033,5034,5035,-1,5035,5034,5036,-1,5035,5036,5037,-1,5037,5036,5038,-1,5037,5038,5039,-1,1628,1627,1633,-1,1633,1627,5040,-1,1633,5040,5041,-1,5041,5040,5042,-1,5041,5042,5043,-1,5043,5042,5044,-1,5043,5044,5045,-1,5045,5044,5046,-1,5045,5046,5047,-1,5047,5046,5048,-1,5047,5048,5049,-1,5049,5048,5050,-1,5049,5050,5051,-1,5051,5050,5052,-1,5051,5052,5053,-1,5053,5052,5054,-1,5053,5054,5055,-1,5055,5054,5056,-1,5055,5056,5057,-1,5057,5056,5058,-1,5057,5058,5059,-1,5059,5058,5060,-1,5059,5060,5061,-1,5061,5060,5062,-1,5061,5062,5063,-1,1632,1633,1630,-1,1630,1633,5041,-1,1630,5041,5064,-1,5064,5041,5043,-1,5064,5043,5065,-1,5065,5043,5045,-1,5065,5045,5066,-1,5066,5045,5047,-1,5066,5047,5067,-1,5067,5047,5049,-1,5067,5049,5068,-1,5068,5049,5051,-1,5068,5051,5069,-1,5069,5051,5053,-1,5069,5053,5070,-1,5070,5053,5055,-1,5070,5055,5071,-1,5071,5055,5057,-1,5071,5057,5072,-1,5072,5057,5059,-1,5072,5059,5073,-1,5073,5059,5061,-1,5073,5061,5074,-1,5074,5061,5063,-1,5074,5063,5075,-1,1631,1630,5076,-1,5076,1630,5064,-1,5076,5064,5077,-1,5077,5064,5065,-1,5077,5065,5078,-1,5078,5065,5066,-1,5078,5066,5079,-1,5079,5066,5067,-1,5079,5067,5080,-1,5080,5067,5068,-1,5080,5068,5081,-1,5081,5068,5069,-1,5081,5069,5082,-1,5082,5069,5070,-1,5082,5070,5083,-1,5083,5070,5071,-1,5083,5071,5084,-1,5084,5071,5072,-1,5084,5072,5085,-1,5085,5072,5073,-1,5085,5073,5086,-1,5086,5073,5074,-1,5086,5074,5087,-1,5087,5074,5075,-1,5087,5075,1355,-1,5088,5089,1319,-1,1319,5089,4994,-1,1319,4994,1317,-1,1317,4994,4993,-1,1317,4993,5090,-1,5090,4993,4991,-1,5090,4991,5091,-1,5091,4991,1329,-1,5091,1329,5092,-1,5092,1329,1331,-1,5092,1331,5093,-1,1318,1317,5094,-1,5094,1317,5090,-1,5094,5090,5095,-1,5095,5090,5091,-1,5095,5091,5096,-1,5096,5091,5092,-1,5096,5092,5097,-1,5097,5092,5093,-1,5097,5093,1327,-1,5014,5098,5099,-1,5099,5098,5100,-1,5099,5100,5101,-1,1629,5015,1627,-1,1627,5015,5017,-1,1627,5017,5040,-1,5040,5017,5019,-1,5040,5019,5042,-1,5042,5019,5021,-1,5042,5021,5044,-1,5044,5021,5023,-1,5044,5023,5046,-1,5046,5023,5025,-1,5046,5025,5048,-1,5048,5025,5027,-1,5048,5027,5050,-1,5050,5027,5029,-1,5050,5029,5052,-1,5052,5029,5031,-1,5052,5031,5054,-1,5054,5031,5033,-1,5054,5033,5056,-1,5056,5033,5035,-1,5056,5035,5058,-1,5058,5035,5037,-1,5058,5037,5060,-1,5060,5037,5039,-1,5060,5039,5062,-1,1315,1314,5102,-1,5102,1314,5103,-1,5102,5103,5104,-1,5104,5103,5105,-1,5104,5105,5106,-1,5106,5105,5107,-1,5106,5107,5108,-1,5108,5107,5109,-1,5108,5109,5110,-1,5110,5109,1326,-1,5110,1326,5111,-1,5111,1326,1328,-1,5111,1328,1324,-1,5112,5101,5113,-1,5113,5101,5100,-1,5113,5100,5114,-1,5114,5100,5098,-1,5114,5098,5115,-1,5116,5117,5118,-1,5118,5117,1313,-1,5118,1313,5119,-1,5119,1313,1312,-1,5119,1312,5120,-1,1631,5116,1632,-1,1632,5116,5118,-1,1632,5118,1628,-1,1628,5118,5119,-1,1628,5119,1629,-1,1629,5119,5120,-1,1629,5120,5015,-1,5015,5120,5013,-1,5015,5013,5016,-1,5016,5013,5011,-1,5016,5011,5018,-1,5018,5011,5009,-1,5018,5009,5020,-1,5020,5009,5007,-1,5020,5007,5022,-1,5022,5007,5005,-1,5022,5005,5024,-1,5024,5005,5003,-1,5024,5003,5026,-1,5026,5003,5001,-1,5026,5001,5028,-1,5028,5001,4999,-1,5028,4999,5030,-1,5030,4999,4997,-1,5030,4997,5032,-1,5032,4997,4995,-1,5032,4995,5034,-1,5034,4995,1357,-1,5034,1357,5036,-1,5036,1357,1359,-1,5036,1359,5038,-1,5121,5122,5123,-1,5123,5122,5124,-1,5123,5124,5125,-1,5125,5124,5126,-1,5125,5126,5127,-1,5127,5126,5128,-1,5127,5128,5129,-1,5129,5128,5130,-1,5129,5130,5131,-1,5131,5130,5132,-1,5131,5132,5133,-1,5133,5132,5134,-1,5133,5134,5135,-1,5135,5134,5136,-1,5135,5136,5137,-1,5137,5136,5138,-1,5137,5138,5139,-1,5139,5138,5140,-1,5139,5140,5141,-1,5141,5140,5142,-1,5141,5142,5143,-1,5143,5142,5144,-1,5143,5144,5145,-1,5145,5144,5146,-1,5145,5146,5147,-1,5147,5146,5148,-1,5147,5148,5149,-1,5149,5148,5150,-1,5149,5150,5151,-1,5151,5150,5152,-1,5151,5152,5153,-1,5153,5152,1354,-1,5153,1354,5154,-1,5154,1354,1356,-1,5155,5156,5157,-1,5157,5156,5158,-1,5157,5158,5159,-1,5159,5158,5160,-1,5159,5160,5161,-1,5161,5160,5162,-1,5161,5162,5163,-1,5156,5164,5158,-1,5158,5164,5165,-1,5158,5165,5160,-1,5160,5165,5166,-1,5160,5166,5162,-1,5155,5089,5156,-1,5156,5089,5088,-1,5156,5088,5164,-1,5164,5088,5167,-1,5164,5167,5165,-1,5165,5167,5168,-1,5165,5168,5166,-1,1327,1326,5097,-1,5097,1326,5109,-1,5097,5109,5096,-1,5096,5109,5107,-1,5096,5107,5095,-1,5095,5107,5105,-1,5095,5105,5094,-1,5094,5105,5103,-1,5094,5103,1318,-1,1318,5103,1314,-1,1318,1314,1319,-1,1319,1314,1316,-1,1319,1316,5088,-1,5088,1316,5169,-1,5088,5169,5167,-1,1324,1323,5111,-1,5111,1323,5170,-1,5111,5170,5110,-1,5110,5170,5171,-1,5110,5171,5108,-1,5108,5171,5172,-1,5108,5172,5106,-1,5106,5172,5173,-1,5106,5173,5104,-1,5104,5173,5174,-1,5104,5174,5102,-1,5102,5174,5175,-1,5102,5175,1315,-1,1315,5175,5176,-1,1315,5176,1316,-1,1316,5176,5177,-1,1316,5177,5169,-1,5178,5179,5180,-1,5180,5179,5181,-1,5180,5181,5182,-1,5182,5181,5183,-1,5182,5183,5184,-1,5184,5183,5185,-1,5184,5185,5186,-1,5186,5185,5187,-1,5186,5187,5188,-1,5188,5187,5189,-1,5188,5189,5190,-1,5190,5189,5191,-1,5190,5191,5192,-1,5192,5191,5193,-1,5192,5193,5194,-1,5194,5193,5195,-1,1964,5196,1966,-1,1966,5196,5197,-1,1966,5197,1968,-1,1968,5197,5198,-1,1968,5198,1970,-1,1970,5198,5199,-1,1970,5199,1972,-1,5196,5112,5197,-1,5197,5112,5113,-1,5197,5113,5198,-1,5198,5113,5114,-1,5198,5114,5199,-1,5199,5114,5115,-1,5199,5115,1972,-1,1972,5115,5200,-1,1972,5200,1973,-1,5201,5202,5203,-1,5203,5202,5204,-1,5203,5204,5205,-1,5205,5204,5206,-1,5205,5206,5207,-1,5207,5206,5208,-1,5207,5208,5209,-1,5209,5208,5210,-1,5209,5210,5211,-1,5211,5210,5212,-1,5211,5212,5213,-1,5213,5212,5214,-1,5213,5214,5215,-1,5215,5214,5216,-1,5215,5216,5217,-1,5217,5216,5218,-1,5217,5218,5219,-1,5219,5218,5220,-1,5219,5220,5221,-1,5221,5220,5222,-1,5221,5222,5223,-1,5223,5222,5224,-1,5223,5224,5225,-1,5225,5224,5226,-1,5225,5226,5227,-1,5227,5226,5228,-1,5227,5228,5229,-1,5229,5228,5230,-1,5229,5230,5231,-1,5231,5230,5232,-1,5231,5232,5233,-1,5233,5232,5234,-1,5233,5234,5235,-1,5235,5234,5236,-1,5237,5238,5239,-1,5239,5238,5240,-1,5239,5240,5241,-1,5241,5240,5242,-1,5241,5242,5243,-1,5243,5242,5244,-1,5243,5244,5245,-1,5245,5244,5246,-1,5245,5246,5247,-1,5247,5246,5248,-1,5247,5248,5249,-1,5249,5248,5250,-1,5238,5163,5240,-1,5240,5163,5162,-1,5240,5162,5242,-1,5242,5162,5166,-1,5242,5166,5244,-1,5244,5166,5168,-1,5244,5168,5246,-1,5246,5168,5167,-1,5246,5167,5248,-1,5248,5167,5169,-1,5248,5169,5250,-1,5250,5169,5177,-1,5250,5177,5251,-1,1325,5195,1323,-1,1323,5195,5193,-1,1323,5193,5170,-1,5170,5193,5191,-1,5170,5191,5171,-1,5171,5191,5189,-1,5171,5189,5172,-1,5172,5189,5187,-1,5172,5187,5173,-1,5173,5187,5185,-1,5173,5185,5174,-1,5174,5185,5183,-1,5174,5183,5175,-1,5175,5183,5181,-1,5175,5181,5176,-1,5176,5181,5179,-1,5176,5179,5177,-1,5177,5179,5178,-1,5177,5178,5251,-1,5252,1963,5253,-1,5253,1963,1965,-1,5253,1965,5254,-1,5254,1965,1967,-1,5254,1967,5255,-1,5255,1967,1969,-1,5255,1969,5256,-1,5256,1969,1971,-1,5256,1971,5257,-1,5257,1971,1973,-1,5257,1973,5258,-1,5258,1973,5200,-1,5258,5200,5259,-1,5202,5121,5204,-1,5204,5121,5123,-1,5204,5123,5206,-1,5206,5123,5125,-1,5206,5125,5208,-1,5208,5125,5127,-1,5208,5127,5210,-1,5210,5127,5129,-1,5210,5129,5212,-1,5212,5129,5131,-1,5212,5131,5214,-1,5214,5131,5133,-1,5214,5133,5216,-1,5216,5133,5135,-1,5216,5135,5218,-1,5218,5135,5137,-1,5218,5137,5220,-1,5220,5137,5139,-1,5220,5139,5222,-1,5222,5139,5141,-1,5222,5141,5224,-1,5224,5141,5143,-1,5224,5143,5226,-1,5226,5143,5145,-1,5226,5145,5228,-1,5228,5145,5147,-1,5228,5147,5230,-1,5230,5147,5149,-1,5230,5149,5232,-1,5232,5149,5151,-1,5232,5151,5234,-1,5234,5151,5153,-1,5234,5153,5236,-1,5236,5153,5154,-1,5260,5261,5262,-1,5262,5261,5263,-1,5262,5263,5264,-1,5264,5263,5265,-1,5264,5265,5266,-1,5266,5265,5267,-1,5266,5267,5268,-1,5268,5267,5269,-1,5268,5269,5270,-1,5270,5269,5271,-1,5270,5271,5272,-1,5272,5271,5273,-1,5272,5273,5274,-1,5274,5273,5275,-1,5274,5275,5276,-1,5276,5275,5277,-1,5276,5277,5278,-1,5278,5277,5279,-1,5278,5279,5280,-1,5280,5279,5281,-1,5280,5281,5282,-1,5282,5281,5283,-1,5282,5283,5284,-1,5284,5283,5285,-1,5284,5285,5286,-1,5286,5285,5287,-1,5286,5287,5288,-1,5288,5287,5289,-1,5288,5289,5290,-1,5290,5289,5291,-1,5290,5291,5292,-1,5292,5291,5293,-1,1337,1336,5294,-1,5294,1336,5295,-1,5294,5295,5296,-1,5296,5295,5297,-1,5296,5297,5298,-1,5298,5297,5299,-1,5298,5299,5300,-1,5300,5299,5301,-1,5300,5301,5302,-1,5302,5301,5303,-1,5302,5303,5304,-1,5304,5303,5305,-1,5304,5305,5306,-1,5306,5305,5307,-1,5306,5307,5308,-1,5308,5307,5309,-1,5308,5309,5310,-1,5310,5309,5311,-1,5310,5311,5312,-1,5312,5311,5313,-1,5312,5313,5314,-1,5314,5313,5315,-1,5314,5315,5316,-1,1335,1334,5317,-1,5317,1334,5318,-1,5317,5318,4990,-1,4990,5318,5319,-1,4990,5319,4988,-1,4988,5319,5320,-1,4988,5320,4986,-1,4986,5320,5321,-1,4986,5321,5322,-1,5322,5321,5323,-1,5322,5323,5324,-1,5324,5323,5325,-1,5324,5325,5326,-1,5326,5325,5327,-1,5326,5327,5328,-1,5328,5327,5329,-1,5328,5329,5330,-1,5330,5329,5331,-1,5330,5331,5332,-1,5332,5331,5333,-1,5332,5333,5334,-1,5334,5333,5335,-1,5334,5335,5336,-1,1333,1332,1334,-1,1334,1332,4992,-1,1334,4992,5318,-1,5318,4992,4994,-1,5318,4994,5319,-1,5319,4994,5089,-1,5319,5089,5320,-1,5320,5089,5155,-1,5320,5155,5321,-1,5321,5155,5157,-1,5321,5157,5323,-1,5323,5157,5159,-1,5323,5159,5325,-1,5325,5159,5161,-1,5325,5161,5327,-1,5327,5161,5163,-1,5327,5163,5329,-1,5329,5163,5238,-1,5329,5238,5331,-1,5331,5238,5237,-1,5331,5237,5333,-1,5333,5237,5337,-1,5333,5337,5335,-1,5251,5338,5250,-1,5250,5338,5339,-1,5250,5339,5249,-1,5249,5339,5340,-1,5249,5340,5247,-1,5247,5340,5341,-1,5247,5341,5245,-1,5245,5341,5342,-1,5245,5342,5243,-1,5243,5342,5343,-1,5243,5343,5241,-1,5241,5343,5344,-1,5241,5344,5239,-1,5239,5344,5345,-1,5239,5345,5237,-1,5237,5345,5346,-1,5237,5346,5337,-1,5337,5346,5347,-1,5337,5347,5335,-1,5335,5347,5348,-1,5335,5348,5336,-1,5336,5348,5349,-1,5317,4969,1335,-1,1335,4969,4970,-1,1335,4970,1333,-1,1333,4970,4971,-1,1333,4971,1330,-1,1330,4971,4972,-1,1330,4972,1331,-1,1331,4972,4973,-1,1331,4973,5093,-1,5093,4973,4974,-1,5093,4974,1327,-1,1327,4974,4975,-1,1327,4975,1328,-1,1328,4975,4976,-1,1328,4976,1324,-1,1324,4976,4977,-1,1324,4977,1325,-1,1325,4977,1321,-1,1325,1321,5195,-1,5195,1321,1320,-1,5195,1320,5194,-1,5194,1320,5350,-1,5194,5350,5192,-1,5192,5350,5351,-1,5192,5351,5190,-1,5190,5351,5352,-1,5190,5352,5188,-1,5188,5352,5353,-1,5188,5353,5186,-1,5186,5353,5354,-1,5186,5354,5184,-1,5184,5354,5355,-1,5184,5355,5182,-1,5182,5355,5356,-1,5182,5356,5180,-1,5180,5356,5357,-1,5180,5357,5178,-1,5178,5357,5358,-1,5178,5358,5251,-1,5251,5358,5359,-1,5251,5359,5338,-1,1309,5360,1310,-1,1310,5360,5361,-1,1310,5361,5362,-1,5362,5361,5363,-1,5362,5363,5364,-1,5364,5363,5365,-1,5364,5365,5366,-1,5366,5365,5367,-1,5366,5367,5368,-1,5368,5367,5369,-1,5368,5369,5370,-1,5370,5369,5371,-1,5360,5372,5361,-1,5361,5372,5373,-1,5361,5373,5363,-1,5363,5373,5374,-1,5363,5374,5365,-1,5365,5374,5375,-1,5365,5375,5367,-1,5367,5375,5376,-1,5367,5376,5369,-1,5369,5376,5377,-1,5369,5377,5371,-1,5371,5377,5378,-1,5371,5378,5379,-1,5380,5260,5381,-1,5381,5260,5262,-1,5381,5262,5382,-1,5382,5262,5264,-1,5382,5264,5383,-1,5383,5264,5266,-1,5383,5266,5384,-1,5384,5266,5268,-1,5384,5268,5385,-1,5385,5268,5270,-1,5385,5270,5386,-1,5386,5270,5272,-1,5386,5272,5387,-1,5387,5272,5274,-1,5387,5274,5388,-1,5388,5274,5276,-1,5388,5276,5389,-1,5389,5276,5278,-1,5389,5278,5390,-1,5390,5278,5280,-1,5390,5280,5391,-1,5391,5280,5282,-1,5391,5282,5392,-1,5392,5282,5284,-1,5392,5284,5393,-1,5393,5284,5286,-1,5393,5286,5394,-1,5394,5286,5288,-1,5394,5288,5395,-1,5395,5288,5290,-1,5395,5290,5396,-1,5396,5290,5292,-1,5397,5398,5399,-1,5399,5398,5400,-1,5399,5400,5401,-1,5401,5400,5402,-1,5401,5402,5403,-1,5403,5402,5404,-1,5403,5404,5405,-1,5405,5404,5406,-1,5405,5406,5407,-1,5407,5406,5408,-1,5407,5408,5409,-1,5409,5408,5410,-1,5409,5410,5411,-1,5411,5410,5412,-1,5411,5412,5413,-1,5413,5412,5414,-1,5413,5414,5415,-1,5415,5414,5416,-1,5415,5416,5417,-1,5417,5416,5418,-1,5417,5418,5419,-1,5419,5418,5420,-1,5398,5349,5400,-1,5400,5349,5348,-1,5400,5348,5402,-1,5402,5348,5347,-1,5402,5347,5404,-1,5404,5347,5346,-1,5404,5346,5406,-1,5406,5346,5345,-1,5406,5345,5408,-1,5408,5345,5344,-1,5408,5344,5410,-1,5410,5344,5343,-1,5410,5343,5412,-1,5412,5343,5342,-1,5412,5342,5414,-1,5414,5342,5341,-1,5414,5341,5416,-1,5416,5341,5340,-1,5416,5340,5418,-1,5418,5340,5339,-1,5418,5339,5420,-1,5420,5339,5338,-1,5420,5338,5421,-1,5421,5338,5359,-1,5421,5359,5422,-1,1308,1310,1975,-1,1975,1310,5362,-1,1975,5362,1977,-1,1977,5362,5364,-1,1977,5364,1979,-1,1979,5364,5366,-1,1979,5366,1981,-1,1981,5366,5368,-1,1981,5368,1983,-1,1983,5368,5370,-1,1983,5370,1985,-1,1985,5370,5371,-1,1985,5371,1987,-1,1987,5371,5379,-1,1987,5379,1989,-1,5360,5252,5372,-1,5372,5252,5253,-1,5372,5253,5373,-1,5373,5253,5254,-1,5373,5254,5374,-1,5374,5254,5255,-1,5374,5255,5375,-1,5375,5255,5256,-1,5375,5256,5376,-1,5376,5256,5257,-1,5376,5257,5377,-1,5377,5257,5258,-1,5377,5258,5378,-1,5378,5258,5259,-1,5378,5259,5379,-1,5379,5259,5423,-1,5379,5423,1989,-1,1989,5423,5424,-1,1989,5424,1990,-1,5235,5293,5233,-1,5233,5293,5291,-1,5233,5291,5231,-1,5231,5291,5289,-1,5231,5289,5229,-1,5229,5289,5287,-1,5229,5287,5227,-1,5227,5287,5285,-1,5227,5285,5225,-1,5225,5285,5283,-1,5225,5283,5223,-1,5223,5283,5281,-1,5223,5281,5221,-1,5221,5281,5279,-1,5221,5279,5219,-1,5219,5279,5277,-1,5219,5277,5217,-1,5217,5277,5275,-1,5217,5275,5215,-1,5215,5275,5273,-1,5215,5273,5213,-1,5213,5273,5271,-1,5213,5271,5211,-1,5211,5271,5269,-1,5211,5269,5209,-1,5209,5269,5267,-1,5209,5267,5207,-1,5207,5267,5265,-1,5207,5265,5205,-1,5205,5265,5263,-1,5205,5263,5203,-1,5203,5263,5261,-1,5203,5261,5201,-1,5201,5261,5260,-1,5201,5260,5425,-1,5425,5260,5380,-1,5425,5380,5426,-1,1625,1624,5427,-1,5427,1624,5428,-1,5427,5428,5429,-1,5429,5428,5430,-1,5429,5430,5431,-1,5431,5430,5432,-1,5431,5432,5433,-1,5433,5432,5434,-1,5433,5434,5435,-1,5435,5434,5436,-1,5435,5436,5437,-1,5437,5436,5438,-1,5437,5438,5439,-1,5439,5438,5440,-1,5439,5440,5441,-1,5441,5440,5442,-1,5441,5442,5443,-1,5443,5442,5444,-1,5443,5444,5445,-1,5445,5444,5446,-1,5445,5446,5447,-1,5447,5446,5448,-1,5447,5448,5449,-1,5449,5448,5450,-1,5449,5450,5451,-1,5451,5450,5452,-1,5451,5452,5453,-1,5453,5452,5454,-1,5453,5454,5455,-1,5455,5454,5456,-1,5455,5456,5457,-1,5457,5456,5458,-1,5457,5458,5459,-1,5459,5458,1342,-1,5459,1342,5460,-1,5460,1342,1344,-1,5460,1344,1347,-1,1347,1344,1350,-1,1347,1350,1345,-1,1345,1350,1349,-1,1345,1349,4902,-1,4902,1349,4881,-1,4902,4881,4904,-1,4904,4881,4883,-1,4904,4883,4906,-1,4906,4883,4885,-1,4906,4885,4908,-1,5014,5013,5098,-1,5098,5013,5120,-1,5098,5120,5115,-1,5115,5120,1312,-1,5115,1312,5200,-1,5200,1312,1311,-1,5200,1311,5259,-1,5259,1311,5461,-1,5259,5461,5423,-1,5423,5461,5462,-1,5423,5462,5424,-1,5424,5462,5463,-1,5424,5463,5464,-1,1361,1360,4985,-1,4985,1360,4996,-1,4985,4996,4984,-1,4984,4996,4998,-1,4984,4998,4983,-1,4983,4998,5000,-1,4983,5000,4982,-1,4982,5000,5002,-1,4982,5002,4981,-1,4981,5002,5004,-1,4981,5004,4980,-1,4980,5004,5006,-1,4980,5006,4979,-1,4979,5006,5008,-1,4979,5008,4978,-1,4978,5008,5010,-1,4978,5010,1322,-1,1322,5010,5012,-1,1322,5012,1320,-1,1320,5012,5014,-1,1320,5014,5350,-1,5350,5014,5099,-1,5350,5099,5351,-1,5351,5099,5101,-1,5351,5101,5352,-1,5352,5101,5112,-1,5352,5112,5353,-1,5353,5112,5196,-1,5353,5196,5354,-1,5354,5196,1964,-1,5354,1964,5355,-1,5355,1964,1963,-1,5355,1963,5356,-1,5356,1963,5252,-1,5356,5252,5357,-1,5357,5252,5360,-1,5357,5360,5358,-1,5358,5360,1309,-1,5358,1309,5359,-1,5359,1309,1308,-1,5359,1308,5422,-1,5422,1308,1974,-1,5422,1974,5465,-1,5465,1974,1976,-1,5465,1976,5466,-1,5466,1976,1978,-1,5466,1978,5467,-1,5467,1978,1980,-1,5467,1980,5468,-1,5468,1980,1982,-1,5468,1982,5469,-1,5469,1982,1984,-1,5469,1984,5470,-1,5470,1984,1986,-1,5470,1986,5471,-1,5471,1986,1988,-1,5471,1988,5472,-1,5472,1988,1990,-1,5472,1990,5473,-1,5473,1990,5424,-1,5473,5424,1303,-1,1303,5424,5464,-1,1303,5464,1304,-1,1355,1354,5087,-1,5087,1354,5152,-1,5087,5152,5086,-1,5086,5152,5150,-1,5086,5150,5085,-1,5085,5150,5148,-1,5085,5148,5084,-1,5084,5148,5146,-1,5084,5146,5083,-1,5083,5146,5144,-1,5083,5144,5082,-1,5082,5144,5142,-1,5082,5142,5081,-1,5081,5142,5140,-1,5081,5140,5080,-1,5080,5140,5138,-1,5080,5138,5079,-1,5079,5138,5136,-1,5079,5136,5078,-1,5078,5136,5134,-1,5078,5134,5077,-1,5077,5134,5132,-1,5077,5132,5076,-1,5076,5132,5130,-1,5076,5130,1631,-1,1631,5130,5128,-1,1631,5128,5116,-1,5116,5128,5126,-1,5116,5126,5117,-1,5117,5126,5124,-1,5117,5124,1313,-1,1313,5124,5122,-1,1313,5122,1311,-1,1311,5122,5121,-1,1311,5121,5461,-1,5461,5121,5202,-1,5461,5202,5462,-1,5462,5202,5201,-1,5462,5201,5463,-1,5463,5201,5425,-1,5463,5425,5464,-1,5464,5425,5426,-1,5464,5426,1304,-1,1300,1299,5474,-1,5474,1299,5475,-1,5474,5475,5476,-1,5476,5475,5477,-1,5476,5477,5478,-1,5478,5477,5479,-1,5478,5479,5480,-1,5480,5479,5481,-1,5480,5481,5482,-1,5482,5481,5316,-1,5482,5316,5483,-1,5483,5316,5315,-1,5483,5315,5484,-1,5484,5315,5313,-1,5484,5313,5485,-1,5485,5313,5311,-1,5485,5311,5486,-1,5486,5311,5309,-1,5486,5309,5487,-1,5487,5309,5307,-1,5487,5307,5488,-1,5488,5307,5305,-1,5488,5305,5489,-1,5489,5305,5303,-1,5489,5303,5490,-1,5490,5303,5301,-1,5490,5301,5491,-1,5491,5301,5299,-1,5491,5299,5492,-1,5492,5299,5297,-1,5492,5297,4987,-1,4987,5297,5295,-1,4987,5295,4989,-1,4989,5295,1336,-1,4989,1336,4990,-1,4990,1336,1338,-1,4990,1338,5317,-1,5317,1338,1341,-1,5317,1341,4969,-1,4969,1341,1340,-1,4969,1340,4941,-1,4941,1340,4928,-1,4941,4928,4942,-1,4942,4928,4930,-1,4942,4930,4910,-1,4910,4930,4932,-1,4910,4932,4911,-1,4911,4932,4934,-1,4911,4934,4886,-1,4886,4934,4936,-1,4886,4936,4887,-1,4887,4936,4938,-1,4887,4938,1636,-1,1636,4938,4940,-1,1636,4940,1634,-1,5493,5494,5495,-1,5495,5494,5496,-1,5495,5496,5497,-1,5497,5496,5498,-1,5497,5498,5499,-1,5499,5498,5500,-1,5499,5500,5501,-1,5501,5500,5502,-1,5501,5502,5503,-1,5503,5502,5504,-1,5503,5504,5505,-1,5505,5504,5506,-1,5505,5506,5507,-1,5507,5506,5508,-1,5507,5508,5509,-1,5509,5508,5510,-1,5509,5510,5511,-1,5511,5510,5512,-1,5511,5512,5513,-1,5513,5512,5514,-1,5513,5514,5515,-1,5515,5514,5516,-1,5515,5516,5517,-1,5517,5516,5518,-1,5517,5518,5519,-1,5519,5518,5520,-1,5519,5520,5521,-1,5521,5520,5522,-1,5521,5522,5523,-1,5523,5522,5524,-1,5523,5524,5525,-1,5525,5524,5526,-1,5494,5527,5496,-1,5496,5527,5528,-1,5496,5528,5498,-1,5498,5528,5529,-1,5498,5529,5500,-1,5500,5529,5530,-1,5500,5530,5502,-1,5502,5530,5531,-1,5502,5531,5504,-1,5504,5531,5532,-1,5504,5532,5506,-1,5506,5532,5533,-1,5506,5533,5508,-1,5508,5533,5534,-1,5508,5534,5510,-1,5510,5534,5535,-1,5510,5535,5512,-1,5512,5535,5536,-1,5512,5536,5514,-1,5514,5536,5537,-1,5514,5537,5516,-1,5516,5537,5538,-1,5516,5538,5518,-1,5518,5538,5539,-1,5518,5539,5520,-1,5520,5539,5540,-1,5520,5540,5522,-1,5522,5540,5541,-1,5522,5541,5524,-1,5524,5541,5542,-1,5524,5542,5526,-1,5543,5544,5545,-1,5545,5544,1298,-1,5545,1298,5546,-1,5546,1298,1297,-1,5546,1297,5547,-1,5548,5543,5549,-1,5549,5543,5545,-1,5549,5545,5550,-1,5550,5545,5546,-1,5551,5552,5553,-1,5553,5552,5554,-1,5553,5554,5555,-1,5555,5554,5556,-1,5555,5556,5557,-1,5557,5556,5558,-1,5557,5558,5559,-1,5559,5558,5560,-1,5559,5560,5561,-1,5561,5560,5562,-1,5561,5562,5563,-1,5563,5562,5564,-1,5563,5564,5565,-1,5565,5564,5566,-1,5565,5566,5567,-1,5567,5566,5568,-1,5567,5568,5569,-1,5569,5568,5570,-1,5569,5570,5571,-1,5571,5570,5572,-1,5571,5572,5573,-1,5573,5572,5574,-1,5573,5574,5575,-1,5575,5574,5576,-1,5575,5576,5577,-1,5577,5576,5578,-1,5577,5578,5579,-1,5579,5578,5580,-1,5579,5580,5581,-1,5581,5580,5582,-1,5581,5582,5583,-1,5583,5582,5584,-1,5583,5584,5585,-1,5585,5584,5586,-1,5552,5493,5554,-1,5554,5493,5495,-1,5554,5495,5556,-1,5556,5495,5497,-1,5556,5497,5558,-1,5558,5497,5499,-1,5558,5499,5560,-1,5560,5499,5501,-1,5560,5501,5562,-1,5562,5501,5503,-1,5562,5503,5564,-1,5564,5503,5505,-1,5564,5505,5566,-1,5566,5505,5507,-1,5566,5507,5568,-1,5568,5507,5509,-1,5568,5509,5570,-1,5570,5509,5511,-1,5570,5511,5572,-1,5572,5511,5513,-1,5572,5513,5574,-1,5574,5513,5515,-1,5574,5515,5576,-1,5576,5515,5517,-1,5576,5517,5578,-1,5578,5517,5519,-1,5578,5519,5580,-1,5580,5519,5521,-1,5580,5521,5582,-1,5582,5521,5523,-1,5582,5523,5584,-1,5584,5523,5525,-1,5584,5525,5586,-1,5586,5525,5526,-1,5586,5526,5587,-1,5588,1296,5589,-1,5589,1296,1298,-1,5589,1298,5590,-1,5590,1298,5544,-1,5590,5544,5591,-1,5591,5544,5543,-1,5591,5543,5592,-1,5592,5543,5548,-1,5592,5548,1306,-1,5587,5593,5594,-1,1306,1305,5592,-1,5592,1305,5595,-1,5592,5595,5591,-1,5591,5595,5596,-1,5591,5596,5590,-1,5590,5596,5597,-1,5590,5597,5589,-1,5589,5597,5598,-1,5589,5598,5588,-1,5587,5594,5586,-1,5586,5594,5599,-1,5586,5599,5585,-1,5585,5599,5600,-1,5585,5600,5583,-1,5583,5600,5601,-1,5583,5601,5581,-1,5581,5601,5602,-1,5581,5602,5579,-1,5579,5602,5603,-1,5579,5603,5577,-1,5577,5603,5604,-1,5577,5604,5575,-1,5575,5604,5605,-1,5575,5605,5573,-1,5573,5605,5606,-1,5573,5606,5571,-1,5571,5606,5607,-1,5571,5607,5569,-1,5569,5607,5608,-1,5569,5608,5567,-1,5567,5608,5609,-1,5567,5609,5565,-1,5565,5609,5610,-1,5565,5610,5563,-1,5563,5610,5611,-1,5563,5611,5561,-1,5561,5611,5612,-1,5561,5612,5559,-1,5559,5612,5613,-1,5559,5613,5557,-1,5557,5613,5614,-1,5557,5614,5555,-1,5555,5614,5615,-1,5555,5615,5553,-1,5553,5615,5616,-1,5553,5616,5551,-1,5593,5617,5618,-1,5619,5588,5620,-1,5620,5588,5598,-1,5620,5598,5621,-1,5621,5598,5597,-1,5621,5597,5622,-1,5622,5597,5596,-1,5622,5596,5623,-1,5623,5596,5595,-1,5623,5595,5624,-1,5624,5595,1305,-1,5624,1305,5625,-1,5625,1305,1307,-1,5625,1307,5626,-1,5627,5619,1623,-1,1623,5619,5620,-1,1623,5620,1621,-1,1621,5620,5621,-1,1621,5621,5628,-1,5628,5621,5622,-1,5628,5622,5629,-1,5629,5622,5623,-1,5629,5623,5630,-1,5630,5623,5624,-1,5630,5624,5631,-1,5631,5624,5625,-1,5631,5625,5632,-1,5632,5625,5626,-1,5632,5626,5633,-1,1622,1621,5634,-1,5634,1621,5628,-1,5634,5628,5635,-1,5635,5628,5629,-1,5635,5629,5636,-1,5636,5629,5630,-1,5636,5630,5637,-1,5637,5630,5631,-1,5637,5631,5638,-1,5638,5631,5632,-1,5638,5632,5639,-1,5639,5632,5633,-1,5639,5633,5640,-1,5593,5618,5594,-1,5594,5618,5641,-1,5594,5641,5599,-1,5599,5641,5642,-1,5599,5642,5600,-1,5600,5642,5643,-1,5600,5643,5601,-1,5601,5643,5644,-1,5601,5644,5602,-1,5602,5644,5645,-1,5602,5645,5603,-1,5603,5645,5646,-1,5603,5646,5604,-1,5604,5646,5647,-1,5604,5647,5605,-1,5605,5647,5648,-1,5605,5648,5606,-1,5606,5648,5649,-1,5606,5649,5607,-1,5607,5649,5650,-1,5607,5650,5608,-1,5608,5650,5651,-1,5608,5651,5609,-1,5609,5651,5652,-1,5609,5652,5610,-1,5610,5652,5653,-1,5610,5653,5611,-1,5611,5653,5654,-1,5611,5654,5612,-1,5612,5654,5655,-1,5612,5655,5613,-1,5613,5655,5656,-1,5613,5656,5614,-1,5614,5656,5657,-1,5614,5657,5615,-1,5615,5657,5658,-1,5615,5658,5616,-1,5616,5658,5659,-1,5616,5659,5551,-1,1285,1991,5660,-1,5660,1991,1992,-1,5660,1992,5661,-1,5661,1992,1993,-1,5661,1993,5662,-1,5527,5663,5528,-1,5528,5663,5664,-1,5528,5664,5529,-1,5529,5664,5665,-1,5529,5665,5530,-1,5530,5665,5666,-1,5530,5666,5531,-1,5531,5666,5667,-1,5531,5667,5532,-1,5532,5667,5668,-1,5532,5668,5533,-1,5533,5668,5669,-1,5533,5669,5534,-1,5534,5669,5670,-1,5534,5670,5535,-1,5535,5670,5671,-1,5535,5671,5536,-1,5536,5671,5672,-1,5536,5672,5537,-1,5537,5672,5673,-1,5537,5673,5538,-1,5538,5673,5674,-1,5538,5674,5539,-1,5539,5674,5675,-1,5539,5675,5540,-1,5540,5675,5676,-1,5540,5676,5541,-1,5541,5676,5677,-1,5541,5677,5542,-1,5542,5677,5547,-1,5542,5547,5526,-1,5526,5547,1297,-1,5526,1297,5587,-1,5587,1297,1296,-1,5587,1296,5593,-1,5593,1296,5588,-1,5593,5588,5617,-1,5617,5588,5619,-1,5617,5619,5678,-1,5678,5619,5627,-1,5678,5627,5679,-1,5640,5680,5639,-1,5639,5680,5681,-1,5639,5681,5638,-1,5638,5681,5682,-1,5638,5682,5637,-1,5637,5682,5683,-1,5637,5683,5636,-1,5636,5683,5684,-1,5636,5684,5635,-1,5635,5684,5685,-1,5635,5685,5634,-1,5634,5685,5686,-1,5634,5686,1622,-1,1622,5686,5687,-1,1622,5687,1623,-1,1623,5687,5688,-1,1623,5688,5627,-1,1619,1618,5689,-1,1295,1294,5690,-1,1618,5691,5689,-1,5689,5691,5692,-1,5689,5692,5693,-1,5693,5692,5694,-1,5693,5694,5695,-1,5695,5694,5690,-1,5695,5690,5696,-1,5696,5690,1294,-1,5697,5662,5698,-1,5698,5662,1993,-1,5698,1993,5699,-1,5699,1993,1279,-1,5699,1279,5700,-1,5700,1279,1278,-1,5700,1278,5701,-1,5702,5703,5704,-1,5704,5703,5705,-1,5704,5705,5706,-1,5706,5705,5707,-1,5706,5707,5708,-1,5708,5707,5709,-1,5708,5709,5710,-1,5710,5709,5711,-1,5710,5711,5712,-1,5712,5711,5713,-1,5712,5713,5714,-1,5714,5713,5715,-1,5714,5715,5716,-1,5716,5715,5717,-1,5716,5717,5718,-1,5718,5717,5719,-1,5718,5719,1301,-1,1301,5719,1626,-1,1301,1626,1299,-1,1299,1626,1625,-1,1299,1625,5475,-1,5475,1625,5427,-1,5475,5427,5477,-1,5477,5427,5429,-1,5477,5429,5479,-1,5479,5429,5431,-1,5479,5431,5481,-1,5481,5431,5433,-1,5481,5433,5316,-1,5316,5433,5435,-1,5316,5435,5314,-1,5314,5435,5437,-1,5314,5437,5312,-1,5312,5437,5439,-1,5312,5439,5310,-1,5310,5439,5441,-1,5310,5441,5308,-1,5308,5441,5443,-1,5308,5443,5306,-1,5306,5443,5445,-1,5306,5445,5304,-1,5304,5445,5447,-1,5304,5447,5302,-1,5302,5447,5449,-1,5302,5449,5300,-1,5300,5449,5451,-1,5300,5451,5298,-1,5298,5451,5453,-1,5298,5453,5296,-1,5296,5453,5455,-1,5296,5455,5294,-1,5294,5455,5457,-1,5294,5457,1337,-1,1337,5457,5459,-1,1337,5459,1338,-1,1338,5459,5460,-1,1338,5460,1341,-1,1341,5460,1347,-1,1341,1347,1339,-1,1339,1347,1346,-1,1339,1346,4929,-1,4929,1346,4901,-1,4929,4901,4931,-1,4931,4901,4903,-1,4931,4903,4933,-1,4933,4903,4905,-1,4933,4905,4935,-1,4935,4905,4907,-1,4935,4907,4937,-1,4937,4907,4909,-1,4937,4909,4939,-1,1292,1291,1294,-1,1294,1291,5720,-1,1294,5720,5696,-1,5696,5720,5721,-1,5696,5721,5695,-1,5722,1620,5723,-1,5723,1620,1619,-1,5723,1619,5724,-1,5724,1619,5689,-1,5724,5689,5725,-1,5725,5689,5693,-1,5725,5693,1276,-1,1276,5693,5695,-1,1276,5695,1277,-1,1277,5695,5721,-1,5726,5727,5728,-1,5728,5727,5729,-1,5728,5729,5730,-1,5730,5729,5731,-1,5730,5731,5732,-1,5732,5731,5733,-1,5732,5733,5734,-1,5734,5733,5735,-1,5734,5735,5736,-1,5737,5738,5739,-1,5739,5738,5702,-1,1488,2942,1489,-1,1489,2942,3059,-1,1489,3059,4793,-1,4793,3059,3150,-1,4793,3150,4792,-1,4792,3150,3146,-1,4792,3146,4791,-1,4791,3146,3139,-1,4791,3139,4790,-1,4790,3139,3141,-1,4790,3141,4789,-1,4789,3141,3143,-1,4789,3143,4788,-1,4788,3143,3184,-1,4788,3184,4787,-1,4787,3184,3183,-1,4787,3183,4786,-1,4786,3183,3246,-1,4786,3246,4785,-1,4785,3246,3245,-1,4785,3245,4784,-1,4784,3245,3287,-1,4784,3287,4783,-1,4783,3287,3286,-1,4783,3286,4782,-1,4782,3286,3377,-1,4782,3377,4781,-1,4781,3377,3376,-1,4781,3376,4780,-1,4780,3376,3450,-1,4780,3450,4779,-1,4779,3450,3449,-1,4779,3449,4778,-1,4778,3449,3484,-1,4778,3484,4777,-1,4777,3484,3483,-1,4777,3483,4776,-1,4776,3483,3554,-1,4776,3554,4775,-1,4775,3554,3565,-1,4775,3565,4774,-1,4774,3565,3612,-1,4774,3612,4773,-1,4773,3612,3687,-1,4773,3687,3811,-1,3811,3687,4215,-1,3811,4215,3809,-1,3809,4215,4216,-1,3809,4216,3807,-1,3807,4216,1663,-1,3807,1663,3805,-1,3805,1663,1665,-1,3805,1665,3803,-1,3803,1665,3753,-1,3803,3753,3801,-1,3801,3753,1657,-1,3801,1657,3799,-1,3799,1657,1659,-1,3799,1659,3797,-1,3797,1659,1654,-1,3797,1654,3795,-1,3795,1654,1656,-1,3795,1656,1431,-1,1431,1656,3823,-1,1431,3823,1432,-1,1432,3823,3853,-1,1432,3853,4182,-1,4182,3853,3855,-1,4182,3855,4180,-1,4180,3855,3859,-1,4180,3859,4178,-1,4178,3859,1648,-1,4178,1648,4176,-1,4176,1648,1650,-1,4176,1650,4174,-1,4174,1650,3887,-1,4174,3887,4172,-1,4172,3887,1410,-1,4172,1410,4170,-1,4170,1410,4289,-1,4170,4289,4168,-1,4168,4289,4291,-1,4168,4291,4166,-1,4166,4291,4293,-1,4166,4293,4164,-1,4164,4293,4295,-1,4164,4295,4162,-1,4162,4295,4297,-1,4162,4297,4160,-1,4160,4297,4299,-1,4160,4299,4158,-1,4158,4299,4301,-1,4158,4301,4156,-1,4156,4301,4303,-1,4156,4303,4154,-1,4154,4303,4305,-1,4154,4305,4152,-1,4152,4305,4307,-1,4152,4307,4150,-1,4150,4307,4309,-1,4150,4309,4148,-1,4148,4309,4311,-1,4148,4311,1383,-1,1383,4311,4313,-1,1383,4313,1384,-1,1384,4313,4315,-1,1384,4315,4772,-1,4772,4315,4317,-1,4772,4317,4771,-1,4771,4317,4573,-1,4771,4573,4770,-1,4770,4573,4572,-1,4770,4572,4769,-1,4769,4572,1640,-1,4769,1640,4768,-1,4768,1640,1641,-1,4768,1641,4767,-1,4767,1641,4693,-1,4767,4693,4766,-1,4766,4693,4692,-1,4766,4692,4765,-1,4765,4692,4801,-1,4765,4801,4764,-1,4764,4801,4794,-1,4764,4794,4763,-1,4763,4794,1906,-1,4763,1906,4762,-1,4762,1906,1368,-1,4762,1368,4761,-1,4761,1368,1367,-1,4761,1367,4828,-1,4828,1367,4847,-1,4828,4847,4860,-1,4860,4847,4845,-1,4860,4845,4858,-1,4858,4845,4843,-1,4858,4843,4884,-1,4884,4843,4841,-1,4884,4841,4885,-1,4885,4841,4839,-1,4885,4839,4908,-1,4908,4839,4837,-1,4908,4837,4909,-1,4909,4837,4835,-1,4909,4835,4939,-1,4939,4835,4833,-1,4939,4833,4940,-1,4940,4833,4831,-1,4940,4831,1634,-1,1634,4831,4830,-1,1634,4830,4861,-1,4861,4830,4851,-1,4861,4851,4894,-1,4894,4851,4855,-1,4894,4855,4900,-1,4900,4855,4877,-1,4900,4877,4899,-1,4899,4877,4876,-1,4899,4876,4898,-1,4898,4876,4875,-1,4898,4875,4897,-1,4897,4875,4874,-1,4897,4874,4896,-1,4896,4874,4873,-1,4896,4873,1366,-1,1366,4873,4872,-1,1366,4872,1363,-1,1363,4872,4871,-1,1363,4871,1364,-1,1364,4871,4870,-1,1364,4870,1361,-1,1361,4870,4869,-1,1361,4869,1358,-1,1358,4869,4868,-1,1358,4868,1359,-1,1359,4868,4867,-1,1359,4867,5038,-1,5038,4867,4866,-1,5038,4866,5039,-1,5039,4866,4865,-1,5039,4865,5062,-1,5062,4865,4864,-1,5062,4864,5063,-1,5063,4864,4863,-1,5063,4863,5075,-1,5075,4863,4862,-1,5075,4862,1355,-1,1355,4862,4857,-1,1355,4857,1356,-1,1356,4857,4856,-1,1356,4856,5154,-1,5154,4856,4878,-1,5154,4878,5236,-1,5236,4878,4879,-1,5236,4879,5235,-1,5235,4879,4880,-1,5235,4880,5293,-1,5293,4880,1343,-1,5293,1343,5292,-1,5292,1343,1342,-1,5292,1342,5396,-1,5396,1342,5458,-1,5396,5458,5395,-1,5395,5458,5456,-1,5395,5456,5394,-1,5394,5456,5454,-1,5394,5454,5393,-1,5393,5454,5452,-1,5393,5452,5392,-1,5392,5452,5450,-1,5392,5450,5391,-1,5391,5450,5448,-1,5391,5448,5390,-1,5390,5448,5446,-1,5390,5446,5389,-1,5389,5446,5444,-1,5389,5444,5388,-1,5388,5444,5442,-1,5388,5442,5387,-1,5387,5442,5440,-1,5387,5440,5386,-1,5386,5440,5438,-1,5386,5438,5385,-1,5385,5438,5436,-1,5385,5436,5384,-1,5384,5436,5434,-1,5384,5434,5383,-1,5383,5434,5432,-1,5383,5432,5382,-1,5382,5432,5430,-1,5382,5430,5381,-1,5381,5430,5428,-1,5381,5428,5380,-1,5380,5428,1624,-1,5380,1624,5426,-1,5426,1624,1626,-1,5426,1626,1304,-1,1304,1626,5719,-1,1304,5719,1302,-1,1302,5719,5717,-1,1302,5717,5740,-1,5740,5717,5715,-1,5740,5715,5741,-1,5741,5715,5713,-1,5741,5713,5742,-1,5742,5713,5711,-1,5742,5711,5743,-1,5743,5711,5709,-1,5743,5709,5744,-1,5744,5709,5707,-1,5744,5707,5745,-1,5745,5707,5705,-1,5745,5705,5746,-1,5746,5705,5703,-1,5746,5703,5738,-1,5738,5703,5702,-1,5747,5748,5749,-1,5749,5748,5750,-1,5749,5750,5751,-1,5751,5750,5752,-1,5751,5752,5753,-1,5753,5752,5754,-1,5753,5754,5755,-1,5756,1275,5757,-1,5757,1275,1277,-1,5757,1277,5758,-1,5758,1277,5721,-1,5758,5721,5759,-1,5759,5721,5720,-1,5759,5720,5760,-1,5760,5720,1291,-1,5760,1291,5761,-1,5761,1291,1293,-1,5761,1293,5762,-1,1290,1289,5763,-1,5763,1289,5764,-1,5763,5764,5765,-1,5765,5764,5766,-1,5765,5766,5767,-1,5767,5766,5768,-1,5767,5768,5769,-1,5769,5768,5770,-1,5769,5770,5771,-1,5754,5772,5755,-1,5755,5772,5773,-1,5755,5773,5774,-1,5774,5773,5775,-1,5774,5775,5776,-1,5777,5756,5778,-1,5778,5756,5757,-1,5778,5757,5771,-1,5771,5757,5758,-1,5771,5758,5769,-1,5769,5758,5759,-1,5769,5759,5767,-1,5767,5759,5760,-1,5767,5760,5765,-1,5765,5760,5761,-1,5765,5761,5763,-1,5763,5761,5762,-1,5763,5762,1290,-1,1287,1286,1289,-1,1289,1286,5779,-1,1289,5779,5764,-1,5764,5779,5780,-1,5764,5780,5766,-1,5766,5780,5781,-1,5766,5781,5768,-1,5768,5781,5782,-1,5768,5782,5770,-1,5770,5782,5783,-1,5770,5783,5771,-1,5771,5783,5784,-1,5771,5784,5778,-1,1274,1273,5785,-1,5785,1273,5786,-1,5785,5786,5787,-1,5776,5775,5788,-1,5788,5775,5789,-1,5788,5789,5790,-1,5790,5789,5791,-1,5790,5791,5792,-1,1270,1269,5793,-1,5793,1269,5794,-1,5793,5794,5795,-1,5795,5794,5796,-1,5795,5796,5797,-1,5797,5796,5798,-1,5797,5798,5799,-1,5799,5798,5800,-1,5799,5800,5801,-1,5801,5800,5802,-1,5801,5802,5803,-1,5803,5802,5804,-1,5803,5804,5805,-1,5805,5804,5806,-1,5805,5806,5807,-1,5807,5806,5808,-1,5807,5808,5809,-1,1616,1615,5810,-1,1615,5811,5810,-1,5810,5811,5812,-1,5810,5812,5813,-1,5786,5814,5787,-1,5787,5814,5815,-1,5787,5815,5816,-1,1264,5792,1265,-1,1265,5792,5791,-1,1265,5791,5777,-1,5777,5791,5789,-1,5777,5789,5756,-1,5756,5789,5775,-1,5756,5775,1275,-1,1275,5775,5773,-1,1275,5773,1276,-1,1276,5773,5772,-1,1276,5772,5725,-1,5725,5772,5754,-1,5725,5754,5724,-1,5724,5754,5752,-1,5724,5752,5723,-1,5723,5752,5750,-1,5723,5750,5722,-1,5722,5750,5748,-1,1267,1266,5817,-1,5817,1266,5818,-1,5817,5818,5819,-1,5819,5818,5820,-1,5819,5820,5821,-1,5821,5820,5822,-1,5821,5822,5823,-1,5823,5822,5824,-1,5823,5824,5825,-1,5825,5824,5826,-1,5825,5826,5736,-1,5736,5826,5827,-1,5736,5827,5734,-1,5734,5827,5828,-1,5734,5828,5732,-1,5732,5828,5829,-1,5732,5829,5730,-1,5730,5829,5830,-1,5730,5830,5728,-1,5728,5830,5831,-1,5728,5831,5726,-1,5832,5833,5834,-1,5834,5833,5835,-1,5834,5835,5836,-1,5836,5835,5837,-1,5836,5837,5838,-1,5838,5837,5839,-1,5833,1617,5835,-1,5835,1617,1616,-1,5835,1616,5837,-1,5837,1616,5810,-1,5837,5810,5839,-1,5839,5810,5813,-1,5839,5813,5840,-1,5815,5841,5816,-1,5816,5841,5842,-1,5816,5842,5843,-1,1261,1263,1262,-1,1262,1263,1265,-1,1262,1265,5844,-1,5844,1265,5777,-1,5844,5777,1271,-1,1271,5777,5778,-1,1271,5778,1269,-1,1269,5778,5784,-1,1269,5784,5794,-1,5794,5784,5783,-1,5794,5783,5796,-1,5796,5783,5782,-1,5796,5782,5798,-1,5798,5782,5781,-1,5798,5781,5800,-1,5800,5781,5780,-1,5800,5780,5802,-1,5802,5780,5779,-1,5802,5779,5804,-1,5804,5779,1286,-1,5804,1286,5806,-1,5806,1286,1288,-1,5806,1288,5808,-1,5727,5845,5729,-1,5729,5845,5846,-1,5729,5846,5731,-1,5731,5846,5847,-1,5731,5847,5733,-1,5733,5847,5848,-1,5733,5848,5735,-1,5735,5848,5849,-1,5735,5849,5736,-1,5736,5849,5850,-1,5736,5850,5825,-1,5825,5850,5851,-1,5825,5851,5823,-1,5823,5851,5852,-1,5823,5852,5821,-1,5821,5852,5853,-1,5821,5853,5819,-1,5819,5853,5854,-1,5819,5854,5817,-1,5817,5854,5855,-1,5817,5855,1267,-1,1267,5855,5856,-1,1267,5856,1268,-1,1268,5856,5857,-1,1268,5857,5858,-1,5859,5832,5860,-1,5860,5832,5834,-1,5860,5834,5861,-1,5861,5834,5836,-1,5861,5836,5862,-1,5862,5836,5838,-1,5862,5838,5863,-1,5863,5838,5839,-1,5863,5839,5864,-1,5864,5839,5840,-1,5864,5840,5865,-1,5842,5866,5843,-1,5843,5866,5867,-1,5843,5867,5868,-1,5868,5867,5869,-1,5868,5869,5870,-1,1258,1260,1259,-1,1259,1260,1262,-1,1259,1262,5858,-1,5858,1262,5844,-1,5858,5844,1268,-1,1268,5844,1271,-1,1268,1271,1266,-1,1266,1271,1270,-1,1266,1270,5818,-1,5818,1270,5793,-1,5818,5793,5820,-1,5820,5793,5795,-1,5820,5795,5822,-1,5822,5795,5797,-1,5822,5797,5824,-1,5824,5797,5799,-1,5824,5799,5826,-1,5826,5799,5801,-1,5826,5801,5827,-1,5827,5801,5803,-1,5827,5803,5828,-1,5828,5803,5805,-1,5828,5805,5829,-1,5829,5805,5807,-1,5829,5807,5830,-1,5830,5807,5809,-1,5830,5809,5831,-1,5871,5872,5873,-1,5873,5872,5874,-1,5873,5874,5875,-1,5875,5874,5876,-1,5875,5876,5877,-1,5877,5876,5878,-1,5877,5878,5879,-1,5879,5878,5880,-1,5879,5880,5881,-1,5881,5880,5882,-1,5881,5882,5883,-1,5883,5882,5884,-1,5883,5884,5885,-1,5886,1257,5887,-1,5887,1257,1259,-1,5887,1259,5888,-1,5888,1259,5858,-1,5888,5858,5889,-1,5889,5858,5857,-1,5889,5857,5890,-1,5890,5857,5856,-1,5890,5856,5891,-1,5891,5856,5855,-1,5891,5855,5892,-1,5892,5855,5854,-1,5892,5854,5893,-1,5893,5854,5853,-1,5893,5853,5894,-1,5894,5853,5852,-1,5894,5852,5895,-1,5895,5852,5851,-1,5895,5851,5896,-1,5896,5851,5850,-1,5896,5850,5897,-1,5897,5850,5849,-1,5897,5849,5898,-1,5898,5849,5848,-1,5898,5848,5899,-1,5899,5848,5847,-1,5899,5847,5900,-1,5900,5847,5846,-1,5900,5846,5901,-1,5901,5846,5845,-1,1285,1284,1991,-1,1991,1284,5902,-1,1991,5902,1280,-1,1280,5902,5903,-1,1280,5903,1278,-1,1278,5903,5904,-1,1278,5904,5701,-1,5701,5904,5905,-1,5701,5905,5906,-1,5906,5905,5907,-1,5906,5907,5908,-1,5908,5907,5909,-1,5908,5909,5910,-1,5910,5909,5911,-1,5910,5911,5912,-1,5912,5911,5913,-1,5912,5913,5914,-1,5914,5913,5915,-1,5914,5915,5916,-1,5916,5915,5917,-1,5916,5917,5918,-1,5918,5917,5919,-1,5918,5919,5920,-1,5920,5919,5921,-1,5920,5921,5922,-1,5922,5921,5923,-1,5922,5923,5924,-1,5924,5923,5925,-1,5924,5925,5926,-1,5926,5925,5927,-1,5926,5927,5928,-1,5929,5930,5931,-1,5931,5930,5932,-1,5931,5932,5933,-1,5933,5932,5934,-1,5933,5934,5935,-1,5935,5934,5936,-1,5935,5936,5937,-1,5937,5936,5938,-1,5937,5938,5939,-1,5939,5938,5940,-1,5939,5940,5941,-1,5941,5940,5942,-1,5941,5942,5943,-1,5943,5942,5944,-1,5930,5871,5932,-1,5932,5871,5873,-1,5932,5873,5934,-1,5934,5873,5875,-1,5934,5875,5936,-1,5936,5875,5877,-1,5936,5877,5938,-1,5938,5877,5879,-1,5938,5879,5940,-1,5940,5879,5881,-1,5940,5881,5942,-1,5942,5881,5883,-1,5942,5883,5944,-1,5944,5883,5885,-1,5944,5885,5945,-1,5869,5946,5870,-1,5870,5946,5947,-1,5870,5947,5948,-1,5949,5950,5951,-1,5951,5950,5952,-1,5951,5952,5953,-1,5953,5952,5954,-1,5953,5954,5955,-1,5955,5954,5956,-1,5955,5956,5957,-1,5957,5956,5958,-1,5957,5958,5959,-1,5959,5958,5960,-1,5959,5960,5961,-1,5961,5960,5962,-1,5961,5962,5963,-1,5963,5962,5964,-1,5963,5964,5965,-1,5965,5964,5966,-1,5965,5966,5967,-1,5967,5966,5968,-1,5967,5968,5969,-1,5969,5968,5970,-1,5969,5970,5971,-1,5971,5970,5972,-1,5971,5972,5973,-1,5973,5972,5974,-1,5973,5974,5975,-1,5975,5974,5976,-1,5975,5976,5977,-1,1255,5886,1256,-1,1256,5886,5887,-1,1256,5887,5978,-1,5978,5887,5888,-1,5978,5888,5979,-1,5979,5888,5889,-1,5979,5889,5980,-1,5980,5889,5890,-1,5980,5890,5981,-1,5981,5890,5891,-1,5981,5891,5982,-1,5982,5891,5892,-1,5982,5892,5983,-1,5983,5892,5893,-1,5983,5893,5984,-1,5984,5893,5894,-1,5984,5894,5985,-1,5985,5894,5895,-1,5985,5895,5986,-1,5986,5895,5896,-1,5986,5896,5987,-1,5987,5896,5897,-1,5987,5897,5988,-1,5988,5897,5898,-1,5988,5898,5989,-1,5989,5898,5899,-1,5989,5899,5990,-1,5990,5899,5900,-1,5990,5900,5991,-1,5991,5900,5901,-1,1282,1281,1284,-1,1284,1281,5992,-1,1284,5992,5902,-1,5902,5992,5993,-1,5902,5993,5903,-1,5903,5993,5994,-1,5903,5994,5904,-1,5904,5994,5995,-1,5904,5995,5905,-1,5905,5995,5996,-1,5905,5996,5907,-1,5907,5996,5997,-1,5907,5997,5909,-1,5909,5997,5998,-1,5909,5998,5911,-1,5911,5998,5999,-1,5911,5999,5913,-1,5913,5999,6000,-1,5913,6000,5915,-1,5915,6000,6001,-1,5915,6001,5917,-1,5917,6001,6002,-1,5917,6002,5919,-1,5919,6002,6003,-1,5919,6003,5921,-1,5921,6003,6004,-1,5921,6004,5923,-1,5923,6004,6005,-1,5923,6005,5925,-1,5925,6005,6006,-1,5925,6006,5927,-1,5927,6006,6007,-1,5927,6007,5928,-1,5928,6007,6008,-1,5928,6008,6009,-1,6010,5929,6011,-1,6011,5929,5931,-1,6011,5931,6012,-1,6012,5931,5933,-1,6012,5933,6013,-1,6013,5933,5935,-1,6013,5935,6014,-1,6014,5935,5937,-1,6014,5937,6015,-1,6015,5937,5939,-1,6015,5939,6016,-1,6016,5939,5941,-1,6016,5941,6017,-1,6017,5941,5943,-1,6017,5943,6018,-1,6018,5943,5944,-1,6018,5944,6019,-1,6019,5944,5945,-1,6019,5945,6020,-1,5947,6021,5948,-1,5948,6021,6022,-1,5948,6022,6023,-1,6024,6025,6026,-1,6026,6025,6027,-1,6026,6027,6028,-1,6028,6027,6029,-1,6028,6029,6030,-1,6030,6029,6031,-1,6030,6031,6032,-1,6032,6031,6033,-1,6032,6033,6034,-1,6034,6033,6035,-1,6034,6035,6036,-1,6036,6035,6037,-1,6036,6037,6038,-1,6038,6037,6039,-1,6038,6039,6040,-1,6040,6039,6041,-1,6040,6041,6042,-1,6042,6041,6043,-1,6042,6043,6044,-1,6044,6043,6045,-1,6044,6045,6046,-1,6046,6045,6047,-1,6046,6047,6048,-1,6048,6047,6049,-1,6048,6049,6050,-1,6050,6049,6051,-1,6050,6051,6052,-1,6052,6051,6053,-1,6052,6053,6054,-1,6054,6053,6055,-1,6054,6055,6056,-1,6025,5949,6027,-1,6027,5949,5951,-1,6027,5951,6029,-1,6029,5951,5953,-1,6029,5953,6031,-1,6031,5953,5955,-1,6031,5955,6033,-1,6033,5955,5957,-1,6033,5957,6035,-1,6035,5957,5959,-1,6035,5959,6037,-1,6037,5959,5961,-1,6037,5961,6039,-1,6039,5961,5963,-1,6039,5963,6041,-1,6041,5963,5965,-1,6041,5965,6043,-1,6043,5965,5967,-1,6043,5967,6045,-1,6045,5967,5969,-1,6045,5969,6047,-1,6047,5969,5971,-1,6047,5971,6049,-1,6049,5971,5973,-1,6049,5973,6051,-1,6051,5973,5975,-1,6051,5975,6053,-1,6053,5975,5977,-1,6053,5977,6055,-1,1249,1254,1250,-1,1250,1254,1256,-1,1250,1256,6057,-1,6057,1256,5978,-1,6057,5978,6058,-1,6058,5978,5979,-1,6058,5979,6059,-1,6059,5979,5980,-1,6059,5980,6060,-1,6060,5980,5981,-1,6060,5981,6061,-1,6061,5981,5982,-1,6061,5982,6062,-1,6062,5982,5983,-1,6062,5983,6063,-1,6063,5983,5984,-1,6063,5984,6064,-1,6064,5984,5985,-1,6064,5985,6065,-1,6065,5985,5986,-1,6065,5986,6066,-1,6066,5986,5987,-1,6066,5987,6067,-1,6067,5987,5988,-1,6067,5988,6068,-1,6068,5988,5989,-1,6068,5989,6069,-1,6069,5989,5990,-1,6069,5990,6070,-1,6070,5990,5991,-1,1252,1251,6071,-1,6071,1251,6072,-1,6071,6072,6073,-1,6073,6072,6074,-1,6073,6074,6075,-1,6075,6074,6076,-1,6075,6076,6077,-1,6077,6076,6078,-1,6077,6078,6079,-1,6079,6078,6080,-1,6079,6080,6081,-1,6081,6080,6082,-1,6081,6082,6083,-1,6083,6082,6084,-1,6083,6084,6085,-1,6085,6084,6086,-1,6085,6086,6087,-1,6087,6086,6088,-1,6087,6088,6089,-1,6089,6088,6090,-1,6089,6090,6091,-1,6091,6090,6092,-1,6091,6092,6093,-1,6093,6092,6094,-1,6093,6094,6095,-1,6095,6094,6096,-1,6095,6096,6097,-1,6097,6096,6098,-1,6097,6098,6099,-1,6099,6098,6100,-1,6099,6100,6101,-1,6101,6100,6102,-1,6101,6102,6103,-1,6103,6102,6104,-1,6103,6104,6105,-1,1613,1612,6106,-1,6106,1612,6107,-1,6106,6107,6108,-1,6109,1994,6110,-1,6110,1994,1995,-1,6110,1995,6111,-1,6111,1995,1996,-1,6111,1996,6112,-1,6022,6113,6023,-1,6023,6113,6114,-1,6023,6114,6115,-1,6115,6114,6116,-1,6115,6116,6117,-1,6118,6116,6119,-1,6119,6116,6114,-1,6119,6114,6120,-1,6120,6114,6113,-1,6120,6113,6121,-1,6121,6113,6022,-1,6121,6022,6122,-1,6122,6022,6021,-1,6122,6021,6123,-1,6123,6021,5947,-1,6123,5947,6124,-1,6124,5947,5946,-1,6124,5946,6125,-1,6125,5946,5869,-1,6125,5869,6126,-1,6126,5869,5867,-1,6126,5867,6127,-1,6127,5867,5866,-1,6127,5866,6128,-1,6128,5866,5842,-1,6128,5842,6129,-1,6129,5842,5841,-1,6129,5841,6130,-1,6130,5841,5815,-1,6130,5815,6131,-1,6131,5815,5814,-1,6131,5814,6132,-1,6132,5814,5786,-1,6132,5786,6133,-1,6133,5786,1273,-1,6133,1273,6134,-1,6134,1273,1272,-1,6134,1272,6135,-1,6135,6024,6134,-1,6134,6024,6026,-1,6134,6026,6133,-1,6133,6026,6028,-1,6133,6028,6132,-1,6132,6028,6030,-1,6132,6030,6131,-1,6131,6030,6032,-1,6131,6032,6130,-1,6130,6032,6034,-1,6130,6034,6129,-1,6129,6034,6036,-1,6129,6036,6128,-1,6128,6036,6038,-1,6128,6038,6127,-1,6127,6038,6040,-1,6127,6040,6126,-1,6126,6040,6042,-1,6126,6042,6125,-1,6125,6042,6044,-1,6125,6044,6124,-1,6124,6044,6046,-1,6124,6046,6123,-1,6123,6046,6048,-1,6123,6048,6122,-1,6122,6048,6050,-1,6122,6050,6121,-1,6121,6050,6052,-1,6121,6052,6120,-1,6120,6052,6054,-1,6120,6054,6119,-1,6119,6054,6056,-1,6119,6056,6118,-1,1243,1248,1244,-1,1244,1248,1250,-1,1244,1250,6136,-1,6136,1250,6057,-1,6136,6057,6009,-1,6009,6057,6058,-1,6009,6058,5928,-1,5928,6058,6059,-1,5928,6059,5926,-1,5926,6059,6060,-1,5926,6060,5924,-1,5924,6060,6061,-1,5924,6061,5922,-1,5922,6061,6062,-1,5922,6062,5920,-1,5920,6062,6063,-1,5920,6063,5918,-1,5918,6063,6064,-1,5918,6064,5916,-1,5916,6064,6065,-1,5916,6065,5914,-1,5914,6065,6066,-1,5914,6066,5912,-1,5912,6066,6067,-1,5912,6067,5910,-1,5910,6067,6068,-1,5910,6068,5908,-1,5908,6068,6069,-1,5908,6069,5906,-1,5906,6069,6070,-1,5906,6070,5701,-1,5701,6070,5991,-1,5701,5991,5700,-1,5700,5991,5901,-1,5700,5901,5699,-1,5699,5901,5845,-1,5699,5845,5698,-1,5698,5845,5727,-1,5698,5727,5697,-1,5697,5727,5726,-1,6137,6138,6139,-1,6139,6138,6140,-1,6139,6140,6141,-1,6141,6140,6142,-1,6141,6142,6143,-1,6143,6142,6144,-1,6143,6144,6145,-1,6145,6144,6146,-1,6145,6146,6147,-1,6147,6146,6148,-1,6149,6150,6151,-1,6151,6150,6152,-1,6151,6152,6153,-1,6153,6152,6154,-1,6153,6154,6155,-1,6155,6154,6156,-1,6155,6156,6157,-1,6157,6156,6158,-1,6157,6158,6159,-1,6159,6158,6160,-1,6159,6160,6161,-1,6161,6160,6162,-1,6161,6162,6163,-1,6163,6162,6164,-1,6163,6164,6165,-1,6165,6164,6166,-1,6165,6166,6167,-1,6167,6166,6168,-1,6167,6168,6169,-1,6169,6168,6170,-1,6169,6170,6171,-1,6171,6170,6172,-1,6171,6172,6173,-1,6173,6172,6174,-1,6173,6174,6175,-1,6175,6174,6176,-1,6175,6176,6177,-1,6177,6176,6178,-1,6177,6178,6179,-1,6179,6178,6180,-1,6179,6180,6181,-1,6181,6180,6182,-1,6181,6182,6183,-1,6183,6182,6184,-1,6183,6184,6185,-1,6185,6184,6186,-1,6185,6186,6187,-1,6187,6186,6188,-1,6187,6188,6189,-1,6190,1610,6191,-1,6191,1610,1609,-1,6191,1609,6192,-1,6193,6190,6194,-1,6194,6190,6191,-1,6194,6191,6195,-1,6195,6191,6192,-1,6195,6192,6196,-1,5872,5859,5874,-1,5874,5859,5860,-1,5874,5860,5876,-1,5876,5860,5861,-1,5876,5861,5878,-1,5878,5861,5862,-1,5878,5862,5880,-1,5880,5862,5863,-1,5880,5863,5882,-1,5882,5863,5864,-1,5882,5864,5884,-1,5884,5864,5865,-1,5884,5865,5885,-1,5885,5865,6197,-1,5885,6197,5945,-1,5945,6197,6198,-1,5945,6198,6020,-1,6020,6198,6199,-1,6020,6199,6196,-1,6196,6199,6200,-1,6196,6200,6195,-1,6195,6200,6201,-1,6195,6201,6194,-1,6194,6201,6202,-1,6194,6202,6193,-1,5976,6148,5977,-1,5977,6148,6146,-1,5977,6146,6055,-1,6055,6146,6144,-1,6055,6144,6056,-1,6056,6144,6142,-1,6056,6142,6118,-1,6118,6142,6140,-1,6118,6140,6116,-1,6116,6140,6138,-1,6116,6138,6117,-1,6117,6138,6137,-1,6117,6137,6203,-1,6204,6205,6206,-1,6206,6205,6207,-1,6206,6207,6208,-1,6208,6207,6209,-1,6208,6209,6210,-1,6210,6209,6211,-1,6210,6211,6212,-1,6212,6211,6213,-1,6212,6213,6214,-1,6214,6213,6215,-1,1607,1606,6216,-1,6216,1606,6217,-1,6216,6217,6218,-1,6218,6217,6219,-1,6218,6219,6220,-1,6220,6219,6221,-1,6220,6221,6222,-1,6222,6221,6223,-1,6222,6223,6224,-1,6224,6223,6225,-1,6224,6225,6226,-1,6226,6225,6227,-1,6226,6227,6228,-1,6228,6227,6229,-1,6228,6229,6230,-1,6230,6229,6231,-1,6230,6231,6232,-1,6232,6231,6233,-1,6232,6233,6234,-1,6234,6233,6235,-1,6234,6235,6236,-1,6236,6235,6237,-1,6236,6237,6238,-1,6238,6237,6239,-1,6238,6239,6240,-1,6240,6239,6241,-1,6240,6241,6242,-1,6242,6241,6243,-1,6242,6243,6244,-1,6244,6243,6245,-1,6244,6245,6246,-1,6246,6245,6247,-1,6246,6247,6248,-1,6248,6247,6249,-1,6248,6249,6250,-1,6251,6252,6253,-1,6253,6252,6254,-1,6253,6254,6255,-1,6255,6254,6256,-1,6255,6256,6257,-1,6257,6256,6258,-1,6257,6258,6259,-1,6259,6258,6260,-1,6252,1611,6254,-1,6254,1611,1610,-1,6254,1610,6256,-1,6256,1610,6190,-1,6256,6190,6258,-1,6258,6190,6193,-1,6258,6193,6260,-1,6260,6193,6202,-1,6260,6202,6261,-1,6147,6215,6145,-1,6145,6215,6213,-1,6145,6213,6143,-1,6143,6213,6211,-1,6143,6211,6141,-1,6141,6211,6209,-1,6141,6209,6139,-1,6139,6209,6207,-1,6139,6207,6137,-1,6137,6207,6205,-1,6137,6205,6203,-1,6203,6205,6204,-1,6203,6204,6262,-1,6263,6264,6265,-1,6265,6264,6266,-1,6265,6266,6267,-1,6267,6266,6268,-1,6267,6268,6269,-1,6269,6268,6270,-1,6269,6270,6271,-1,6271,6270,6272,-1,6271,6272,6273,-1,6273,6272,6274,-1,1240,1239,6275,-1,6275,1239,6276,-1,6275,6276,6277,-1,6277,6276,6278,-1,6277,6278,6279,-1,6279,6278,6280,-1,6279,6280,6281,-1,6281,6280,6282,-1,6281,6282,6283,-1,6283,6282,6284,-1,6283,6284,6285,-1,6285,6284,6286,-1,6285,6286,6287,-1,6287,6286,6288,-1,6287,6288,6289,-1,6289,6288,6290,-1,6289,6290,6291,-1,6291,6290,6292,-1,6291,6292,6293,-1,6293,6292,6294,-1,6293,6294,6295,-1,6295,6294,6296,-1,6295,6296,6297,-1,6297,6296,6298,-1,6297,6298,6299,-1,6299,6298,6300,-1,6299,6300,6301,-1,6301,6300,6302,-1,6301,6302,6303,-1,6303,6302,6304,-1,6303,6304,6305,-1,6305,6304,6306,-1,6305,6306,6307,-1,6307,6306,6308,-1,6307,6308,6309,-1,6309,6308,6310,-1,6309,6310,6311,-1,6311,6310,6312,-1,6311,6312,6313,-1,6313,6312,6314,-1,6313,6314,5737,-1,5737,6314,6315,-1,5737,6315,5738,-1,5738,6315,6316,-1,5738,6316,5746,-1,5746,6316,6317,-1,5746,6317,5745,-1,5745,6317,6318,-1,5745,6318,5744,-1,5744,6318,6319,-1,5744,6319,5743,-1,5743,6319,6320,-1,5743,6320,5742,-1,5742,6320,6321,-1,5742,6321,5741,-1,5741,6321,6322,-1,5741,6322,5740,-1,6323,6324,6325,-1,6325,6324,6326,-1,6325,6326,6327,-1,6327,6326,6328,-1,6327,6328,6329,-1,6329,6328,6330,-1,6329,6330,6331,-1,6331,6330,6332,-1,6331,6332,6333,-1,6333,6332,6334,-1,6333,6334,6335,-1,6335,6334,6336,-1,6324,6251,6326,-1,6326,6251,6253,-1,6326,6253,6328,-1,6328,6253,6255,-1,6328,6255,6330,-1,6330,6255,6257,-1,6330,6257,6332,-1,6332,6257,6259,-1,6332,6259,6334,-1,6334,6259,6260,-1,6334,6260,6336,-1,6336,6260,6261,-1,6336,6261,6337,-1,6214,6274,6212,-1,6212,6274,6272,-1,6212,6272,6210,-1,6210,6272,6270,-1,6210,6270,6208,-1,6208,6270,6268,-1,6208,6268,6206,-1,6206,6268,6266,-1,6206,6266,6204,-1,6204,6266,6264,-1,6204,6264,6262,-1,6262,6264,6263,-1,6262,6263,6338,-1,6339,6340,6341,-1,6341,6340,6342,-1,6341,6342,6343,-1,6343,6342,6344,-1,6343,6344,6345,-1,6345,6344,6346,-1,6345,6346,6347,-1,6347,6346,6348,-1,6347,6348,6349,-1,6349,6348,6350,-1,6349,6350,6351,-1,6351,6350,1242,-1,6351,1242,6352,-1,6352,1242,1244,-1,6352,1244,6353,-1,6353,1244,6136,-1,6353,6136,1253,-1,1253,6136,6009,-1,1253,6009,1251,-1,1251,6009,6008,-1,1251,6008,6072,-1,6072,6008,6007,-1,6072,6007,6074,-1,6074,6007,6006,-1,6074,6006,6076,-1,6076,6006,6005,-1,6076,6005,6078,-1,6078,6005,6004,-1,6078,6004,6080,-1,6080,6004,6003,-1,6080,6003,6082,-1,6082,6003,6002,-1,6082,6002,6084,-1,6084,6002,6001,-1,6084,6001,6086,-1,6086,6001,6000,-1,6086,6000,6088,-1,6088,6000,5999,-1,6088,5999,6090,-1,6090,5999,5998,-1,6090,5998,6092,-1,6092,5998,5997,-1,6092,5997,6094,-1,6094,5997,5996,-1,6094,5996,6096,-1,6096,5996,5995,-1,6096,5995,6098,-1,6098,5995,5994,-1,6098,5994,6100,-1,6100,5994,5993,-1,6100,5993,6102,-1,6102,5993,5992,-1,6102,5992,6104,-1,6104,5992,1281,-1,6104,1281,6105,-1,6105,1281,1283,-1,6354,6355,6356,-1,6356,6355,6357,-1,6356,6357,6358,-1,6358,6357,6359,-1,6358,6359,6360,-1,6360,6359,6361,-1,6360,6361,6362,-1,6362,6361,6363,-1,6362,6363,6364,-1,6364,6363,6365,-1,6364,6365,6366,-1,6366,6365,6367,-1,6366,6367,6368,-1,6368,6367,1614,-1,6368,1614,6369,-1,6369,1614,1613,-1,6369,1613,6370,-1,6370,1613,6106,-1,6370,6106,6371,-1,6371,6106,6108,-1,6371,6108,6372,-1,6373,6374,6375,-1,6375,6374,6376,-1,6375,6376,6377,-1,6377,6376,6378,-1,6377,6378,6379,-1,6379,6378,6380,-1,6379,6380,6381,-1,6381,6380,6382,-1,6381,6382,6383,-1,6383,6382,6384,-1,6383,6384,6385,-1,6385,6384,6386,-1,6385,6386,6387,-1,6387,6386,6388,-1,6387,6388,6389,-1,6389,6388,6390,-1,6389,6390,6391,-1,6391,6390,6392,-1,6391,6392,6393,-1,6393,6392,6394,-1,6393,6394,6395,-1,6396,6397,6398,-1,6398,6397,6399,-1,6398,6399,6400,-1,6400,6399,6401,-1,6400,6401,6402,-1,6402,6401,6403,-1,6402,6403,6404,-1,6404,6403,6405,-1,6404,6405,6406,-1,6406,6405,6407,-1,6406,6407,6408,-1,6408,6407,6409,-1,6408,6409,6410,-1,6410,6409,6411,-1,6410,6411,6412,-1,6412,6411,6413,-1,6412,6413,6414,-1,6414,6413,6415,-1,6397,6323,6399,-1,6399,6323,6325,-1,6399,6325,6401,-1,6401,6325,6327,-1,6401,6327,6403,-1,6403,6327,6329,-1,6403,6329,6405,-1,6405,6329,6331,-1,6405,6331,6407,-1,6407,6331,6333,-1,6407,6333,6409,-1,6409,6333,6335,-1,6409,6335,6411,-1,6411,6335,6336,-1,6411,6336,6413,-1,6413,6336,6337,-1,6413,6337,6415,-1,6135,5747,6024,-1,6024,5747,5749,-1,6024,5749,6025,-1,6025,5749,5751,-1,6025,5751,5949,-1,5949,5751,5753,-1,5949,5753,5950,-1,5950,5753,5755,-1,5950,5755,5952,-1,5952,5755,5774,-1,5952,5774,5954,-1,5954,5774,5776,-1,5954,5776,5956,-1,5956,5776,5788,-1,5956,5788,5958,-1,5958,5788,5790,-1,5958,5790,5960,-1,5960,5790,5792,-1,5960,5792,5962,-1,5962,5792,1264,-1,5962,1264,5964,-1,5964,1264,1263,-1,5964,1263,5966,-1,5966,1263,1261,-1,5966,1261,5968,-1,5968,1261,1260,-1,5968,1260,5970,-1,5970,1260,1258,-1,5970,1258,5972,-1,5972,1258,1257,-1,5972,1257,5974,-1,5974,1257,5886,-1,5974,5886,5976,-1,5976,5886,1255,-1,5976,1255,6148,-1,6148,1255,1254,-1,6148,1254,6147,-1,6147,1254,1249,-1,6147,1249,6215,-1,6215,1249,1248,-1,6215,1248,6214,-1,6214,1248,1243,-1,6214,1243,6274,-1,6274,1243,1242,-1,6274,1242,6273,-1,6273,1242,6350,-1,6273,6350,6271,-1,6271,6350,6348,-1,6271,6348,6269,-1,6269,6348,6346,-1,6269,6346,6267,-1,6267,6346,6344,-1,6267,6344,6265,-1,6265,6344,6342,-1,6265,6342,6263,-1,6263,6342,6340,-1,6263,6340,6338,-1,6338,6340,6339,-1,6338,6339,6416,-1,6417,6418,6419,-1,6419,6418,6420,-1,6419,6420,6421,-1,6421,6420,6422,-1,6421,6422,6423,-1,6423,6422,6424,-1,6423,6424,6425,-1,6425,6424,6426,-1,6425,6426,6427,-1,6427,6426,6428,-1,6427,6428,6429,-1,6429,6428,6430,-1,6429,6430,6431,-1,6432,6433,6434,-1,6435,6354,6436,-1,6436,6354,6356,-1,6436,6356,6437,-1,6437,6356,6358,-1,6437,6358,6438,-1,6438,6358,6360,-1,6438,6360,6439,-1,6439,6360,6362,-1,6439,6362,6440,-1,6440,6362,6364,-1,6440,6364,6441,-1,6441,6364,6366,-1,6441,6366,6442,-1,6442,6366,6368,-1,6442,6368,6443,-1,6443,6368,6369,-1,6443,6369,6444,-1,6444,6369,6370,-1,6444,6370,6445,-1,6445,6370,6371,-1,6445,6371,6446,-1,6446,6371,6372,-1,6446,6372,6447,-1,6448,6435,6395,-1,6395,6435,6436,-1,6395,6436,6393,-1,6393,6436,6437,-1,6393,6437,6391,-1,6391,6437,6438,-1,6391,6438,6389,-1,6389,6438,6439,-1,6389,6439,6387,-1,6387,6439,6440,-1,6387,6440,6385,-1,6385,6440,6441,-1,6385,6441,6383,-1,6383,6441,6442,-1,6383,6442,6381,-1,6381,6442,6443,-1,6381,6443,6379,-1,6379,6443,6444,-1,6379,6444,6377,-1,6377,6444,6445,-1,6377,6445,6375,-1,6375,6445,6446,-1,6375,6446,6373,-1,6373,6446,6447,-1,6449,6450,6451,-1,6451,6450,6452,-1,6451,6452,6453,-1,6453,6452,6454,-1,6453,6454,6455,-1,6455,6454,6456,-1,6455,6456,6457,-1,6457,6456,6458,-1,6457,6458,6459,-1,6459,6458,6460,-1,6459,6460,6461,-1,6461,6460,6462,-1,6461,6462,6463,-1,6463,6462,6464,-1,6463,6464,6465,-1,6465,6464,6466,-1,6465,6466,6467,-1,6467,6466,6468,-1,6467,6468,6469,-1,6469,6468,6470,-1,6469,6470,6471,-1,6471,6470,6472,-1,6473,6474,6475,-1,6475,6474,6476,-1,6475,6476,6477,-1,6477,6476,6478,-1,6477,6478,6479,-1,6479,6478,6480,-1,6479,6480,6481,-1,6481,6480,6482,-1,6481,6482,6483,-1,6483,6482,6484,-1,6483,6484,6485,-1,6485,6484,6486,-1,6485,6486,6487,-1,6487,6486,6488,-1,6487,6488,6489,-1,6489,6488,6490,-1,6489,6490,6491,-1,6491,6490,6492,-1,6474,6396,6476,-1,6476,6396,6398,-1,6476,6398,6478,-1,6478,6398,6400,-1,6478,6400,6480,-1,6480,6400,6402,-1,6480,6402,6482,-1,6482,6402,6404,-1,6482,6404,6484,-1,6484,6404,6406,-1,6484,6406,6486,-1,6486,6406,6408,-1,6486,6408,6488,-1,6488,6408,6410,-1,6488,6410,6490,-1,6490,6410,6412,-1,6490,6412,6492,-1,6492,6412,6414,-1,6492,6414,6493,-1,6493,6414,6415,-1,6493,6415,6494,-1,6105,6149,6103,-1,6103,6149,6151,-1,6103,6151,6101,-1,6101,6151,6153,-1,6101,6153,6099,-1,6099,6153,6155,-1,6099,6155,6097,-1,6097,6155,6157,-1,6097,6157,6095,-1,6095,6157,6159,-1,6095,6159,6093,-1,6093,6159,6161,-1,6093,6161,6091,-1,6091,6161,6163,-1,6091,6163,6089,-1,6089,6163,6165,-1,6089,6165,6087,-1,6087,6165,6167,-1,6087,6167,6085,-1,6085,6167,6169,-1,6085,6169,6083,-1,6083,6169,6171,-1,6083,6171,6081,-1,6081,6171,6173,-1,6081,6173,6079,-1,6079,6173,6175,-1,6079,6175,6077,-1,6077,6175,6177,-1,6077,6177,6075,-1,6075,6177,6179,-1,6075,6179,6073,-1,6073,6179,6181,-1,6073,6181,6071,-1,6071,6181,6183,-1,6071,6183,1252,-1,1252,6183,6185,-1,1252,6185,1253,-1,1253,6185,6187,-1,1253,6187,6353,-1,6353,6187,6189,-1,6353,6189,6352,-1,6352,6189,6431,-1,6352,6431,6351,-1,6351,6431,6430,-1,6351,6430,6349,-1,6349,6430,6428,-1,6349,6428,6347,-1,6347,6428,6426,-1,6347,6426,6345,-1,6345,6426,6424,-1,6345,6424,6343,-1,6343,6424,6422,-1,6343,6422,6341,-1,6341,6422,6420,-1,6341,6420,6339,-1,6339,6420,6418,-1,6339,6418,6416,-1,6416,6418,6417,-1,6416,6417,6495,-1,6496,6497,6498,-1,6498,6497,6499,-1,6498,6499,6500,-1,6500,6499,6501,-1,6500,6501,6502,-1,6502,6501,6503,-1,6502,6503,6504,-1,6504,6503,6505,-1,6504,6505,6506,-1,6506,6505,6507,-1,6506,6507,6508,-1,6508,6507,6509,-1,6508,6509,6510,-1,6511,6512,6513,-1,6513,6512,6514,-1,6513,6514,6515,-1,6515,6514,6516,-1,6512,6517,6514,-1,6514,6517,6434,-1,6514,6434,6516,-1,6516,6434,6433,-1,6516,6433,6518,-1,6519,6520,6521,-1,6521,6520,6522,-1,6521,6522,6523,-1,6523,6522,6524,-1,6523,6524,6525,-1,6525,6524,6526,-1,6525,6526,6527,-1,6527,6526,6528,-1,6527,6528,6529,-1,6529,6528,6530,-1,6529,6530,6531,-1,6531,6530,6532,-1,6531,6532,6533,-1,6533,6532,6534,-1,6533,6534,6535,-1,6535,6534,6536,-1,6535,6536,6537,-1,6537,6536,6538,-1,6537,6538,6539,-1,6539,6538,6540,-1,6539,6540,6541,-1,6541,6540,6542,-1,6541,6542,6543,-1,6543,6542,1245,-1,6543,1245,6544,-1,6544,1245,1247,-1,6544,1247,6545,-1,6545,1247,1994,-1,6545,1994,6546,-1,6546,1994,6109,-1,6546,6109,6547,-1,6548,6549,6550,-1,6550,6549,6551,-1,6550,6551,6552,-1,6552,6551,6553,-1,6552,6553,6554,-1,6554,6553,6555,-1,6554,6555,6556,-1,6556,6555,6557,-1,6556,6557,6558,-1,6558,6557,6559,-1,6558,6559,6560,-1,6560,6559,6561,-1,6560,6561,6562,-1,6562,6561,6563,-1,6562,6563,6564,-1,6564,6563,6565,-1,6564,6565,6566,-1,6566,6565,6567,-1,6566,6567,6568,-1,6568,6567,6569,-1,6568,6569,6570,-1,6570,6569,6571,-1,6570,6571,6572,-1,6572,6571,6573,-1,6549,6473,6551,-1,6551,6473,6475,-1,6551,6475,6553,-1,6553,6475,6477,-1,6553,6477,6555,-1,6555,6477,6479,-1,6555,6479,6557,-1,6557,6479,6481,-1,6557,6481,6559,-1,6559,6481,6483,-1,6559,6483,6561,-1,6561,6483,6485,-1,6561,6485,6563,-1,6563,6485,6487,-1,6563,6487,6565,-1,6565,6487,6489,-1,6565,6489,6567,-1,6567,6489,6491,-1,6567,6491,6569,-1,6569,6491,6492,-1,6569,6492,6571,-1,6571,6492,6493,-1,6571,6493,6573,-1,6573,6493,6494,-1,6573,6494,6574,-1,5692,5659,5694,-1,5694,5659,5658,-1,5694,5658,5690,-1,5690,5658,5657,-1,5690,5657,1295,-1,1295,5657,5656,-1,1295,5656,1292,-1,1292,5656,5655,-1,1292,5655,1293,-1,1293,5655,5654,-1,1293,5654,5762,-1,5762,5654,5653,-1,5762,5653,1290,-1,1290,5653,5652,-1,1290,5652,1287,-1,1287,5652,5651,-1,1287,5651,1288,-1,1288,5651,5650,-1,1288,5650,5808,-1,5808,5650,5649,-1,5808,5649,5809,-1,5809,5649,5648,-1,5809,5648,5831,-1,5831,5648,5647,-1,5831,5647,5726,-1,5726,5647,5646,-1,5726,5646,5697,-1,5697,5646,5645,-1,5697,5645,5662,-1,5662,5645,5644,-1,5662,5644,5661,-1,5661,5644,5643,-1,5661,5643,5660,-1,5660,5643,5642,-1,5660,5642,1285,-1,1285,5642,5641,-1,1285,5641,1282,-1,1282,5641,5618,-1,1282,5618,1283,-1,1283,5618,5617,-1,1283,5617,6105,-1,6105,5617,5678,-1,6105,5678,6149,-1,6149,5678,5679,-1,6149,5679,6150,-1,6150,5679,6575,-1,6150,6575,6152,-1,6152,6575,6576,-1,6152,6576,6154,-1,6154,6576,6577,-1,6154,6577,6156,-1,6156,6577,6578,-1,6156,6578,6158,-1,6158,6578,6579,-1,6158,6579,6160,-1,6160,6579,6580,-1,6160,6580,6162,-1,6162,6580,6581,-1,6162,6581,6164,-1,6164,6581,6582,-1,6164,6582,6166,-1,6166,6582,6583,-1,6166,6583,6168,-1,6168,6583,6584,-1,6168,6584,6170,-1,6170,6584,6585,-1,6170,6585,6172,-1,6172,6585,6586,-1,6172,6586,6174,-1,6174,6586,6587,-1,6174,6587,6176,-1,6176,6587,6588,-1,6176,6588,6178,-1,6178,6588,6589,-1,6178,6589,6180,-1,6180,6589,6590,-1,6180,6590,6182,-1,6182,6590,6591,-1,6182,6591,6184,-1,6184,6591,6592,-1,6184,6592,6186,-1,6186,6592,6593,-1,6186,6593,6188,-1,6188,6593,6594,-1,6188,6594,6189,-1,6189,6594,6595,-1,6189,6595,6431,-1,6431,6595,6510,-1,6431,6510,6429,-1,6429,6510,6509,-1,6429,6509,6427,-1,6427,6509,6507,-1,6427,6507,6425,-1,6425,6507,6505,-1,6425,6505,6423,-1,6423,6505,6503,-1,6423,6503,6421,-1,6421,6503,6501,-1,6421,6501,6419,-1,6419,6501,6499,-1,6419,6499,6417,-1,6417,6499,6497,-1,6417,6497,6495,-1,6495,6497,6496,-1,6495,6496,6596,-1,6597,6598,6599,-1,6599,6598,6600,-1,6599,6600,6601,-1,6601,6600,6602,-1,6601,6602,6603,-1,6603,6602,6604,-1,6603,6604,6605,-1,6605,6604,6606,-1,6605,6606,6607,-1,6607,6606,6608,-1,6607,6608,6609,-1,6609,6608,6610,-1,6609,6610,6611,-1,6612,6613,6614,-1,6614,6613,6615,-1,6614,6615,6616,-1,6616,6615,6617,-1,6616,6617,6618,-1,6618,6617,6619,-1,6618,6619,6620,-1,6620,6619,6621,-1,6613,6511,6615,-1,6615,6511,6513,-1,6615,6513,6617,-1,6617,6513,6515,-1,6617,6515,6619,-1,6619,6515,6516,-1,6619,6516,6621,-1,6621,6516,6518,-1,6621,6518,6622,-1,6374,6472,6376,-1,6376,6472,6470,-1,6376,6470,6378,-1,6378,6470,6468,-1,6378,6468,6380,-1,6380,6468,6466,-1,6380,6466,6382,-1,6382,6466,6464,-1,6382,6464,6384,-1,6384,6464,6462,-1,6384,6462,6386,-1,6386,6462,6460,-1,6386,6460,6388,-1,6388,6460,6458,-1,6388,6458,6390,-1,6390,6458,6456,-1,6390,6456,6392,-1,6392,6456,6454,-1,6392,6454,6394,-1,6394,6454,6452,-1,6394,6452,6395,-1,6395,6452,6450,-1,6395,6450,6448,-1,6448,6450,6449,-1,6448,6449,6623,-1,6624,6625,6626,-1,6626,6625,6627,-1,6626,6627,6628,-1,6628,6627,6629,-1,6628,6629,6630,-1,6630,6629,6631,-1,6630,6631,6632,-1,6632,6631,6633,-1,6632,6633,6634,-1,6634,6633,6635,-1,6634,6635,6636,-1,6636,6635,6637,-1,6636,6637,6638,-1,6638,6637,6639,-1,6638,6639,6640,-1,6640,6639,6641,-1,6640,6641,6642,-1,6642,6641,6643,-1,6642,6643,6644,-1,6644,6643,6645,-1,6644,6645,6646,-1,6646,6645,6647,-1,6646,6647,6648,-1,6648,6647,6649,-1,6648,6649,6650,-1,6650,6649,6651,-1,6650,6651,6652,-1,6652,6651,6653,-1,6652,6653,6654,-1,6654,6653,6655,-1,6654,6655,6656,-1,6656,6655,6657,-1,6656,6657,6658,-1,6658,6657,6659,-1,6660,6661,6662,-1,6662,6661,6663,-1,6662,6663,6664,-1,6664,6663,6665,-1,6664,6665,6666,-1,6666,6665,6667,-1,6666,6667,6668,-1,6668,6667,6669,-1,6668,6669,6670,-1,6670,6669,6671,-1,6670,6671,6672,-1,6672,6671,6673,-1,6672,6673,6674,-1,6674,6673,6675,-1,6674,6675,6676,-1,6676,6675,6677,-1,6676,6677,6678,-1,6678,6677,6679,-1,6678,6679,6680,-1,6680,6679,6681,-1,6680,6681,6682,-1,6682,6681,6683,-1,6682,6683,6684,-1,6684,6683,6685,-1,6684,6685,6686,-1,6686,6685,6687,-1,6686,6687,6688,-1,6688,6687,6689,-1,6661,6548,6663,-1,6663,6548,6550,-1,6663,6550,6665,-1,6665,6550,6552,-1,6665,6552,6667,-1,6667,6552,6554,-1,6667,6554,6669,-1,6669,6554,6556,-1,6669,6556,6671,-1,6671,6556,6558,-1,6671,6558,6673,-1,6673,6558,6560,-1,6673,6560,6675,-1,6675,6560,6562,-1,6675,6562,6677,-1,6677,6562,6564,-1,6677,6564,6679,-1,6679,6564,6566,-1,6679,6566,6681,-1,6681,6566,6568,-1,6681,6568,6683,-1,6683,6568,6570,-1,6683,6570,6685,-1,6685,6570,6572,-1,6685,6572,6687,-1,6687,6572,6573,-1,6687,6573,6689,-1,6689,6573,6574,-1,6689,6574,6690,-1,5680,6691,5681,-1,5681,6691,6692,-1,5681,6692,5682,-1,5682,6692,6693,-1,5682,6693,5683,-1,5683,6693,6694,-1,5683,6694,5684,-1,5684,6694,6695,-1,5684,6695,5685,-1,5685,6695,6696,-1,5685,6696,5686,-1,5686,6696,6697,-1,5686,6697,5687,-1,5687,6697,6698,-1,5687,6698,5688,-1,5688,6698,6699,-1,5688,6699,5627,-1,5627,6699,6700,-1,5627,6700,5679,-1,5679,6700,6701,-1,5679,6701,6575,-1,6575,6701,6250,-1,6575,6250,6576,-1,6576,6250,6249,-1,6576,6249,6577,-1,6577,6249,6247,-1,6577,6247,6578,-1,6578,6247,6245,-1,6578,6245,6579,-1,6579,6245,6243,-1,6579,6243,6580,-1,6580,6243,6241,-1,6580,6241,6581,-1,6581,6241,6239,-1,6581,6239,6582,-1,6582,6239,6237,-1,6582,6237,6583,-1,6583,6237,6235,-1,6583,6235,6584,-1,6584,6235,6233,-1,6584,6233,6585,-1,6585,6233,6231,-1,6585,6231,6586,-1,6586,6231,6229,-1,6586,6229,6587,-1,6587,6229,6227,-1,6587,6227,6588,-1,6588,6227,6225,-1,6588,6225,6589,-1,6589,6225,6223,-1,6589,6223,6590,-1,6590,6223,6221,-1,6590,6221,6591,-1,6591,6221,6219,-1,6591,6219,6592,-1,6592,6219,6217,-1,6592,6217,6593,-1,6593,6217,1606,-1,6593,1606,6594,-1,6594,1606,1608,-1,6594,1608,6595,-1,6595,1608,6702,-1,6595,6702,6510,-1,6510,6702,6611,-1,6510,6611,6508,-1,6508,6611,6610,-1,6508,6610,6506,-1,6506,6610,6608,-1,6506,6608,6504,-1,6504,6608,6606,-1,6504,6606,6502,-1,6502,6606,6604,-1,6502,6604,6500,-1,6500,6604,6602,-1,6500,6602,6498,-1,6498,6602,6600,-1,6498,6600,6496,-1,6496,6600,6598,-1,6496,6598,6596,-1,6596,6598,6597,-1,6596,6597,6703,-1,1237,6704,1238,-1,1238,6704,6705,-1,1238,6705,6706,-1,6706,6705,6707,-1,6706,6707,6708,-1,6708,6707,6709,-1,6708,6709,6710,-1,6710,6709,6711,-1,6710,6711,6712,-1,6712,6711,6713,-1,6712,6713,6714,-1,6714,6713,6715,-1,6704,6612,6705,-1,6705,6612,6614,-1,6705,6614,6707,-1,6707,6614,6616,-1,6707,6616,6709,-1,6709,6616,6618,-1,6709,6618,6711,-1,6711,6618,6620,-1,6711,6620,6713,-1,6713,6620,6621,-1,6713,6621,6715,-1,6715,6621,6622,-1,6715,6622,6716,-1,6717,6519,6718,-1,6718,6519,6521,-1,6718,6521,6719,-1,6719,6521,6523,-1,6719,6523,6720,-1,6720,6523,6525,-1,6720,6525,6721,-1,6721,6525,6527,-1,6721,6527,6722,-1,6722,6527,6529,-1,6722,6529,6723,-1,6723,6529,6531,-1,6723,6531,6724,-1,6724,6531,6533,-1,6724,6533,6725,-1,6725,6533,6535,-1,6725,6535,6726,-1,6726,6535,6537,-1,6726,6537,6727,-1,6727,6537,6539,-1,6727,6539,6728,-1,6728,6539,6541,-1,6728,6541,6729,-1,6729,6541,6543,-1,6729,6543,6730,-1,6730,6543,6544,-1,6730,6544,6731,-1,6731,6544,6545,-1,6731,6545,6732,-1,6732,6545,6546,-1,6732,6546,6733,-1,6733,6546,6547,-1,6733,6547,6734,-1,1232,6624,6735,-1,6735,6624,6626,-1,6735,6626,6736,-1,6736,6626,6628,-1,6736,6628,6737,-1,6737,6628,6630,-1,6737,6630,6738,-1,6738,6630,6632,-1,6738,6632,6739,-1,6739,6632,6634,-1,6739,6634,6740,-1,6740,6634,6636,-1,6740,6636,6741,-1,6741,6636,6638,-1,6741,6638,6742,-1,6742,6638,6640,-1,6742,6640,6743,-1,6743,6640,6642,-1,6743,6642,6744,-1,6744,6642,6644,-1,6744,6644,6745,-1,6745,6644,6646,-1,6745,6646,6746,-1,6746,6646,6648,-1,6746,6648,6747,-1,6747,6648,6650,-1,6747,6650,6748,-1,6748,6650,6652,-1,6748,6652,6749,-1,6749,6652,6654,-1,6749,6654,6750,-1,6750,6654,6656,-1,6750,6656,6751,-1,6751,6656,6658,-1,6752,6753,6754,-1,6754,6753,6755,-1,6754,6755,6756,-1,6756,6755,6757,-1,6756,6757,6758,-1,6758,6757,6759,-1,6758,6759,6760,-1,6760,6759,6761,-1,6760,6761,6762,-1,6762,6761,6763,-1,6762,6763,6764,-1,6764,6763,6765,-1,6764,6765,6766,-1,6766,6765,6767,-1,6766,6767,6768,-1,6768,6767,6769,-1,6768,6769,6770,-1,6770,6769,6771,-1,6770,6771,6772,-1,6772,6771,6773,-1,6772,6773,6774,-1,6774,6773,6775,-1,6774,6775,6776,-1,6776,6775,6777,-1,6776,6777,6778,-1,6778,6777,6779,-1,6778,6779,6780,-1,6780,6779,6781,-1,6780,6781,6782,-1,6782,6781,6783,-1,6753,6660,6755,-1,6755,6660,6662,-1,6755,6662,6757,-1,6757,6662,6664,-1,6757,6664,6759,-1,6759,6664,6666,-1,6759,6666,6761,-1,6761,6666,6668,-1,6761,6668,6763,-1,6763,6668,6670,-1,6763,6670,6765,-1,6765,6670,6672,-1,6765,6672,6767,-1,6767,6672,6674,-1,6767,6674,6769,-1,6769,6674,6676,-1,6769,6676,6771,-1,6771,6676,6678,-1,6771,6678,6773,-1,6773,6678,6680,-1,6773,6680,6775,-1,6775,6680,6682,-1,6775,6682,6777,-1,6777,6682,6684,-1,6777,6684,6779,-1,6779,6684,6686,-1,6779,6686,6781,-1,6781,6686,6688,-1,6781,6688,6783,-1,6783,6688,6689,-1,6783,6689,6784,-1,6784,6689,6690,-1,6784,6690,6785,-1,6786,6787,6788,-1,6788,6787,6789,-1,6788,6789,6790,-1,6790,6789,6791,-1,6790,6791,6792,-1,6792,6791,6793,-1,6792,6793,6794,-1,6794,6793,6795,-1,6794,6795,6796,-1,6796,6795,1235,-1,6796,1235,6797,-1,6797,1235,1234,-1,6797,1234,1236,-1,1236,1238,6797,-1,6797,1238,6706,-1,6797,6706,6796,-1,6796,6706,6708,-1,6796,6708,6794,-1,6794,6708,6710,-1,6794,6710,6792,-1,6792,6710,6712,-1,6792,6712,6790,-1,6790,6712,6714,-1,6790,6714,6788,-1,6788,6714,6715,-1,6788,6715,6786,-1,6786,6715,6716,-1,6786,6716,6798,-1,1232,1231,6624,-1,6624,1231,6717,-1,6624,6717,6625,-1,6625,6717,6718,-1,6625,6718,6627,-1,6627,6718,6719,-1,6627,6719,6629,-1,6629,6719,6720,-1,6629,6720,6631,-1,6631,6720,6721,-1,6631,6721,6633,-1,6633,6721,6722,-1,6633,6722,6635,-1,6635,6722,6723,-1,6635,6723,6637,-1,6637,6723,6724,-1,6637,6724,6639,-1,6639,6724,6725,-1,6639,6725,6641,-1,6641,6725,6726,-1,6641,6726,6643,-1,6643,6726,6727,-1,6643,6727,6645,-1,6645,6727,6728,-1,6645,6728,6647,-1,6647,6728,6729,-1,6647,6729,6649,-1,6649,6729,6730,-1,6649,6730,6651,-1,6651,6730,6731,-1,6651,6731,6653,-1,6653,6731,6732,-1,6653,6732,6655,-1,6655,6732,6733,-1,6655,6733,6657,-1,6657,6733,6734,-1,6657,6734,6659,-1,6799,6752,6800,-1,6800,6752,6754,-1,6800,6754,6801,-1,6801,6754,6756,-1,6801,6756,6802,-1,6802,6756,6758,-1,6802,6758,6803,-1,6803,6758,6760,-1,6803,6760,6804,-1,6804,6760,6762,-1,6804,6762,6805,-1,6805,6762,6764,-1,6805,6764,6806,-1,6806,6764,6766,-1,6806,6766,6807,-1,6807,6766,6768,-1,6807,6768,6808,-1,6808,6768,6770,-1,6808,6770,6809,-1,6809,6770,6772,-1,6809,6772,6810,-1,6810,6772,6774,-1,6810,6774,6811,-1,6811,6774,6776,-1,6811,6776,6812,-1,6812,6776,6778,-1,6812,6778,6813,-1,6813,6778,6780,-1,6813,6780,6814,-1,6814,6780,6782,-1,6814,6782,6815,-1,6815,6782,6783,-1,6815,6783,6816,-1,6816,6783,6784,-1,6816,6784,6817,-1,6817,6784,6785,-1,6817,6785,6818,-1,1233,1235,6819,-1,6819,1235,6795,-1,6819,6795,6820,-1,6820,6795,6793,-1,6820,6793,6821,-1,6821,6793,6791,-1,6821,6791,6822,-1,6822,6791,6789,-1,6822,6789,6823,-1,6823,6789,6787,-1,6823,6787,6824,-1,6824,6787,6786,-1,6824,6786,6825,-1,6825,6786,6798,-1,6825,6798,6826,-1,6447,6112,6373,-1,6373,6112,1996,-1,6373,1996,6374,-1,6374,1996,1246,-1,6374,1246,6472,-1,6472,1246,1245,-1,6472,1245,6471,-1,6471,1245,6542,-1,6471,6542,6469,-1,6469,6542,6540,-1,6469,6540,6467,-1,6467,6540,6538,-1,6467,6538,6465,-1,6465,6538,6536,-1,6465,6536,6463,-1,6463,6536,6534,-1,6463,6534,6461,-1,6461,6534,6532,-1,6461,6532,6459,-1,6459,6532,6530,-1,6459,6530,6457,-1,6457,6530,6528,-1,6457,6528,6455,-1,6455,6528,6526,-1,6455,6526,6453,-1,6453,6526,6524,-1,6453,6524,6451,-1,6451,6524,6522,-1,6451,6522,6449,-1,6449,6522,6520,-1,6449,6520,6623,-1,6623,6520,6519,-1,6623,6519,6827,-1,6827,6519,6717,-1,6827,6717,6828,-1,6828,6717,1231,-1,6828,1231,6829,-1,6829,1231,1230,-1,6107,6010,6108,-1,6108,6010,6011,-1,6108,6011,6372,-1,6372,6011,6012,-1,6372,6012,6447,-1,6447,6012,6013,-1,6447,6013,6112,-1,6112,6013,6014,-1,6112,6014,6111,-1,6111,6014,6015,-1,6111,6015,6110,-1,6110,6015,6016,-1,6110,6016,6109,-1,6109,6016,6017,-1,6109,6017,6547,-1,6547,6017,6018,-1,6547,6018,6734,-1,6734,6018,6019,-1,6734,6019,6659,-1,6659,6019,6020,-1,6659,6020,6658,-1,6658,6020,6196,-1,6658,6196,6751,-1,6751,6196,6192,-1,6751,6192,6750,-1,6750,6192,1609,-1,6750,1609,6749,-1,6749,1609,1611,-1,6749,1611,6748,-1,6748,1611,6252,-1,6748,6252,6747,-1,6747,6252,6251,-1,6747,6251,6746,-1,6746,6251,6324,-1,6746,6324,6745,-1,6745,6324,6323,-1,6745,6323,6744,-1,6744,6323,6397,-1,6744,6397,6743,-1,6743,6397,6396,-1,6743,6396,6742,-1,6742,6396,6474,-1,6742,6474,6741,-1,6741,6474,6473,-1,6741,6473,6740,-1,6740,6473,6549,-1,6740,6549,6739,-1,6739,6549,6548,-1,6739,6548,6738,-1,6738,6548,6661,-1,6738,6661,6737,-1,6737,6661,6660,-1,6737,6660,6736,-1,6736,6660,6753,-1,6736,6753,6735,-1,6735,6753,6752,-1,6735,6752,1232,-1,1232,6752,6799,-1,1232,6799,1230,-1,6830,6831,6832,-1,1228,6833,1229,-1,1229,6833,6834,-1,1229,6834,6835,-1,6835,6834,6836,-1,6835,6836,6837,-1,6837,6836,6838,-1,6837,6838,6839,-1,6839,6838,6840,-1,6839,6840,6841,-1,6841,6840,6842,-1,6841,6842,6843,-1,6843,6842,6844,-1,6313,5812,6311,-1,6311,5812,5811,-1,6311,5811,6309,-1,6309,5811,1615,-1,6309,1615,6307,-1,6307,1615,1617,-1,6307,1617,6305,-1,6305,1617,5833,-1,6305,5833,6303,-1,6303,5833,5832,-1,6303,5832,6301,-1,6301,5832,5859,-1,6301,5859,6299,-1,6299,5859,5872,-1,6299,5872,6297,-1,6297,5872,5871,-1,6297,5871,6295,-1,6295,5871,5930,-1,6295,5930,6293,-1,6293,5930,5929,-1,6293,5929,6291,-1,6291,5929,6010,-1,6291,6010,6289,-1,6289,6010,6107,-1,6289,6107,6287,-1,6287,6107,1612,-1,6287,1612,6285,-1,6285,1612,1614,-1,6285,1614,6283,-1,6283,1614,6367,-1,6283,6367,6281,-1,6281,6367,6365,-1,6281,6365,6279,-1,6279,6365,6363,-1,6279,6363,6277,-1,6277,6363,6361,-1,6277,6361,6275,-1,6275,6361,6359,-1,6275,6359,1240,-1,1240,6359,6357,-1,1240,6357,1241,-1,1241,6357,6355,-1,1241,6355,6432,-1,6432,6355,6354,-1,6432,6354,6433,-1,6433,6354,6435,-1,6433,6435,6518,-1,6518,6435,6448,-1,6518,6448,6622,-1,6622,6448,6623,-1,6622,6623,6716,-1,6716,6623,6827,-1,6716,6827,6798,-1,6798,6827,6828,-1,6798,6828,6826,-1,6826,6828,6829,-1,6826,6829,6845,-1,6845,6829,1230,-1,6845,1230,6846,-1,6846,1230,6799,-1,6846,6799,6847,-1,6847,6799,6800,-1,6847,6800,6848,-1,6848,6800,6801,-1,6848,6801,6849,-1,6849,6801,6802,-1,6849,6802,6850,-1,6850,6802,6803,-1,6850,6803,6851,-1,6851,6803,6804,-1,6851,6804,6852,-1,6852,6804,6805,-1,6852,6805,6853,-1,6853,6805,6806,-1,6853,6806,6854,-1,6854,6806,6807,-1,6854,6807,6855,-1,6855,6807,6808,-1,6855,6808,6856,-1,6856,6808,6809,-1,6856,6809,6857,-1,6857,6809,6810,-1,6857,6810,6858,-1,6858,6810,6811,-1,6858,6811,6859,-1,6859,6811,6812,-1,6859,6812,6860,-1,6860,6812,6813,-1,6860,6813,6861,-1,6861,6813,6814,-1,6861,6814,6862,-1,6862,6814,6815,-1,6862,6815,6863,-1,6863,6815,6816,-1,6863,6816,6864,-1,6864,6816,6817,-1,6864,6817,6865,-1,6865,6817,6818,-1,6865,6818,6866,-1,6867,6868,6869,-1,6869,6868,6870,-1,6869,6870,6871,-1,6871,6870,6872,-1,6871,6872,6873,-1,6873,6872,6874,-1,6873,6874,6875,-1,6875,6874,6876,-1,6875,6876,6877,-1,6877,6876,6878,-1,6877,6878,6879,-1,6879,6878,6880,-1,6879,6880,1227,-1,1227,1229,6879,-1,6879,1229,6835,-1,6879,6835,6877,-1,6877,6835,6837,-1,6877,6837,6875,-1,6875,6837,6839,-1,6875,6839,6873,-1,6873,6839,6841,-1,6873,6841,6871,-1,6871,6841,6843,-1,6871,6843,6869,-1,6869,6843,6844,-1,6869,6844,6867,-1,6867,6844,6881,-1,6867,6881,6882,-1,6882,6881,6883,-1,6882,6883,6884,-1,6885,6886,6887,-1,6887,6886,6888,-1,6887,6888,6889,-1,6889,6888,6890,-1,6889,6890,6891,-1,6891,6890,6892,-1,6891,6892,6893,-1,6893,6892,6894,-1,6893,6894,6895,-1,6895,6894,6896,-1,6895,6896,6897,-1,6897,6896,6898,-1,6897,6898,6899,-1,6899,6898,6900,-1,6899,6900,6901,-1,6901,6900,6902,-1,6901,6902,6903,-1,6903,6902,6904,-1,6903,6904,6905,-1,6905,6904,6906,-1,6905,6906,6907,-1,6907,6906,6908,-1,6907,6908,6909,-1,6909,6908,6910,-1,6909,6910,6911,-1,6911,6910,6912,-1,6911,6912,6913,-1,6913,6912,6914,-1,6913,6914,6915,-1,6915,6914,6916,-1,6915,6916,6917,-1,6917,6916,6918,-1,6917,6918,6919,-1,6919,6918,6920,-1,6919,6920,6921,-1,6921,6920,6922,-1,6921,6922,6923,-1,6921,6924,6919,-1,6919,6924,6925,-1,6919,6925,6917,-1,6917,6925,6926,-1,6917,6926,6915,-1,6915,6926,6927,-1,6915,6927,6913,-1,6913,6927,6928,-1,6913,6928,6911,-1,6911,6928,6929,-1,6911,6929,6909,-1,6909,6929,6930,-1,6909,6930,6907,-1,6907,6930,6931,-1,6907,6931,6905,-1,6905,6931,6932,-1,6905,6932,6903,-1,6903,6932,6933,-1,6903,6933,6901,-1,6901,6933,6934,-1,6901,6934,6899,-1,6899,6934,6935,-1,6899,6935,6897,-1,6897,6935,6936,-1,6897,6936,6895,-1,6895,6936,6937,-1,6895,6937,6893,-1,6893,6937,6938,-1,6893,6938,6891,-1,6891,6938,6939,-1,6891,6939,6889,-1,6889,6939,6940,-1,6889,6940,6887,-1,6887,6940,6941,-1,6887,6941,6885,-1,6942,6943,6944,-1,6944,6943,6945,-1,6946,6947,6948,-1,6948,6947,6949,-1,6948,6949,6950,-1,6950,6949,6951,-1,6950,6951,6952,-1,6952,6951,6953,-1,6952,6953,6954,-1,6954,6953,6955,-1,6954,6955,6956,-1,6956,6955,6957,-1,6956,6957,6958,-1,6883,6885,6884,-1,6884,6885,6941,-1,6884,6941,6959,-1,6959,6941,6940,-1,6959,6940,6960,-1,6960,6940,6939,-1,6960,6939,6961,-1,6961,6939,6938,-1,6961,6938,6962,-1,6962,6938,6937,-1,6962,6937,6963,-1,6963,6937,6936,-1,6963,6936,6964,-1,6964,6936,6935,-1,6964,6935,6965,-1,6965,6935,6934,-1,6965,6934,6966,-1,6966,6934,6933,-1,6966,6933,6967,-1,6967,6933,6932,-1,6967,6932,6968,-1,6968,6932,6931,-1,6968,6931,6969,-1,6969,6931,6930,-1,6969,6930,6970,-1,6970,6930,6929,-1,6970,6929,6971,-1,6971,6929,6928,-1,6971,6928,6972,-1,6972,6928,6927,-1,6972,6927,6973,-1,6973,6927,6926,-1,6973,6926,6974,-1,6974,6926,6925,-1,6974,6925,6975,-1,6975,6925,6924,-1,6975,6924,6976,-1,6976,6924,6921,-1,6976,6921,6977,-1,6977,6921,6923,-1,6977,6923,6978,-1,1224,1226,6979,-1,6979,1226,6980,-1,6979,6980,6981,-1,6981,6980,6982,-1,6981,6982,6983,-1,6983,6982,6984,-1,6983,6984,6985,-1,6985,6984,6986,-1,6985,6986,6987,-1,6988,6989,6990,-1,6990,6989,6991,-1,6990,6991,6992,-1,6992,6991,6993,-1,6992,6993,6994,-1,6994,6993,6995,-1,6994,6995,6996,-1,6996,6995,6997,-1,6996,6997,6998,-1,6986,6998,6987,-1,6987,6998,6997,-1,6987,6997,6999,-1,6999,6997,6995,-1,6999,6995,7000,-1,7000,6995,6993,-1,7000,6993,7001,-1,7001,6993,6991,-1,7001,6991,7002,-1,7002,6991,6989,-1,7002,6989,7003,-1,7003,6989,6988,-1,7003,6988,7004,-1,7004,6988,7005,-1,7004,7005,7006,-1,7006,7005,7007,-1,7006,7007,7008,-1,7008,7007,7009,-1,7008,7009,7010,-1,7010,7009,7011,-1,7010,7011,7012,-1,7012,7011,7013,-1,7012,7013,7014,-1,7014,7013,7015,-1,7014,7015,7016,-1,7017,7018,7019,-1,7019,7018,7020,-1,7019,7020,7021,-1,7021,7020,7022,-1,7021,7022,7023,-1,7023,7022,7024,-1,7023,7024,7025,-1,7025,7024,7026,-1,7025,7026,7027,-1,7027,7026,7028,-1,7027,7028,6942,-1,6942,7028,7029,-1,6942,7029,6943,-1,6944,6958,6942,-1,6942,6958,6957,-1,6942,6957,7027,-1,7027,6957,6955,-1,7027,6955,7025,-1,7025,6955,6953,-1,7025,6953,7023,-1,7023,6953,6951,-1,7023,6951,7021,-1,7021,6951,6949,-1,7021,6949,7019,-1,7019,6949,6947,-1,7019,6947,7017,-1,7017,6947,6946,-1,7017,6946,7030,-1,7030,6946,7031,-1,7030,7031,7032,-1,7032,7031,7033,-1,7032,7033,7034,-1,7034,7033,7035,-1,7034,7035,7036,-1,7037,7029,7038,-1,7039,7040,7041,-1,7035,1225,7036,-1,7036,1225,1224,-1,7036,1224,7042,-1,7042,1224,6979,-1,7042,6979,7043,-1,7043,6979,6981,-1,7043,6981,7044,-1,7044,6981,6983,-1,7044,6983,7045,-1,7045,6983,6985,-1,7045,6985,7046,-1,7046,6985,6987,-1,7046,6987,7047,-1,7047,6987,6999,-1,7047,6999,7048,-1,7048,6999,7000,-1,7048,7000,7049,-1,7049,7000,7001,-1,7049,7001,7050,-1,7050,7001,7002,-1,7050,7002,7051,-1,7051,7002,7003,-1,7051,7003,7052,-1,7052,7003,7004,-1,7052,7004,7053,-1,7053,7004,7006,-1,7053,7006,7054,-1,7054,7006,7008,-1,7054,7008,7055,-1,7055,7008,7010,-1,7055,7010,7056,-1,7056,7010,7012,-1,7056,7012,7057,-1,7057,7012,7014,-1,7057,7014,7058,-1,7058,7014,7016,-1,7058,7016,7059,-1,7060,7061,7062,-1,7062,7061,7059,-1,7062,7059,7063,-1,7063,7059,7016,-1,7063,7016,6978,-1,6978,7016,7015,-1,6978,7015,6977,-1,6977,7015,7013,-1,6977,7013,6976,-1,6976,7013,7011,-1,6976,7011,6975,-1,6975,7011,7009,-1,6975,7009,6974,-1,6974,7009,7007,-1,6974,7007,6973,-1,6973,7007,7005,-1,6973,7005,6972,-1,6972,7005,6988,-1,6972,6988,6971,-1,6971,6988,6990,-1,6971,6990,6970,-1,6970,6990,6992,-1,6970,6992,6969,-1,6969,6992,6994,-1,6969,6994,6968,-1,6968,6994,6996,-1,6968,6996,6967,-1,6967,6996,6998,-1,6967,6998,6966,-1,6966,6998,6986,-1,6966,6986,6965,-1,6965,6986,6984,-1,6965,6984,6964,-1,6964,6984,6982,-1,6964,6982,6963,-1,6963,6982,6980,-1,6963,6980,6962,-1,6962,6980,1226,-1,6962,1226,6961,-1,6961,1226,1225,-1,6961,1225,6960,-1,6960,1225,7035,-1,6960,7035,6959,-1,6959,7035,7033,-1,6959,7033,6884,-1,6884,7033,7031,-1,6884,7031,6882,-1,6882,7031,6946,-1,6882,6946,6867,-1,6867,6946,6948,-1,6867,6948,6868,-1,6868,6948,6950,-1,6868,6950,6870,-1,6870,6950,6952,-1,6870,6952,6872,-1,6872,6952,6954,-1,6872,6954,6874,-1,6874,6954,6956,-1,6874,6956,6876,-1,6876,6956,6958,-1,6876,6958,6878,-1,6878,6958,6944,-1,6878,6944,6880,-1,6880,6944,6945,-1,6880,6945,1227,-1,1227,6945,6830,-1,1227,6830,1228,-1,1228,6830,6832,-1,1228,6832,6833,-1,7038,7064,7037,-1,7037,7064,7065,-1,7037,7065,7066,-1,7067,1217,7068,-1,7068,1217,1216,-1,7068,1216,7039,-1,7039,1216,7069,-1,7039,7069,7040,-1,1219,1218,7070,-1,7070,1218,7071,-1,7070,7071,7072,-1,7073,7074,7060,-1,7060,7074,7075,-1,7060,7075,7061,-1,7065,7076,7066,-1,7066,7076,7077,-1,7066,7077,7078,-1,7079,7080,1215,-1,1215,7080,7081,-1,1215,7081,1216,-1,1216,7081,7082,-1,1216,7082,7069,-1,1213,1212,7083,-1,7083,1212,7084,-1,7083,7084,7085,-1,7085,7084,7086,-1,7085,7086,7087,-1,7087,7086,7088,-1,7087,7088,7089,-1,7090,7091,7073,-1,7073,7091,7092,-1,7073,7092,7074,-1,7077,7093,7078,-1,7078,7093,7094,-1,7078,7094,7095,-1,1207,7079,1208,-1,1208,7079,1215,-1,1208,1215,7096,-1,7096,1215,1217,-1,7096,1217,1220,-1,1220,1217,7067,-1,1220,7067,1218,-1,1218,7067,7097,-1,1218,7097,7071,-1,1210,1209,7098,-1,7098,1209,7099,-1,7098,7099,7100,-1,7100,7099,7101,-1,7100,7101,7102,-1,7102,7101,7103,-1,7102,7103,7104,-1,7104,7103,7105,-1,7104,7105,7106,-1,7106,7105,7107,-1,7106,7107,7108,-1,7109,7110,7090,-1,7090,7110,7111,-1,7090,7111,7091,-1,5663,5397,5664,-1,5664,5397,5399,-1,5664,5399,5665,-1,5665,5399,5401,-1,5665,5401,5666,-1,5666,5401,5403,-1,5666,5403,5667,-1,5667,5403,5405,-1,5667,5405,5668,-1,5668,5405,5407,-1,5668,5407,5669,-1,5669,5407,5409,-1,5669,5409,5670,-1,5670,5409,5411,-1,5670,5411,5671,-1,5671,5411,5413,-1,5671,5413,5672,-1,5672,5413,5415,-1,5672,5415,5673,-1,5673,5415,5417,-1,5673,5417,5674,-1,5674,5417,5419,-1,5674,5419,5675,-1,5675,5419,5420,-1,5675,5420,5676,-1,5676,5420,5421,-1,5676,5421,5677,-1,5677,5421,5422,-1,5677,5422,5547,-1,5547,5422,5465,-1,5547,5465,5546,-1,5546,5465,5466,-1,5546,5466,5550,-1,5550,5466,5467,-1,5550,5467,5549,-1,5549,5467,5468,-1,5549,5468,5548,-1,5548,5468,5469,-1,5548,5469,1306,-1,1306,5469,5470,-1,1306,5470,1307,-1,1307,5470,5471,-1,1307,5471,5626,-1,5626,5471,5472,-1,5626,5472,5633,-1,5633,5472,5473,-1,5633,5473,5640,-1,5640,5473,1303,-1,5640,1303,5680,-1,5680,1303,1302,-1,5680,1302,6691,-1,6691,1302,5740,-1,6691,5740,6692,-1,6692,5740,6322,-1,6692,6322,6693,-1,6693,6322,6321,-1,6693,6321,6694,-1,6694,6321,6320,-1,6694,6320,6695,-1,6695,6320,6319,-1,6695,6319,6696,-1,6696,6319,6318,-1,6696,6318,6697,-1,6697,6318,6317,-1,6697,6317,6698,-1,6698,6317,6316,-1,6698,6316,6699,-1,6699,6316,6315,-1,6699,6315,6700,-1,6700,6315,6314,-1,6700,6314,6701,-1,6701,6314,6312,-1,6701,6312,6250,-1,6250,6312,6310,-1,6250,6310,6248,-1,6248,6310,6308,-1,6248,6308,6246,-1,6246,6308,6306,-1,6246,6306,6244,-1,6244,6306,6304,-1,6244,6304,6242,-1,6242,6304,6302,-1,6242,6302,6240,-1,6240,6302,6300,-1,6240,6300,6238,-1,6238,6300,6298,-1,6238,6298,6236,-1,6236,6298,6296,-1,6236,6296,6234,-1,6234,6296,6294,-1,6234,6294,6232,-1,6232,6294,6292,-1,6232,6292,6230,-1,6230,6292,6290,-1,6230,6290,6228,-1,6228,6290,6288,-1,6228,6288,6226,-1,6226,6288,6286,-1,6226,6286,6224,-1,6224,6286,6284,-1,6224,6284,6222,-1,6222,6284,6282,-1,6222,6282,6220,-1,6220,6282,6280,-1,6220,6280,6218,-1,6218,6280,6278,-1,6218,6278,6216,-1,6216,6278,6276,-1,6216,6276,1607,-1,1607,6276,1239,-1,1607,1239,1608,-1,1608,1239,1241,-1,1608,1241,6702,-1,6702,1241,6432,-1,6702,6432,6611,-1,6611,6432,6434,-1,6611,6434,6609,-1,6609,6434,6517,-1,6609,6517,6607,-1,6607,6517,6512,-1,6607,6512,6605,-1,6605,6512,6511,-1,6605,6511,6603,-1,6603,6511,6613,-1,6603,6613,6601,-1,6601,6613,6612,-1,6601,6612,6599,-1,6599,6612,6704,-1,6599,6704,6597,-1,6597,6704,1237,-1,6597,1237,6703,-1,6703,1237,1236,-1,6703,1236,7112,-1,7112,1236,1234,-1,7112,1234,6831,-1,6831,1234,1233,-1,6831,1233,6832,-1,6832,1233,6819,-1,6832,6819,6833,-1,6833,6819,6820,-1,6833,6820,6834,-1,6834,6820,6821,-1,6834,6821,6836,-1,6836,6821,6822,-1,6836,6822,6838,-1,6838,6822,6823,-1,6838,6823,6840,-1,6840,6823,6824,-1,6840,6824,6842,-1,6842,6824,6825,-1,6842,6825,6844,-1,6844,6825,6826,-1,6844,6826,6881,-1,6881,6826,6845,-1,6881,6845,6883,-1,6883,6845,6846,-1,6883,6846,6885,-1,6885,6846,6847,-1,6885,6847,6886,-1,6886,6847,6848,-1,6886,6848,6888,-1,6888,6848,6849,-1,6888,6849,6890,-1,6890,6849,6850,-1,6890,6850,6892,-1,6892,6850,6851,-1,6892,6851,6894,-1,6894,6851,6852,-1,6894,6852,6896,-1,6896,6852,6853,-1,6896,6853,6898,-1,6898,6853,6854,-1,6898,6854,6900,-1,6900,6854,6855,-1,6900,6855,6902,-1,6902,6855,6856,-1,6902,6856,6904,-1,6904,6856,6857,-1,6904,6857,6906,-1,6906,6857,6858,-1,6906,6858,6908,-1,6908,6858,6859,-1,6908,6859,6910,-1,6910,6859,6860,-1,6910,6860,6912,-1,6912,6860,6861,-1,6912,6861,6914,-1,6914,6861,6862,-1,6914,6862,6916,-1,6916,6862,6863,-1,6916,6863,6918,-1,6918,6863,6864,-1,6918,6864,6920,-1,6920,6864,6865,-1,6920,6865,6922,-1,6922,6865,6866,-1,6922,6866,6923,-1,6923,6866,7113,-1,6923,7113,6978,-1,6978,7113,7114,-1,6978,7114,7063,-1,7063,7114,7115,-1,7063,7115,7062,-1,7062,7115,7116,-1,7062,7116,7060,-1,7060,7116,7117,-1,7060,7117,7073,-1,7073,7117,7118,-1,7073,7118,7090,-1,7090,7118,7119,-1,7090,7119,7109,-1,7109,7119,7120,-1,7109,7120,7121,-1,7094,7122,7095,-1,7095,7122,7123,-1,7095,7123,7124,-1,1201,1206,1202,-1,1202,1206,1208,-1,1202,1208,7125,-1,7125,1208,7096,-1,7125,7096,1214,-1,1214,7096,1220,-1,1214,1220,1212,-1,1212,1220,1219,-1,1212,1219,7084,-1,7084,1219,7070,-1,7084,7070,7086,-1,7086,7070,7072,-1,7086,7072,7088,-1,1204,1203,7126,-1,7126,1203,7127,-1,7126,7127,7128,-1,7128,7127,7129,-1,7128,7129,7130,-1,7130,7129,7131,-1,7130,7131,7132,-1,7132,7131,7133,-1,7132,7133,7134,-1,7134,7133,7135,-1,7134,7135,7136,-1,7136,7135,7137,-1,7136,7137,7138,-1,7138,7137,7139,-1,7138,7139,7140,-1,1604,1603,7141,-1,7141,1603,7142,-1,7141,7142,7143,-1,7143,7142,7144,-1,7143,7144,7145,-1,7145,7144,7146,-1,7145,7146,7147,-1,7147,7146,7148,-1,7147,7148,7149,-1,7149,7148,7150,-1,7149,7150,7151,-1,7151,7150,7152,-1,7151,7152,7153,-1,7153,7152,7154,-1,7153,7154,7155,-1,7155,7154,7156,-1,7155,7156,7157,-1,7157,7156,7158,-1,7157,7158,7159,-1,7160,7161,7121,-1,7121,7161,7162,-1,7121,7162,7109,-1,7109,7162,7163,-1,7109,7163,7110,-1,7123,7164,7124,-1,7124,7164,7165,-1,7124,7165,7166,-1,1198,1200,1199,-1,1199,1200,1202,-1,1199,1202,7167,-1,7167,1202,7125,-1,7167,7125,1211,-1,1211,7125,1214,-1,1211,1214,1209,-1,1209,1214,1213,-1,1209,1213,7099,-1,7099,1213,7083,-1,7099,7083,7101,-1,7101,7083,7085,-1,7101,7085,7103,-1,7103,7085,7087,-1,7103,7087,7105,-1,7105,7087,7089,-1,7105,7089,7107,-1,1601,1600,7168,-1,7168,1600,7169,-1,7168,7169,7170,-1,7170,7169,7171,-1,7170,7171,7172,-1,7172,7171,7173,-1,7172,7173,7174,-1,7174,7173,7175,-1,7174,7175,7176,-1,7176,7175,7177,-1,7176,7177,7178,-1,7178,7177,7179,-1,7178,7179,7180,-1,7180,7179,7181,-1,7180,7181,7182,-1,7182,7181,7183,-1,7182,7183,7184,-1,7184,7183,7185,-1,7184,7185,7186,-1,7186,7185,7187,-1,7186,7187,7188,-1,7188,7187,7189,-1,7188,7189,7190,-1,7191,7192,7193,-1,7193,7192,7194,-1,7193,7194,7195,-1,7195,7194,7196,-1,7195,7196,7197,-1,7197,7196,7198,-1,7197,7198,7199,-1,7199,7198,7200,-1,7199,7200,7201,-1,7201,7200,7202,-1,7201,7202,7203,-1,7203,7202,7204,-1,7203,7204,7205,-1,7205,7204,7206,-1,7205,7206,7207,-1,7207,7206,7208,-1,7207,7208,7209,-1,7209,7208,7210,-1,7209,7210,7211,-1,7211,7210,7212,-1,7211,7212,7213,-1,7213,7212,7214,-1,7213,7214,7215,-1,7215,7214,7216,-1,7215,7216,7217,-1,7165,7218,7166,-1,7166,7218,7219,-1,7166,7219,7220,-1,1195,1197,1196,-1,1196,1197,1199,-1,1196,1199,7221,-1,7221,1199,7167,-1,7221,7167,1205,-1,1205,7167,1211,-1,1205,1211,1203,-1,1203,1211,1210,-1,1203,1210,7127,-1,7127,1210,7098,-1,7127,7098,7129,-1,7129,7098,7100,-1,7129,7100,7131,-1,7131,7100,7102,-1,7131,7102,7133,-1,7133,7102,7104,-1,7133,7104,7135,-1,7135,7104,7106,-1,7135,7106,7137,-1,7137,7106,7108,-1,7137,7108,7139,-1,7222,7223,7224,-1,7219,7225,7220,-1,7220,7225,7226,-1,7220,7226,7227,-1,1192,1194,1193,-1,1193,1194,1196,-1,1193,1196,7228,-1,7228,1196,7221,-1,7228,7221,7229,-1,7229,7221,1205,-1,7229,1205,7230,-1,7230,1205,1204,-1,7230,1204,7231,-1,7231,1204,7126,-1,7231,7126,7232,-1,7232,7126,7128,-1,7232,7128,7233,-1,7233,7128,7130,-1,7233,7130,7234,-1,7234,7130,7132,-1,7234,7132,7235,-1,7235,7132,7134,-1,7235,7134,7236,-1,7236,7134,7136,-1,7236,7136,7237,-1,7237,7136,7138,-1,7237,7138,7238,-1,7238,7138,7140,-1,7238,7140,7239,-1,1222,1221,7240,-1,7240,1221,7241,-1,7240,7241,7242,-1,7242,7241,7243,-1,7242,7243,7244,-1,7244,7243,7245,-1,7244,7245,7246,-1,7246,7245,7247,-1,7246,7247,7248,-1,7248,7247,7249,-1,7248,7249,7250,-1,7250,7249,7251,-1,7250,7251,7252,-1,7252,7251,7253,-1,7252,7253,7254,-1,7254,7253,7255,-1,7254,7255,7256,-1,7256,7255,7257,-1,7256,7257,7258,-1,7258,7257,7259,-1,7258,7259,7260,-1,7260,7259,7261,-1,7260,7261,7262,-1,7262,7261,7263,-1,7262,7263,7264,-1,7265,7266,7267,-1,7267,7266,7268,-1,7267,7268,7269,-1,7269,7268,7270,-1,7269,7270,7271,-1,7271,7270,7272,-1,7271,7272,7273,-1,7273,7272,7274,-1,7273,7274,7275,-1,7275,7274,7276,-1,7275,7276,7277,-1,7277,7276,7278,-1,7277,7278,7279,-1,7279,7278,7280,-1,7279,7280,7281,-1,7281,7280,7282,-1,7281,7282,7283,-1,7283,7282,7284,-1,7283,7284,7285,-1,7285,7284,7286,-1,7285,7286,7287,-1,7287,7286,7288,-1,7287,7288,7289,-1,7289,7288,7290,-1,7289,7290,7291,-1,7291,7290,7292,-1,7291,7292,7293,-1,7293,7292,7294,-1,7293,7294,7295,-1,7296,1598,7297,-1,7297,1598,1597,-1,7297,1597,7224,-1,7224,7223,7297,-1,7297,7223,7298,-1,7297,7298,7296,-1,7299,7298,7300,-1,7300,7298,7223,-1,7300,7223,7301,-1,7301,7223,7222,-1,7301,7222,7302,-1,7226,7303,7227,-1,7227,7303,7304,-1,7227,7304,7305,-1,1189,1191,1190,-1,1190,1191,1193,-1,1190,1193,7306,-1,7306,1193,7228,-1,7306,7228,7307,-1,7307,7228,7229,-1,7307,7229,1605,-1,1605,7229,7230,-1,1605,7230,1603,-1,1603,7230,7231,-1,1603,7231,7142,-1,7142,7231,7232,-1,7142,7232,7144,-1,7144,7232,7233,-1,7144,7233,7146,-1,7146,7233,7234,-1,7146,7234,7148,-1,7148,7234,7235,-1,7148,7235,7150,-1,7150,7235,7236,-1,7150,7236,7152,-1,7152,7236,7237,-1,7152,7237,7154,-1,7154,7237,7238,-1,7154,7238,7156,-1,7156,7238,7239,-1,7156,7239,7158,-1,7308,7309,7310,-1,7310,7309,7311,-1,7310,7311,7312,-1,7312,7311,7313,-1,7312,7313,7314,-1,7314,7313,7315,-1,7309,1599,7311,-1,7311,1599,1598,-1,7311,1598,7313,-1,7313,1598,7296,-1,7313,7296,7315,-1,7315,7296,7298,-1,7315,7298,7316,-1,7316,7298,7299,-1,7316,7299,7317,-1,7304,7318,7305,-1,7305,7318,7319,-1,7305,7319,7320,-1,1186,1188,1187,-1,1187,1188,1190,-1,1187,1190,7321,-1,7321,1190,7306,-1,7321,7306,7264,-1,7264,7306,7307,-1,7264,7307,7262,-1,7262,7307,1605,-1,7262,1605,7260,-1,7260,1605,1604,-1,7260,1604,7258,-1,7258,1604,7141,-1,7258,7141,7256,-1,7256,7141,7143,-1,7256,7143,7254,-1,7254,7143,7145,-1,7254,7145,7252,-1,7252,7145,7147,-1,7252,7147,7250,-1,7250,7147,7149,-1,7250,7149,7248,-1,7248,7149,7151,-1,7248,7151,7246,-1,7246,7151,7153,-1,7246,7153,7244,-1,7244,7153,7155,-1,7244,7155,7242,-1,7242,7155,7157,-1,7242,7157,7240,-1,7240,7157,7159,-1,7240,7159,1222,-1,7190,7265,7188,-1,7188,7265,7267,-1,7188,7267,7186,-1,7186,7267,7269,-1,7186,7269,7184,-1,7184,7269,7271,-1,7184,7271,7182,-1,7182,7271,7273,-1,7182,7273,7180,-1,7180,7273,7275,-1,7180,7275,7178,-1,7178,7275,7277,-1,7178,7277,7176,-1,7176,7277,7279,-1,7176,7279,7174,-1,7174,7279,7281,-1,7174,7281,7172,-1,7172,7281,7283,-1,7172,7283,7170,-1,7170,7283,7285,-1,7170,7285,7168,-1,7168,7285,7287,-1,7168,7287,1601,-1,1601,7287,7289,-1,1601,7289,1602,-1,1602,7289,7291,-1,1602,7291,7322,-1,7322,7291,7293,-1,7322,7293,7323,-1,7323,7293,7295,-1,7323,7295,7324,-1,7324,7295,7325,-1,7324,7325,7326,-1,7327,7328,7329,-1,7329,7328,7330,-1,7329,7330,7331,-1,7331,7330,7332,-1,7331,7332,7333,-1,7333,7332,7334,-1,7333,7334,7335,-1,7335,7334,7336,-1,7335,7336,7337,-1,7337,7336,7338,-1,7337,7338,7339,-1,7339,7338,7340,-1,7339,7340,7341,-1,7341,7340,7342,-1,7341,7342,7343,-1,7343,7342,7344,-1,7343,7344,7345,-1,7345,7344,7346,-1,7345,7346,7347,-1,7347,7346,7348,-1,7347,7348,7349,-1,7349,7348,7350,-1,7349,7350,7351,-1,7351,7350,7352,-1,7351,7352,7353,-1,7353,7352,7354,-1,7353,7354,7355,-1,7356,7357,7358,-1,7358,7357,7359,-1,7358,7359,7360,-1,7360,7359,7361,-1,7360,7361,7362,-1,7362,7361,7363,-1,7362,7363,7364,-1,7364,7363,7365,-1,7364,7365,7366,-1,7366,7365,7367,-1,7366,7367,7368,-1,7368,7367,7369,-1,7368,7369,7370,-1,7370,7369,7371,-1,7357,7308,7359,-1,7359,7308,7310,-1,7359,7310,7361,-1,7361,7310,7312,-1,7361,7312,7363,-1,7363,7312,7314,-1,7363,7314,7365,-1,7365,7314,7315,-1,7365,7315,7367,-1,7367,7315,7316,-1,7367,7316,7369,-1,7369,7316,7317,-1,7369,7317,7371,-1,7319,7372,7320,-1,7320,7372,7373,-1,7320,7373,7374,-1,1183,1185,1184,-1,1184,1185,1187,-1,1184,1187,7326,-1,7326,1187,7321,-1,7326,7321,7324,-1,7324,7321,7264,-1,7324,7264,7323,-1,7323,7264,7263,-1,7323,7263,7322,-1,7322,7263,7261,-1,7322,7261,1602,-1,1602,7261,7259,-1,1602,7259,1600,-1,1600,7259,7257,-1,1600,7257,7169,-1,7169,7257,7255,-1,7169,7255,7171,-1,7171,7255,7253,-1,7171,7253,7173,-1,7173,7253,7251,-1,7173,7251,7175,-1,7175,7251,7249,-1,7175,7249,7177,-1,7177,7249,7247,-1,7177,7247,7179,-1,7179,7247,7245,-1,7179,7245,7181,-1,7181,7245,7243,-1,7181,7243,7183,-1,7183,7243,7241,-1,7183,7241,7185,-1,7185,7241,1221,-1,7185,1221,7187,-1,7187,1221,1223,-1,7187,1223,7189,-1,7375,7376,7377,-1,7377,7376,7378,-1,7377,7378,7379,-1,7379,7378,7380,-1,7379,7380,7381,-1,7381,7380,7382,-1,7381,7382,7383,-1,7383,7382,7384,-1,7383,7384,7385,-1,7385,7384,7386,-1,7385,7386,7387,-1,7387,7386,7388,-1,7387,7388,7389,-1,7389,7388,7390,-1,7376,7356,7378,-1,7378,7356,7358,-1,7378,7358,7380,-1,7380,7358,7360,-1,7380,7360,7382,-1,7382,7360,7362,-1,7382,7362,7384,-1,7384,7362,7364,-1,7384,7364,7386,-1,7386,7364,7366,-1,7386,7366,7388,-1,7388,7366,7368,-1,7388,7368,7390,-1,7390,7368,7370,-1,7390,7370,7391,-1,7391,7370,7371,-1,7391,7371,7392,-1,7373,7393,7374,-1,7374,7393,7394,-1,7374,7394,7395,-1,1180,1182,1181,-1,1181,1182,1184,-1,1181,1184,7396,-1,7396,1184,7326,-1,7396,7326,7397,-1,7397,7326,7325,-1,7397,7325,7398,-1,7398,7325,7295,-1,7398,7295,7399,-1,7399,7295,7294,-1,7399,7294,7400,-1,7400,7294,7292,-1,7400,7292,7401,-1,7401,7292,7290,-1,7401,7290,7402,-1,7402,7290,7288,-1,7402,7288,7403,-1,7403,7288,7286,-1,7403,7286,7404,-1,7404,7286,7284,-1,7404,7284,7405,-1,7405,7284,7282,-1,7405,7282,7406,-1,7406,7282,7280,-1,7406,7280,7407,-1,7407,7280,7278,-1,7407,7278,7408,-1,7408,7278,7276,-1,7408,7276,7409,-1,7409,7276,7274,-1,7409,7274,7410,-1,7410,7274,7272,-1,7410,7272,7411,-1,7411,7272,7270,-1,7411,7270,7412,-1,7412,7270,7268,-1,7412,7268,7413,-1,7413,7268,7266,-1,7414,7415,7416,-1,7416,7415,7355,-1,7416,7355,7417,-1,7417,7355,7354,-1,7417,7354,7418,-1,7418,7354,7352,-1,7418,7352,7419,-1,7419,7352,7350,-1,7419,7350,7420,-1,7420,7350,7348,-1,7420,7348,7421,-1,7421,7348,7346,-1,7421,7346,7422,-1,7422,7346,7344,-1,7422,7344,7423,-1,7423,7344,7342,-1,7423,7342,7424,-1,7424,7342,7340,-1,7424,7340,7425,-1,7425,7340,7338,-1,7425,7338,7426,-1,7426,7338,7336,-1,7426,7336,7427,-1,7427,7336,7334,-1,7427,7334,7428,-1,7428,7334,7332,-1,7428,7332,7429,-1,7429,7332,7330,-1,7429,7330,7430,-1,7430,7330,7328,-1,7431,7432,7433,-1,7433,7432,7434,-1,7433,7434,7435,-1,7435,7434,7436,-1,7435,7436,7437,-1,7437,7436,7438,-1,7437,7438,7439,-1,7439,7438,7440,-1,7439,7440,7441,-1,7441,7440,7442,-1,7441,7442,7443,-1,7443,7442,7444,-1,7443,7444,7445,-1,7445,7444,7446,-1,7445,7446,7447,-1,7447,7446,7448,-1,7447,7448,7449,-1,7449,7448,7450,-1,7449,7450,7451,-1,7451,7450,7452,-1,7432,7375,7434,-1,7434,7375,7377,-1,7434,7377,7436,-1,7436,7377,7379,-1,7436,7379,7438,-1,7438,7379,7381,-1,7438,7381,7440,-1,7440,7381,7383,-1,7440,7383,7442,-1,7442,7383,7385,-1,7442,7385,7444,-1,7444,7385,7387,-1,7444,7387,7446,-1,7446,7387,7389,-1,7446,7389,7448,-1,7448,7389,7390,-1,7448,7390,7450,-1,7450,7390,7391,-1,7450,7391,7452,-1,7452,7391,7392,-1,7452,7392,7453,-1,7394,7454,7395,-1,7395,7454,7455,-1,7395,7455,7456,-1,1177,1179,1178,-1,1178,1179,1181,-1,1178,1181,7457,-1,7457,1181,7396,-1,7457,7396,7458,-1,7458,7396,7397,-1,7458,7397,7459,-1,7459,7397,7398,-1,7459,7398,7460,-1,7460,7398,7399,-1,7460,7399,7461,-1,7461,7399,7400,-1,7461,7400,7462,-1,7462,7400,7401,-1,7462,7401,7463,-1,7463,7401,7402,-1,7463,7402,7464,-1,7464,7402,7403,-1,7464,7403,7465,-1,7465,7403,7404,-1,7465,7404,7466,-1,7466,7404,7405,-1,7466,7405,7467,-1,7467,7405,7406,-1,7467,7406,7468,-1,7468,7406,7407,-1,7468,7407,7469,-1,7469,7407,7408,-1,7469,7408,7470,-1,7470,7408,7409,-1,7470,7409,7471,-1,7471,7409,7410,-1,7471,7410,7472,-1,7472,7410,7411,-1,7472,7411,7473,-1,7473,7411,7412,-1,7473,7412,7474,-1,7474,7412,7413,-1,7475,7476,7477,-1,7478,7327,7479,-1,7479,7327,7329,-1,7479,7329,7480,-1,7480,7329,7331,-1,7480,7331,7481,-1,7481,7331,7333,-1,7481,7333,7482,-1,7482,7333,7335,-1,7482,7335,7483,-1,7483,7335,7337,-1,7483,7337,7484,-1,7484,7337,7339,-1,7484,7339,7485,-1,7485,7339,7341,-1,7485,7341,7486,-1,7486,7341,7343,-1,7486,7343,7487,-1,7487,7343,7345,-1,7487,7345,7488,-1,7488,7345,7347,-1,7488,7347,7489,-1,7489,7347,7349,-1,7489,7349,7490,-1,7490,7349,7351,-1,7490,7351,7491,-1,7491,7351,7353,-1,7491,7353,7492,-1,7492,7353,7355,-1,7492,7355,7493,-1,7493,7355,7415,-1,7493,7415,7475,-1,7475,7415,7414,-1,7475,7414,7476,-1,7494,7495,7496,-1,7496,7495,7497,-1,7496,7497,7498,-1,7498,7497,7499,-1,7498,7499,7500,-1,7500,7499,7501,-1,7500,7501,7502,-1,7502,7501,7503,-1,7502,7503,7504,-1,7504,7503,7505,-1,7504,7505,7506,-1,7506,7505,7507,-1,7506,7507,7508,-1,7508,7507,7509,-1,7508,7509,7510,-1,7510,7509,7511,-1,7510,7511,7512,-1,7512,7511,7513,-1,7512,7513,7514,-1,7514,7513,7515,-1,7514,7515,7516,-1,7516,7515,7517,-1,7516,7517,7518,-1,7518,7517,7519,-1,7518,7519,7520,-1,7520,7519,7521,-1,7520,7521,7522,-1,7522,7521,7523,-1,7524,7431,7525,-1,7525,7431,7433,-1,7525,7433,7526,-1,7526,7433,7435,-1,7526,7435,7527,-1,7527,7435,7437,-1,7527,7437,7528,-1,7528,7437,7439,-1,7528,7439,7529,-1,7529,7439,7441,-1,7529,7441,7530,-1,7530,7441,7443,-1,7530,7443,7531,-1,7531,7443,7445,-1,7531,7445,7532,-1,7532,7445,7447,-1,7532,7447,7533,-1,7533,7447,7449,-1,7533,7449,7534,-1,7534,7449,7451,-1,7534,7451,7535,-1,7535,7451,7452,-1,7535,7452,7536,-1,7536,7452,7453,-1,7536,7453,7537,-1,7455,7538,7456,-1,7456,7538,7539,-1,7456,7539,7540,-1,1174,1176,1175,-1,1175,1176,1178,-1,1175,1178,7477,-1,7477,1178,7457,-1,7477,7457,7475,-1,7475,7457,7458,-1,7475,7458,7493,-1,7493,7458,7459,-1,7493,7459,7492,-1,7492,7459,7460,-1,7492,7460,7491,-1,7491,7460,7461,-1,7491,7461,7490,-1,7490,7461,7462,-1,7490,7462,7489,-1,7489,7462,7463,-1,7489,7463,7488,-1,7488,7463,7464,-1,7488,7464,7487,-1,7487,7464,7465,-1,7487,7465,7486,-1,7486,7465,7466,-1,7486,7466,7485,-1,7485,7466,7467,-1,7485,7467,7484,-1,7484,7467,7468,-1,7484,7468,7483,-1,7483,7468,7469,-1,7483,7469,7482,-1,7482,7469,7470,-1,7482,7470,7481,-1,7481,7470,7471,-1,7481,7471,7480,-1,7480,7471,7472,-1,7480,7472,7479,-1,7479,7472,7473,-1,7479,7473,7478,-1,7478,7473,7474,-1,7541,7542,7543,-1,7543,7542,7544,-1,7543,7544,7545,-1,7545,7544,7546,-1,7545,7546,7547,-1,7547,7546,7548,-1,7547,7548,7549,-1,7549,7548,7550,-1,7549,7550,7551,-1,7551,7550,7552,-1,7551,7552,7553,-1,7553,7552,7554,-1,7553,7554,7555,-1,7555,7554,7556,-1,7555,7556,7557,-1,7557,7556,7558,-1,7557,7558,7559,-1,7559,7558,7560,-1,7559,7560,7561,-1,7561,7560,7562,-1,7561,7562,7563,-1,7563,7562,7564,-1,7563,7564,7565,-1,7565,7564,7566,-1,7565,7566,7567,-1,7567,7566,7568,-1,7542,7569,7544,-1,7544,7569,7570,-1,7544,7570,7546,-1,7546,7570,7571,-1,7546,7571,7548,-1,7548,7571,7572,-1,7548,7572,7550,-1,7550,7572,7573,-1,7550,7573,7552,-1,7552,7573,7574,-1,7552,7574,7554,-1,7554,7574,7575,-1,7554,7575,7556,-1,7556,7575,7576,-1,7556,7576,7558,-1,7558,7576,7577,-1,7558,7577,7560,-1,7560,7577,7578,-1,7560,7578,7562,-1,7562,7578,7579,-1,7562,7579,7564,-1,7564,7579,7580,-1,7564,7580,7566,-1,7566,7580,7581,-1,7566,7581,7568,-1,7568,7581,7582,-1,7568,7582,7583,-1,7539,7584,7540,-1,7540,7584,7585,-1,7540,7585,7586,-1,1171,1173,1172,-1,1172,1173,1175,-1,1172,1175,7587,-1,7587,1175,7477,-1,7587,7477,7588,-1,7588,7477,7476,-1,7588,7476,7589,-1,7589,7476,7414,-1,7589,7414,7590,-1,7590,7414,7416,-1,7590,7416,7591,-1,7591,7416,7417,-1,7591,7417,7592,-1,7592,7417,7418,-1,7592,7418,7593,-1,7593,7418,7419,-1,7593,7419,7594,-1,7594,7419,7420,-1,7594,7420,7595,-1,7595,7420,7421,-1,7595,7421,7596,-1,7596,7421,7422,-1,7596,7422,7597,-1,7597,7422,7423,-1,7597,7423,7598,-1,7598,7423,7424,-1,7598,7424,7599,-1,7599,7424,7425,-1,7599,7425,7600,-1,7600,7425,7426,-1,7600,7426,7601,-1,7601,7426,7427,-1,7601,7427,7602,-1,7602,7427,7428,-1,7602,7428,7603,-1,7603,7428,7429,-1,7603,7429,7604,-1,7604,7429,7430,-1,7605,7606,7607,-1,7608,7523,7609,-1,7609,7523,7521,-1,7609,7521,7610,-1,7610,7521,7519,-1,7610,7519,7611,-1,7611,7519,7517,-1,7611,7517,7612,-1,7612,7517,7515,-1,7612,7515,7613,-1,7613,7515,7513,-1,7613,7513,7614,-1,7614,7513,7511,-1,7614,7511,7615,-1,7615,7511,7509,-1,7615,7509,7616,-1,7616,7509,7507,-1,7616,7507,7617,-1,7617,7507,7505,-1,7617,7505,7618,-1,7618,7505,7503,-1,7618,7503,7619,-1,7619,7503,7501,-1,7619,7501,7620,-1,7620,7501,7499,-1,7620,7499,7621,-1,7621,7499,7497,-1,7621,7497,7622,-1,7622,7497,7495,-1,7622,7495,7605,-1,7605,7495,7494,-1,7605,7494,7606,-1,7623,7541,7624,-1,7624,7541,7543,-1,7624,7543,7625,-1,7625,7543,7545,-1,7625,7545,7626,-1,7626,7545,7547,-1,7626,7547,7627,-1,7627,7547,7549,-1,7627,7549,7628,-1,7628,7549,7551,-1,7628,7551,7629,-1,7629,7551,7553,-1,7629,7553,7630,-1,7630,7553,7555,-1,7630,7555,7631,-1,7631,7555,7557,-1,7631,7557,7632,-1,7632,7557,7559,-1,7632,7559,7633,-1,7633,7559,7561,-1,7633,7561,7634,-1,7634,7561,7563,-1,7634,7563,7635,-1,7635,7563,7565,-1,7635,7565,7636,-1,7636,7565,7567,-1,7636,7567,7637,-1,7637,7567,7568,-1,7637,7568,7638,-1,7638,7568,7583,-1,7638,7583,7639,-1,7585,7640,7586,-1,7586,7640,7641,-1,7586,7641,7642,-1,7642,7641,7643,-1,7642,7643,7644,-1,1168,1170,1169,-1,1169,1170,1172,-1,1169,1172,7645,-1,7645,1172,7587,-1,7645,7587,7646,-1,7646,7587,7588,-1,7646,7588,7647,-1,7647,7588,7589,-1,7647,7589,7648,-1,7648,7589,7590,-1,7648,7590,7649,-1,7649,7590,7591,-1,7649,7591,7650,-1,7650,7591,7592,-1,7650,7592,7651,-1,7651,7592,7593,-1,7651,7593,7652,-1,7652,7593,7594,-1,7652,7594,7653,-1,7653,7594,7595,-1,7653,7595,7654,-1,7654,7595,7596,-1,7654,7596,7655,-1,7655,7596,7597,-1,7655,7597,7656,-1,7656,7597,7598,-1,7656,7598,7657,-1,7657,7598,7599,-1,7657,7599,7658,-1,7658,7599,7600,-1,7658,7600,7659,-1,7659,7600,7601,-1,7659,7601,7660,-1,7660,7601,7602,-1,7660,7602,7661,-1,7661,7602,7603,-1,7661,7603,7662,-1,7662,7603,7604,-1,1165,7663,1166,-1,1166,7663,7664,-1,1166,7664,7665,-1,7665,7664,7666,-1,7665,7666,7667,-1,7667,7666,7668,-1,7667,7668,7669,-1,7669,7668,7670,-1,7669,7670,7671,-1,7671,7670,7672,-1,7671,7672,7673,-1,7673,7672,7674,-1,7673,7674,7675,-1,7675,7674,7676,-1,7675,7676,7677,-1,7677,7676,7678,-1,7677,7678,7679,-1,7679,7678,7680,-1,7679,7680,7681,-1,7681,7680,7682,-1,7681,7682,7683,-1,7683,7682,7684,-1,7683,7684,7685,-1,7685,7684,7686,-1,7685,7686,7687,-1,7687,7686,7688,-1,7687,7688,7689,-1,7689,7688,7690,-1,7689,7690,7691,-1,7691,7690,7692,-1,7691,7692,7693,-1,7693,7692,7694,-1,7693,7694,7695,-1,7696,7041,7697,-1,7697,7041,7040,-1,7697,7040,7698,-1,7698,7040,7069,-1,7698,7069,7699,-1,7699,7069,7082,-1,7699,7082,7700,-1,7700,7082,7081,-1,7700,7081,7701,-1,7701,7081,7080,-1,7701,7080,7702,-1,7702,7080,7079,-1,7702,7079,7703,-1,7703,7079,1207,-1,7703,1207,7704,-1,7704,1207,1206,-1,7704,1206,7705,-1,7705,1206,1201,-1,7705,1201,7706,-1,7706,1201,1200,-1,7706,1200,7707,-1,7707,1200,1198,-1,7707,1198,7708,-1,7708,1198,1197,-1,7708,1197,7709,-1,7709,1197,1195,-1,7709,1195,7710,-1,7710,1195,1194,-1,7710,1194,7711,-1,7711,1194,1192,-1,7711,1192,7712,-1,7712,1192,1191,-1,7712,1191,7713,-1,7713,1191,1189,-1,7713,1189,7714,-1,7714,1189,1188,-1,7714,1188,7715,-1,7715,1188,1186,-1,7715,1186,7716,-1,7716,1186,1185,-1,7716,1185,7717,-1,7717,1185,1183,-1,7717,1183,7718,-1,7718,1183,1182,-1,7718,1182,7719,-1,7719,1182,1180,-1,7719,1180,7720,-1,7720,1180,1179,-1,7720,1179,7721,-1,7721,1179,1177,-1,7721,1177,7722,-1,7722,1177,1176,-1,7722,1176,7723,-1,7723,1176,1174,-1,7723,1174,7724,-1,7724,1174,1173,-1,7724,1173,7725,-1,7725,1173,1171,-1,7725,1171,7726,-1,7726,1171,1170,-1,7726,1170,7727,-1,7727,1170,1168,-1,7727,1168,7728,-1,7728,1168,1167,-1,7728,1167,7729,-1,1164,1166,7730,-1,7730,1166,7665,-1,7730,7665,7731,-1,7731,7665,7667,-1,7731,7667,7732,-1,7732,7667,7669,-1,7732,7669,7733,-1,7733,7669,7671,-1,7733,7671,7734,-1,7734,7671,7673,-1,7734,7673,7735,-1,7735,7673,7675,-1,7735,7675,7736,-1,7736,7675,7677,-1,7736,7677,7737,-1,7737,7677,7679,-1,7737,7679,7738,-1,7738,7679,7681,-1,7738,7681,7739,-1,7739,7681,7683,-1,7739,7683,7740,-1,7740,7683,7685,-1,7740,7685,7741,-1,7741,7685,7687,-1,7741,7687,7742,-1,7742,7687,7689,-1,7742,7689,7743,-1,7743,7689,7691,-1,7743,7691,7744,-1,7744,7691,7693,-1,7744,7693,7745,-1,7745,7693,7695,-1,7745,7695,7746,-1,7643,7747,7644,-1,7644,7747,7748,-1,7644,7748,7749,-1,7750,7751,7752,-1,7752,7751,7753,-1,7752,7753,7754,-1,7754,7753,7755,-1,7754,7755,7756,-1,7756,7755,7757,-1,7756,7757,7758,-1,7758,7757,7759,-1,7758,7759,7760,-1,7760,7759,7761,-1,7760,7761,7762,-1,7762,7761,7763,-1,7762,7763,7764,-1,7764,7763,7765,-1,7764,7765,7766,-1,7766,7765,7767,-1,7766,7767,7768,-1,7768,7767,7769,-1,7768,7769,7770,-1,7770,7769,7771,-1,7770,7771,7772,-1,7772,7771,7773,-1,7772,7773,7774,-1,7774,7773,7775,-1,7774,7775,7776,-1,7776,7775,7777,-1,7776,7777,7778,-1,7778,7777,7779,-1,7778,7779,7780,-1,7780,7779,7781,-1,7780,7781,7782,-1,7782,7781,7783,-1,7782,7783,7784,-1,7784,7783,7785,-1,7784,7785,7786,-1,7786,7785,7787,-1,7786,7787,7788,-1,7788,7787,7789,-1,7788,7789,7790,-1,7790,7789,7791,-1,7790,7791,7792,-1,7792,7791,7793,-1,7792,7793,7794,-1,7794,7793,7795,-1,7794,7795,7796,-1,7796,7795,7797,-1,7796,7797,7798,-1,7798,7797,7799,-1,7798,7799,7800,-1,7800,7799,7801,-1,7800,7801,7802,-1,7802,7801,7803,-1,7802,7803,7804,-1,7804,7803,7805,-1,7804,7805,7806,-1,7806,7805,7807,-1,7806,7807,7808,-1,7808,7807,7809,-1,7808,7809,7810,-1,7810,7809,7811,-1,7810,7811,7812,-1,7812,7811,7813,-1,7812,7813,7814,-1,7814,7813,7815,-1,7814,7815,7816,-1,7816,7815,7817,-1,7816,7817,7818,-1,7818,7817,7819,-1,7818,7819,7820,-1,7751,7696,7753,-1,7753,7696,7697,-1,7753,7697,7755,-1,7755,7697,7698,-1,7755,7698,7757,-1,7757,7698,7699,-1,7757,7699,7759,-1,7759,7699,7700,-1,7759,7700,7761,-1,7761,7700,7701,-1,7761,7701,7763,-1,7763,7701,7702,-1,7763,7702,7765,-1,7765,7702,7703,-1,7765,7703,7767,-1,7767,7703,7704,-1,7767,7704,7769,-1,7769,7704,7705,-1,7769,7705,7771,-1,7771,7705,7706,-1,7771,7706,7773,-1,7773,7706,7707,-1,7773,7707,7775,-1,7775,7707,7708,-1,7775,7708,7777,-1,7777,7708,7709,-1,7777,7709,7779,-1,7779,7709,7710,-1,7779,7710,7781,-1,7781,7710,7711,-1,7781,7711,7783,-1,7783,7711,7712,-1,7783,7712,7785,-1,7785,7712,7713,-1,7785,7713,7787,-1,7787,7713,7714,-1,7787,7714,7789,-1,7789,7714,7715,-1,7789,7715,7791,-1,7791,7715,7716,-1,7791,7716,7793,-1,7793,7716,7717,-1,7793,7717,7795,-1,7795,7717,7718,-1,7795,7718,7797,-1,7797,7718,7719,-1,7797,7719,7799,-1,7799,7719,7720,-1,7799,7720,7801,-1,7801,7720,7721,-1,7801,7721,7803,-1,7803,7721,7722,-1,7803,7722,7805,-1,7805,7722,7723,-1,7805,7723,7807,-1,7807,7723,7724,-1,7807,7724,7809,-1,7809,7724,7725,-1,7809,7725,7811,-1,7811,7725,7726,-1,7811,7726,7813,-1,7813,7726,7727,-1,7813,7727,7815,-1,7815,7727,7728,-1,7815,7728,7817,-1,7817,7728,7729,-1,7817,7729,7819,-1,1161,1163,7821,-1,7821,1163,7822,-1,7821,7822,7823,-1,7823,7822,7824,-1,7823,7824,7825,-1,7825,7824,7826,-1,7825,7826,7827,-1,7827,7826,7828,-1,7827,7828,7829,-1,7829,7828,7830,-1,7829,7830,7831,-1,7831,7830,7832,-1,7831,7832,7833,-1,7833,7832,7834,-1,7833,7834,7835,-1,7835,7834,7836,-1,7835,7836,7837,-1,7837,7836,7838,-1,7837,7838,7839,-1,7839,7838,7840,-1,7839,7840,7841,-1,7841,7840,7842,-1,7841,7842,7843,-1,7843,7842,7844,-1,7843,7844,7845,-1,7845,7844,7846,-1,7845,7846,7847,-1,7847,7846,7848,-1,7847,7848,7849,-1,7849,7848,7850,-1,7849,7850,7851,-1,7852,7851,7746,-1,7746,7851,7850,-1,7746,7850,7745,-1,7745,7850,7848,-1,7745,7848,7744,-1,7744,7848,7846,-1,7744,7846,7743,-1,7743,7846,7844,-1,7743,7844,7742,-1,7742,7844,7842,-1,7742,7842,7741,-1,7741,7842,7840,-1,7741,7840,7740,-1,7740,7840,7838,-1,7740,7838,7739,-1,7739,7838,7836,-1,7739,7836,7738,-1,7738,7836,7834,-1,7738,7834,7737,-1,7737,7834,7832,-1,7737,7832,7736,-1,7736,7832,7830,-1,7736,7830,7735,-1,7735,7830,7828,-1,7735,7828,7734,-1,7734,7828,7826,-1,7734,7826,7733,-1,7733,7826,7824,-1,7733,7824,7732,-1,7732,7824,7822,-1,7732,7822,7731,-1,7731,7822,1163,-1,7731,1163,7730,-1,7730,1163,1162,-1,7730,1162,1164,-1,7663,7623,7664,-1,7664,7623,7624,-1,7664,7624,7666,-1,7666,7624,7625,-1,7666,7625,7668,-1,7668,7625,7626,-1,7668,7626,7670,-1,7670,7626,7627,-1,7670,7627,7672,-1,7672,7627,7628,-1,7672,7628,7674,-1,7674,7628,7629,-1,7674,7629,7676,-1,7676,7629,7630,-1,7676,7630,7678,-1,7678,7630,7631,-1,7678,7631,7680,-1,7680,7631,7632,-1,7680,7632,7682,-1,7682,7632,7633,-1,7682,7633,7684,-1,7684,7633,7634,-1,7684,7634,7686,-1,7686,7634,7635,-1,7686,7635,7688,-1,7688,7635,7636,-1,7688,7636,7690,-1,7690,7636,7637,-1,7690,7637,7692,-1,7692,7637,7638,-1,7692,7638,7694,-1,7694,7638,7639,-1,7694,7639,7695,-1,7695,7639,7853,-1,7695,7853,7746,-1,7746,7853,7854,-1,7746,7854,7852,-1,7852,7854,7855,-1,7748,7856,7749,-1,7749,7856,7857,-1,7749,7857,7858,-1,7859,7860,7861,-1,7861,7860,7862,-1,7861,7862,7863,-1,7863,7862,7864,-1,7863,7864,7865,-1,7865,7864,7866,-1,7865,7866,7867,-1,7867,7866,7868,-1,7867,7868,7869,-1,7869,7868,7870,-1,7869,7870,7871,-1,7871,7870,7872,-1,7871,7872,7873,-1,7873,7872,7874,-1,7873,7874,7875,-1,7875,7874,7876,-1,7875,7876,7877,-1,7877,7876,7878,-1,7877,7878,7879,-1,7879,7878,7880,-1,7879,7880,7881,-1,7881,7880,7882,-1,7881,7882,7883,-1,7883,7882,7884,-1,7883,7884,7885,-1,7885,7884,7886,-1,7885,7886,7887,-1,7887,7886,7888,-1,7887,7888,7889,-1,7889,7888,7890,-1,7889,7890,7891,-1,7891,7890,7892,-1,7891,7892,7893,-1,7893,7892,7894,-1,7893,7894,7895,-1,7895,7894,7896,-1,7895,7896,7897,-1,7897,7896,7898,-1,7897,7898,7899,-1,7899,7898,7900,-1,7899,7900,7901,-1,7901,7900,7902,-1,7901,7902,7903,-1,7903,7902,7904,-1,7903,7904,7905,-1,7905,7904,7906,-1,7905,7906,7907,-1,7907,7906,7908,-1,7907,7908,7909,-1,7909,7908,7910,-1,7909,7910,7911,-1,7911,7910,7912,-1,7911,7912,7913,-1,7913,7912,7914,-1,7913,7914,7915,-1,7915,7914,7916,-1,7915,7916,7917,-1,7917,7916,7918,-1,7917,7918,7919,-1,7919,7918,7920,-1,7919,7920,7921,-1,7921,7920,7922,-1,7921,7922,7923,-1,7923,7922,7924,-1,7923,7924,7925,-1,7925,7924,7926,-1,7925,7926,7927,-1,7927,7926,7928,-1,7927,7928,7929,-1,7929,7928,7930,-1,7929,7930,7931,-1,7931,7930,7932,-1,7931,7932,7933,-1,7860,7750,7862,-1,7862,7750,7752,-1,7862,7752,7864,-1,7864,7752,7754,-1,7864,7754,7866,-1,7866,7754,7756,-1,7866,7756,7868,-1,7868,7756,7758,-1,7868,7758,7870,-1,7870,7758,7760,-1,7870,7760,7872,-1,7872,7760,7762,-1,7872,7762,7874,-1,7874,7762,7764,-1,7874,7764,7876,-1,7876,7764,7766,-1,7876,7766,7878,-1,7878,7766,7768,-1,7878,7768,7880,-1,7880,7768,7770,-1,7880,7770,7882,-1,7882,7770,7772,-1,7882,7772,7884,-1,7884,7772,7774,-1,7884,7774,7886,-1,7886,7774,7776,-1,7886,7776,7888,-1,7888,7776,7778,-1,7888,7778,7890,-1,7890,7778,7780,-1,7890,7780,7892,-1,7892,7780,7782,-1,7892,7782,7894,-1,7894,7782,7784,-1,7894,7784,7896,-1,7896,7784,7786,-1,7896,7786,7898,-1,7898,7786,7788,-1,7898,7788,7900,-1,7900,7788,7790,-1,7900,7790,7902,-1,7902,7790,7792,-1,7902,7792,7904,-1,7904,7792,7794,-1,7904,7794,7906,-1,7906,7794,7796,-1,7906,7796,7908,-1,7908,7796,7798,-1,7908,7798,7910,-1,7910,7798,7800,-1,7910,7800,7912,-1,7912,7800,7802,-1,7912,7802,7914,-1,7914,7802,7804,-1,7914,7804,7916,-1,7916,7804,7806,-1,7916,7806,7918,-1,7918,7806,7808,-1,7918,7808,7920,-1,7920,7808,7810,-1,7920,7810,7922,-1,7922,7810,7812,-1,7922,7812,7924,-1,7924,7812,7814,-1,7924,7814,7926,-1,7926,7814,7816,-1,7926,7816,7928,-1,7928,7816,7818,-1,7928,7818,7930,-1,7930,7818,7820,-1,7930,7820,7932,-1,1158,1160,7934,-1,7934,1160,7935,-1,7934,7935,7936,-1,7936,7935,7937,-1,7936,7937,7938,-1,7938,7937,7939,-1,7938,7939,7940,-1,7940,7939,7941,-1,7940,7941,7942,-1,7942,7941,7943,-1,7942,7943,7944,-1,7944,7943,7945,-1,7944,7945,7946,-1,7946,7945,7947,-1,7946,7947,7948,-1,7948,7947,7949,-1,7948,7949,7950,-1,7950,7949,7951,-1,7950,7951,7952,-1,7952,7951,7953,-1,7952,7953,7954,-1,7954,7953,7955,-1,7954,7955,7956,-1,7956,7955,7957,-1,7956,7957,7958,-1,7958,7957,7959,-1,7958,7959,7960,-1,7960,7959,7961,-1,7960,7961,7962,-1,7962,7961,7963,-1,7962,7963,7964,-1,7964,7963,7965,-1,7964,7965,7966,-1,7967,7966,7855,-1,7855,7966,7965,-1,7855,7965,7852,-1,7852,7965,7963,-1,7852,7963,7851,-1,7851,7963,7961,-1,7851,7961,7849,-1,7849,7961,7959,-1,7849,7959,7847,-1,7847,7959,7957,-1,7847,7957,7845,-1,7845,7957,7955,-1,7845,7955,7843,-1,7843,7955,7953,-1,7843,7953,7841,-1,7841,7953,7951,-1,7841,7951,7839,-1,7839,7951,7949,-1,7839,7949,7837,-1,7837,7949,7947,-1,7837,7947,7835,-1,7835,7947,7945,-1,7835,7945,7833,-1,7833,7945,7943,-1,7833,7943,7831,-1,7831,7943,7941,-1,7831,7941,7829,-1,7829,7941,7939,-1,7829,7939,7827,-1,7827,7939,7937,-1,7827,7937,7825,-1,7825,7937,7935,-1,7825,7935,7823,-1,7823,7935,1160,-1,7823,1160,7821,-1,7821,1160,1159,-1,7821,1159,1161,-1,7569,7524,7570,-1,7570,7524,7525,-1,7570,7525,7571,-1,7571,7525,7526,-1,7571,7526,7572,-1,7572,7526,7527,-1,7572,7527,7573,-1,7573,7527,7528,-1,7573,7528,7574,-1,7574,7528,7529,-1,7574,7529,7575,-1,7575,7529,7530,-1,7575,7530,7576,-1,7576,7530,7531,-1,7576,7531,7577,-1,7577,7531,7532,-1,7577,7532,7578,-1,7578,7532,7533,-1,7578,7533,7579,-1,7579,7533,7534,-1,7579,7534,7580,-1,7580,7534,7535,-1,7580,7535,7581,-1,7581,7535,7536,-1,7581,7536,7582,-1,7582,7536,7537,-1,7582,7537,7583,-1,7583,7537,7968,-1,7583,7968,7639,-1,7639,7968,7969,-1,7639,7969,7853,-1,7853,7969,7970,-1,7853,7970,7854,-1,7854,7970,7971,-1,7854,7971,7855,-1,7855,7971,7972,-1,7855,7972,7967,-1,7967,7972,7973,-1,7974,7975,7976,-1,7976,7975,7858,-1,7976,7858,7977,-1,7977,7858,7857,-1,7038,7859,7064,-1,7064,7859,7861,-1,7064,7861,7065,-1,7065,7861,7863,-1,7065,7863,7076,-1,7076,7863,7865,-1,7076,7865,7077,-1,7077,7865,7867,-1,7077,7867,7093,-1,7093,7867,7869,-1,7093,7869,7094,-1,7094,7869,7871,-1,7094,7871,7122,-1,7122,7871,7873,-1,7122,7873,7123,-1,7123,7873,7875,-1,7123,7875,7164,-1,7164,7875,7877,-1,7164,7877,7165,-1,7165,7877,7879,-1,7165,7879,7218,-1,7218,7879,7881,-1,7218,7881,7219,-1,7219,7881,7883,-1,7219,7883,7225,-1,7225,7883,7885,-1,7225,7885,7226,-1,7226,7885,7887,-1,7226,7887,7303,-1,7303,7887,7889,-1,7303,7889,7304,-1,7304,7889,7891,-1,7304,7891,7318,-1,7318,7891,7893,-1,7318,7893,7319,-1,7319,7893,7895,-1,7319,7895,7372,-1,7372,7895,7897,-1,7372,7897,7373,-1,7373,7897,7899,-1,7373,7899,7393,-1,7393,7899,7901,-1,7393,7901,7394,-1,7394,7901,7903,-1,7394,7903,7454,-1,7454,7903,7905,-1,7454,7905,7455,-1,7455,7905,7907,-1,7455,7907,7538,-1,7538,7907,7909,-1,7538,7909,7539,-1,7539,7909,7911,-1,7539,7911,7584,-1,7584,7911,7913,-1,7584,7913,7585,-1,7585,7913,7915,-1,7585,7915,7640,-1,7640,7915,7917,-1,7640,7917,7641,-1,7641,7917,7919,-1,7641,7919,7643,-1,7643,7919,7921,-1,7643,7921,7747,-1,7747,7921,7923,-1,7747,7923,7748,-1,7748,7923,7925,-1,7748,7925,7856,-1,7856,7925,7927,-1,7856,7927,7857,-1,7857,7927,7929,-1,7857,7929,7977,-1,7977,7929,7931,-1,7977,7931,7976,-1,7976,7931,7933,-1,7976,7933,7974,-1,7978,7979,7980,-1,7980,7979,7981,-1,7982,7983,7978,-1,7978,7983,7984,-1,7978,7984,7979,-1,7979,7984,7985,-1,7979,7985,7981,-1,7981,7985,7986,-1,7120,7302,7121,-1,7121,7302,7222,-1,7121,7222,7160,-1,7160,7222,7224,-1,7160,7224,7987,-1,7987,7224,1597,-1,7987,1597,7988,-1,7988,1597,1599,-1,7988,1599,7989,-1,7989,1599,7309,-1,7989,7309,7990,-1,7990,7309,7308,-1,7990,7308,7991,-1,7991,7308,7357,-1,7991,7357,7992,-1,7992,7357,7356,-1,7992,7356,7993,-1,7993,7356,7376,-1,7993,7376,7994,-1,7994,7376,7375,-1,7994,7375,7995,-1,7995,7375,7432,-1,7995,7432,7996,-1,7996,7432,7431,-1,7996,7431,7997,-1,7997,7431,7524,-1,7997,7524,7998,-1,7998,7524,7569,-1,7998,7569,7999,-1,7999,7569,7542,-1,7999,7542,8000,-1,8000,7542,7541,-1,8000,7541,8001,-1,8001,7541,7623,-1,8001,7623,8002,-1,8002,7623,7663,-1,8002,7663,8003,-1,8003,7663,1165,-1,8003,1165,7982,-1,7982,1165,1164,-1,7982,1164,7983,-1,7983,1164,1162,-1,7983,1162,7984,-1,7984,1162,1161,-1,7984,1161,7985,-1,7985,1161,1159,-1,7985,1159,7986,-1,7986,1159,1158,-1,8004,8005,8006,-1,8006,8005,8007,-1,8006,8007,8008,-1,8008,8007,8009,-1,8008,8009,8010,-1,8010,8009,8011,-1,8010,8011,8012,-1,8012,8011,8013,-1,8012,8013,8014,-1,8014,8013,8015,-1,8014,8015,8016,-1,8016,8015,8017,-1,8016,8017,8018,-1,8018,8017,8019,-1,8018,8019,8020,-1,8020,8019,8021,-1,8020,8021,8022,-1,8022,8021,8023,-1,8022,8023,8024,-1,8024,8023,8025,-1,8024,8025,8026,-1,8026,8025,8027,-1,8026,8027,8028,-1,8028,8027,8029,-1,8028,8029,8030,-1,8030,8029,8031,-1,8030,8031,8032,-1,8032,8031,8033,-1,8032,8033,8034,-1,8034,8033,8035,-1,8034,8035,8036,-1,8036,8035,8037,-1,8005,8038,8007,-1,8007,8038,8039,-1,8007,8039,8009,-1,8009,8039,8040,-1,8009,8040,8011,-1,8011,8040,8041,-1,8011,8041,8013,-1,8013,8041,8042,-1,8013,8042,8015,-1,8015,8042,8043,-1,8015,8043,8017,-1,8017,8043,8044,-1,8017,8044,8019,-1,8019,8044,8045,-1,8019,8045,8021,-1,8021,8045,8046,-1,8021,8046,8023,-1,8023,8046,8047,-1,8023,8047,8025,-1,8025,8047,8048,-1,8025,8048,8027,-1,8027,8048,8049,-1,8027,8049,8029,-1,8029,8049,8050,-1,8029,8050,8031,-1,8031,8050,8051,-1,8031,8051,8033,-1,8033,8051,8052,-1,8033,8052,8035,-1,8035,8052,8053,-1,8035,8053,8037,-1,7662,7608,7661,-1,7661,7608,7609,-1,7661,7609,7660,-1,7660,7609,7610,-1,7660,7610,7659,-1,7659,7610,7611,-1,7659,7611,7658,-1,7658,7611,7612,-1,7658,7612,7657,-1,7657,7612,7613,-1,7657,7613,7656,-1,7656,7613,7614,-1,7656,7614,7655,-1,7655,7614,7615,-1,7655,7615,7654,-1,7654,7615,7616,-1,7654,7616,7653,-1,7653,7616,7617,-1,7653,7617,7652,-1,7652,7617,7618,-1,7652,7618,7651,-1,7651,7618,7619,-1,7651,7619,7650,-1,7650,7619,7620,-1,7650,7620,7649,-1,7649,7620,7621,-1,7649,7621,7648,-1,7648,7621,7622,-1,7648,7622,7647,-1,7647,7622,7605,-1,7647,7605,7646,-1,7646,7605,7607,-1,7646,7607,7645,-1,7645,7607,8054,-1,7645,8054,1169,-1,1169,8054,8055,-1,1169,8055,1167,-1,1167,8055,8056,-1,1167,8056,7729,-1,7729,8056,8057,-1,7729,8057,7819,-1,7819,8057,8058,-1,7819,8058,7820,-1,7820,8058,8059,-1,7820,8059,7932,-1,7932,8059,8060,-1,7932,8060,7933,-1,7933,8060,8061,-1,7933,8061,7974,-1,7974,8061,8062,-1,7974,8062,7975,-1,7975,8062,8063,-1,8064,8065,8066,-1,8066,8065,8067,-1,8066,8067,8068,-1,8068,8067,8069,-1,8068,8069,8070,-1,8070,8069,8071,-1,8070,8071,8072,-1,8072,8071,8073,-1,8072,8073,8074,-1,8074,8073,8075,-1,8074,8075,8076,-1,8076,8075,8077,-1,8076,8077,8078,-1,8079,8080,8081,-1,8081,8080,8082,-1,8081,8082,8083,-1,8083,8082,8084,-1,8080,8085,8082,-1,8082,8085,8086,-1,8082,8086,8084,-1,8084,8086,8087,-1,8084,8087,8088,-1,8088,8087,8089,-1,8088,8089,8090,-1,8090,8089,8091,-1,8090,8091,8092,-1,8092,8091,8093,-1,1156,8093,8094,-1,8094,8093,8091,-1,8094,8091,8095,-1,8095,8091,8089,-1,1997,8004,1998,-1,1998,8004,8006,-1,1998,8006,8096,-1,8096,8006,8008,-1,8096,8008,8097,-1,8097,8008,8010,-1,8097,8010,8098,-1,8098,8010,8012,-1,8098,8012,8099,-1,8099,8012,8014,-1,8099,8014,8100,-1,8100,8014,8016,-1,8100,8016,8101,-1,8101,8016,8018,-1,8101,8018,8102,-1,8102,8018,8020,-1,8102,8020,8103,-1,8103,8020,8022,-1,8103,8022,8104,-1,8104,8022,8024,-1,8104,8024,8105,-1,8105,8024,8026,-1,8105,8026,8106,-1,8106,8026,8028,-1,8106,8028,8107,-1,8107,8028,8030,-1,8107,8030,8108,-1,8108,8030,8032,-1,8108,8032,8109,-1,8109,8032,8034,-1,8109,8034,8110,-1,8110,8034,8036,-1,8110,8036,8111,-1,8111,8036,8037,-1,8111,8037,8112,-1,7522,8113,7520,-1,7520,8113,8114,-1,7520,8114,7518,-1,7518,8114,8115,-1,7518,8115,7516,-1,7516,8115,8116,-1,7516,8116,7514,-1,7514,8116,8117,-1,7514,8117,7512,-1,7512,8117,8118,-1,7512,8118,7510,-1,7510,8118,8119,-1,7510,8119,7508,-1,7508,8119,8120,-1,7508,8120,7506,-1,7506,8120,8121,-1,7506,8121,7504,-1,7504,8121,8122,-1,7504,8122,7502,-1,7502,8122,8123,-1,7502,8123,7500,-1,7500,8123,8124,-1,7500,8124,7498,-1,7498,8124,8125,-1,7498,8125,7496,-1,7496,8125,8126,-1,7496,8126,7494,-1,7494,8126,8127,-1,7494,8127,7606,-1,7606,8127,8128,-1,7606,8128,7607,-1,7607,8128,8129,-1,7607,8129,8054,-1,8054,8129,8130,-1,8054,8130,8055,-1,8055,8130,8078,-1,8055,8078,8056,-1,8056,8078,8077,-1,8056,8077,8057,-1,8057,8077,8075,-1,8057,8075,8058,-1,8058,8075,8073,-1,8058,8073,8059,-1,8059,8073,8071,-1,8059,8071,8060,-1,8060,8071,8069,-1,8060,8069,8061,-1,8061,8069,8067,-1,8061,8067,8062,-1,8062,8067,8065,-1,8062,8065,8063,-1,8063,8065,8064,-1,8063,8064,8131,-1,8132,8133,8134,-1,8134,8133,8135,-1,8134,8135,8136,-1,8136,8135,8137,-1,8136,8137,8138,-1,8138,8137,8139,-1,8138,8139,8140,-1,8140,8139,8141,-1,8140,8141,8142,-1,8142,8141,8143,-1,8142,8143,8144,-1,8144,8143,8145,-1,8144,8145,8146,-1,8147,8148,8149,-1,8149,8148,8150,-1,8149,8150,8151,-1,8151,8150,8152,-1,8151,8152,8153,-1,8153,8152,8154,-1,8153,8154,8155,-1,8155,8154,8156,-1,1156,1155,8093,-1,8093,1155,8157,-1,8093,8157,8092,-1,8092,8157,8158,-1,8092,8158,8090,-1,8148,8079,8150,-1,8150,8079,8081,-1,8150,8081,8152,-1,8152,8081,8083,-1,8152,8083,8154,-1,8154,8083,8084,-1,8154,8084,8156,-1,8156,8084,8088,-1,8156,8088,8159,-1,8159,8088,8090,-1,8159,8090,8160,-1,8160,8090,8158,-1,1152,1154,2000,-1,2000,1154,8161,-1,2000,8161,2002,-1,2002,8161,8162,-1,2002,8162,2004,-1,2004,8162,8163,-1,2004,8163,2006,-1,2006,8163,8164,-1,2006,8164,2008,-1,2008,8164,8165,-1,2008,8165,2010,-1,2010,8165,8166,-1,2010,8166,2012,-1,2012,8166,8167,-1,2012,8167,2014,-1,2014,8167,8168,-1,2014,8168,2016,-1,2016,8168,8169,-1,2016,8169,2018,-1,2018,8169,8170,-1,2018,8170,2020,-1,2020,8170,8171,-1,2020,8171,2022,-1,2022,8171,8172,-1,2022,8172,2024,-1,2024,8172,8173,-1,2024,8173,2026,-1,2026,8173,8174,-1,2026,8174,2028,-1,2028,8174,8175,-1,2028,8175,2030,-1,2030,8175,8176,-1,2030,8176,2032,-1,1153,1998,1154,-1,1154,1998,8096,-1,1154,8096,8161,-1,8161,8096,8097,-1,8161,8097,8162,-1,8162,8097,8098,-1,8162,8098,8163,-1,8163,8098,8099,-1,8163,8099,8164,-1,8164,8099,8100,-1,8164,8100,8165,-1,8165,8100,8101,-1,8165,8101,8166,-1,8166,8101,8102,-1,8166,8102,8167,-1,8167,8102,8103,-1,8167,8103,8168,-1,8168,8103,8104,-1,8168,8104,8169,-1,8169,8104,8105,-1,8169,8105,8170,-1,8170,8105,8106,-1,8170,8106,8171,-1,8171,8106,8107,-1,8171,8107,8172,-1,8172,8107,8108,-1,8172,8108,8173,-1,8173,8108,8109,-1,8173,8109,8174,-1,8174,8109,8110,-1,8174,8110,8175,-1,8175,8110,8111,-1,8175,8111,8176,-1,8176,8111,8112,-1,8176,8112,2032,-1,2032,8112,8177,-1,2032,8177,2033,-1,7190,7191,7265,-1,7265,7191,7193,-1,7265,7193,7266,-1,7266,7193,7195,-1,7266,7195,7413,-1,7413,7195,7197,-1,7413,7197,7474,-1,7474,7197,7199,-1,7474,7199,7478,-1,7478,7199,7201,-1,7478,7201,7327,-1,7327,7201,7203,-1,7327,7203,7328,-1,7328,7203,7205,-1,7328,7205,7430,-1,7430,7205,7207,-1,7430,7207,7604,-1,7604,7207,7209,-1,7604,7209,7662,-1,7662,7209,7211,-1,7662,7211,7608,-1,7608,7211,7213,-1,7608,7213,7523,-1,7523,7213,7215,-1,7523,7215,7522,-1,7522,7215,7217,-1,7522,7217,8113,-1,8113,7217,8178,-1,8113,8178,8114,-1,8114,8178,8179,-1,8114,8179,8115,-1,8115,8179,8180,-1,8115,8180,8116,-1,8116,8180,8181,-1,8116,8181,8117,-1,8117,8181,8182,-1,8117,8182,8118,-1,8118,8182,8183,-1,8118,8183,8119,-1,8119,8183,8184,-1,8119,8184,8120,-1,8120,8184,8185,-1,8120,8185,8121,-1,8121,8185,8186,-1,8121,8186,8122,-1,8122,8186,8187,-1,8122,8187,8123,-1,8123,8187,8188,-1,8123,8188,8124,-1,8124,8188,8189,-1,8124,8189,8125,-1,8125,8189,8190,-1,8125,8190,8126,-1,8126,8190,8191,-1,8126,8191,8127,-1,8127,8191,8192,-1,8127,8192,8128,-1,8128,8192,8193,-1,8128,8193,8129,-1,8129,8193,8194,-1,8129,8194,8130,-1,8130,8194,8195,-1,8130,8195,8078,-1,8078,8195,8146,-1,8078,8146,8076,-1,8076,8146,8145,-1,8076,8145,8074,-1,8074,8145,8143,-1,8074,8143,8072,-1,8072,8143,8141,-1,8072,8141,8070,-1,8070,8141,8139,-1,8070,8139,8068,-1,8068,8139,8137,-1,8068,8137,8066,-1,8066,8137,8135,-1,8066,8135,8064,-1,8064,8135,8133,-1,8064,8133,8131,-1,8131,8133,8132,-1,8131,8132,8196,-1,1150,8197,1151,-1,1151,8197,8198,-1,1151,8198,8199,-1,8199,8198,8200,-1,8199,8200,8201,-1,8201,8200,8202,-1,8201,8202,8203,-1,8203,8202,8204,-1,8203,8204,8205,-1,8205,8204,8206,-1,8205,8206,8207,-1,8207,8206,8208,-1,8197,8147,8198,-1,8198,8147,8149,-1,8198,8149,8200,-1,8200,8149,8151,-1,8200,8151,8202,-1,8202,8151,8153,-1,8202,8153,8204,-1,8204,8153,8155,-1,8204,8155,8206,-1,8206,8155,8156,-1,8206,8156,8208,-1,8208,8156,8159,-1,8208,8159,8209,-1,8209,8159,8160,-1,8209,8160,8210,-1,8177,8211,8212,-1,8213,8214,8215,-1,8215,8214,8216,-1,8215,8216,8217,-1,8217,8216,8218,-1,8217,8218,8219,-1,8219,8218,8220,-1,8219,8220,8221,-1,8221,8220,8222,-1,8221,8222,8223,-1,8223,8222,8224,-1,8223,8224,8225,-1,8225,8224,8226,-1,8225,8226,1149,-1,1149,1151,8225,-1,8225,1151,8199,-1,8225,8199,8223,-1,8223,8199,8201,-1,8223,8201,8221,-1,8221,8201,8203,-1,8221,8203,8219,-1,8219,8203,8205,-1,8219,8205,8217,-1,8217,8205,8207,-1,8217,8207,8215,-1,8215,8207,8208,-1,8215,8208,8213,-1,8213,8208,8209,-1,8213,8209,8227,-1,8227,8209,8210,-1,8227,8210,8228,-1,8177,8212,2033,-1,2033,8212,8229,-1,2033,8229,2031,-1,2031,8229,8230,-1,2031,8230,2029,-1,2029,8230,8231,-1,2029,8231,2027,-1,2027,8231,8232,-1,2027,8232,2025,-1,2025,8232,8233,-1,2025,8233,2023,-1,2023,8233,8234,-1,2023,8234,2021,-1,2021,8234,8235,-1,2021,8235,2019,-1,2019,8235,8236,-1,2019,8236,2017,-1,2017,8236,8237,-1,2017,8237,2015,-1,2015,8237,8238,-1,2015,8238,2013,-1,2013,8238,8239,-1,2013,8239,2011,-1,2011,8239,8240,-1,2011,8240,2009,-1,2009,8240,8241,-1,2009,8241,2007,-1,2007,8241,8242,-1,2007,8242,2005,-1,2005,8242,8243,-1,2005,8243,2003,-1,2003,8243,8244,-1,2003,8244,2001,-1,2001,8244,8245,-1,2001,8245,1999,-1,1999,8245,8246,-1,1999,8246,1152,-1,1152,8246,8247,-1,1152,8247,1153,-1,1153,8247,8248,-1,1153,8248,1997,-1,8212,8249,8229,-1,8229,8249,8250,-1,8229,8250,8230,-1,8230,8250,8251,-1,8230,8251,8231,-1,8231,8251,8252,-1,8231,8252,8232,-1,8232,8252,8253,-1,8232,8253,8233,-1,8233,8253,8254,-1,8233,8254,8234,-1,8234,8254,8255,-1,8234,8255,8235,-1,8235,8255,8256,-1,8235,8256,8236,-1,8236,8256,8257,-1,8236,8257,8237,-1,8237,8257,8258,-1,8237,8258,8238,-1,8238,8258,8259,-1,8238,8259,8239,-1,8239,8259,8260,-1,8239,8260,8240,-1,8240,8260,8261,-1,8240,8261,8241,-1,8241,8261,8262,-1,8241,8262,8242,-1,8242,8262,8263,-1,8242,8263,8243,-1,8243,8263,8264,-1,8243,8264,8244,-1,8244,8264,8265,-1,8244,8265,8245,-1,8245,8265,8266,-1,8245,8266,8246,-1,8211,8267,8268,-1,8269,8270,8271,-1,8211,8268,8212,-1,8212,8268,8272,-1,8212,8272,8249,-1,8249,8272,8273,-1,8249,8273,8250,-1,8250,8273,8274,-1,8250,8274,8251,-1,8251,8274,8275,-1,8251,8275,8252,-1,8252,8275,8276,-1,8252,8276,8253,-1,8253,8276,8277,-1,8253,8277,8254,-1,8254,8277,8278,-1,8254,8278,8255,-1,8255,8278,8279,-1,8255,8279,8256,-1,8256,8279,8280,-1,8256,8280,8257,-1,8257,8280,8281,-1,8257,8281,8258,-1,8258,8281,8282,-1,8258,8282,8259,-1,8259,8282,8283,-1,8259,8283,8260,-1,8260,8283,8284,-1,8260,8284,8261,-1,8261,8284,8285,-1,8261,8285,8262,-1,8262,8285,8286,-1,8262,8286,8263,-1,8263,8286,8287,-1,8263,8287,8264,-1,8264,8287,8288,-1,8264,8288,8265,-1,8265,8288,8289,-1,8265,8289,8266,-1,8266,8289,8228,-1,8266,8228,8246,-1,8246,8228,8210,-1,8246,8210,8247,-1,8247,8210,8160,-1,8247,8160,8248,-1,8248,8160,8158,-1,8248,8158,1997,-1,1997,8158,8157,-1,1997,8157,8004,-1,8004,8157,1155,-1,8004,1155,8005,-1,8005,1155,1157,-1,8005,1157,8038,-1,1595,1146,8290,-1,8290,1146,1148,-1,8290,1148,8291,-1,8269,8292,8293,-1,8269,8293,8294,-1,8295,8296,8297,-1,8297,8296,8298,-1,8297,8298,8299,-1,8299,8298,8300,-1,8299,8300,8301,-1,8302,1143,8303,-1,8303,1143,1145,-1,8303,1145,8304,-1,8304,1145,8305,-1,8304,8305,1147,-1,8293,8306,8294,-1,8294,8306,8307,-1,8294,8307,8308,-1,8309,8310,8311,-1,8311,8310,8312,-1,8311,8312,8313,-1,8313,8312,8314,-1,8313,8314,8315,-1,8315,8314,8316,-1,8315,8316,8317,-1,8317,8316,8318,-1,8317,8318,8319,-1,8310,8295,8312,-1,8312,8295,8297,-1,8312,8297,8314,-1,8314,8297,8299,-1,8314,8299,8316,-1,8316,8299,8301,-1,8316,8301,8318,-1,8320,8321,8322,-1,1147,1146,8304,-1,8304,1146,1596,-1,8304,1596,8303,-1,8303,1596,8323,-1,8303,8323,8302,-1,8086,7980,8087,-1,8087,7980,7981,-1,8087,7981,8089,-1,8089,7981,7986,-1,8089,7986,8095,-1,8095,7986,1158,-1,8095,1158,8094,-1,8094,1158,7934,-1,8094,7934,1156,-1,1156,7934,7936,-1,1156,7936,1157,-1,1157,7936,7938,-1,1157,7938,8038,-1,8038,7938,7940,-1,8038,7940,8039,-1,8039,7940,7942,-1,8039,7942,8040,-1,8040,7942,7944,-1,8040,7944,8041,-1,8041,7944,7946,-1,8041,7946,8042,-1,8042,7946,7948,-1,8042,7948,8043,-1,8043,7948,7950,-1,8043,7950,8044,-1,8044,7950,7952,-1,8044,7952,8045,-1,8045,7952,7954,-1,8045,7954,8046,-1,8046,7954,7956,-1,8046,7956,8047,-1,8047,7956,7958,-1,8047,7958,8048,-1,8048,7958,7960,-1,8048,7960,8049,-1,8049,7960,7962,-1,8049,7962,8050,-1,8050,7962,7964,-1,8050,7964,8051,-1,8051,7964,7966,-1,8051,7966,8052,-1,8052,7966,7967,-1,8052,7967,8053,-1,8053,7967,7973,-1,8053,7973,8037,-1,8037,7973,8324,-1,8037,8324,8112,-1,8112,8324,8325,-1,8112,8325,8177,-1,8177,8325,8326,-1,8177,8326,8211,-1,8211,8326,8327,-1,8211,8327,8267,-1,8267,8327,8328,-1,8267,8328,8329,-1,8329,8328,8330,-1,8329,8330,8331,-1,8331,8330,8332,-1,8331,8332,8333,-1,8333,8332,8334,-1,8307,8335,8308,-1,8308,8335,8336,-1,8308,8336,8337,-1,8338,8339,8340,-1,8340,8339,8341,-1,8340,8341,8342,-1,8342,8341,8343,-1,8342,8343,8344,-1,8344,8343,8345,-1,8344,8345,8346,-1,8346,8345,8347,-1,8346,8347,8348,-1,8348,8347,8349,-1,8348,8349,8350,-1,8350,8349,8351,-1,8350,8351,8352,-1,8339,8309,8341,-1,8341,8309,8311,-1,8341,8311,8343,-1,8343,8311,8313,-1,8343,8313,8345,-1,8345,8313,8315,-1,8345,8315,8347,-1,8347,8315,8317,-1,8347,8317,8349,-1,8349,8317,8319,-1,8349,8319,8351,-1,8353,1593,8354,-1,8354,1593,1592,-1,8354,1592,8355,-1,8355,8356,8354,-1,8354,8356,8357,-1,8354,8357,8353,-1,8353,8357,8358,-1,8355,8322,8356,-1,8356,8322,8321,-1,8356,8321,8357,-1,8357,8321,8359,-1,8357,8359,8358,-1,8360,8302,8361,-1,8361,8302,8323,-1,8361,8323,8362,-1,8362,8323,1596,-1,8362,1596,8363,-1,8363,1596,1595,-1,8363,1595,8364,-1,8364,1595,8290,-1,8364,8290,8365,-1,8365,8290,8291,-1,8365,8291,8366,-1,8367,8360,1591,-1,1591,8360,8361,-1,1591,8361,1589,-1,1589,8361,8362,-1,1589,8362,8368,-1,8368,8362,8363,-1,8368,8363,8369,-1,8369,8363,8364,-1,8369,8364,8370,-1,8370,8364,8365,-1,8370,8365,8371,-1,8371,8365,8366,-1,8371,8366,8372,-1,1590,1589,8373,-1,8373,1589,8368,-1,8373,8368,8374,-1,8374,8368,8369,-1,8374,8369,8375,-1,8375,8369,8370,-1,8375,8370,8376,-1,8376,8370,8371,-1,8376,8371,8377,-1,8377,8371,8372,-1,8377,8372,8378,-1,1587,1586,8379,-1,8379,1586,8380,-1,8379,8380,8381,-1,8381,8380,8382,-1,8381,8382,8383,-1,8383,8382,8384,-1,8383,8384,8385,-1,8385,8384,8386,-1,8385,8386,8387,-1,8387,8386,8388,-1,8387,8388,8389,-1,8389,8388,8390,-1,8389,8390,8391,-1,8391,8390,8392,-1,8391,8392,8393,-1,8336,8394,8337,-1,8337,8394,8395,-1,8337,8395,8396,-1,8396,8395,8397,-1,8396,8397,8398,-1,8292,8338,8293,-1,8293,8338,8340,-1,8293,8340,8306,-1,8306,8340,8342,-1,8306,8342,8307,-1,8307,8342,8344,-1,8307,8344,8335,-1,8335,8344,8346,-1,8335,8346,8336,-1,8336,8346,8348,-1,8336,8348,8394,-1,8394,8348,8350,-1,8394,8350,8395,-1,8395,8350,8352,-1,8395,8352,8397,-1,8399,1594,8400,-1,8400,1594,1593,-1,8400,1593,8401,-1,8401,1593,8353,-1,8401,8353,8402,-1,8402,8353,8358,-1,8402,8358,8403,-1,8403,8358,8359,-1,8403,8359,8404,-1,8405,8367,8406,-1,8406,8367,1591,-1,8406,1591,8407,-1,8407,1591,1590,-1,8407,1590,8408,-1,8408,1590,8373,-1,8408,8373,8409,-1,8409,8373,8374,-1,8409,8374,8410,-1,8410,8374,8375,-1,8410,8375,8411,-1,8411,8375,8376,-1,8411,8376,8412,-1,8412,8376,8377,-1,8412,8377,8413,-1,8413,8377,8378,-1,8413,8378,8414,-1,1140,1142,8415,-1,8415,1142,8416,-1,8415,8416,8417,-1,8417,8416,8418,-1,8417,8418,8419,-1,8419,8418,8420,-1,8419,8420,8421,-1,8421,8420,8422,-1,8421,8422,8423,-1,8424,8425,8426,-1,8426,8425,8427,-1,8426,8427,8428,-1,8428,8427,8429,-1,8428,8429,8430,-1,8430,8429,8431,-1,8430,8431,8432,-1,8432,8431,8433,-1,8432,8433,8434,-1,8434,8433,8435,-1,8434,8435,8436,-1,8436,8435,8437,-1,8436,8437,8438,-1,8438,8437,8439,-1,8438,8439,8440,-1,8440,8439,8441,-1,8440,8441,8442,-1,8442,8441,8443,-1,8442,8443,8444,-1,8397,8445,8398,-1,8398,8445,8446,-1,8398,8446,8447,-1,1137,1139,8448,-1,8448,1139,8449,-1,8448,8449,8450,-1,8450,8449,8451,-1,8450,8451,8452,-1,8452,8451,8453,-1,8452,8453,8454,-1,8455,8454,8423,-1,8423,8454,8453,-1,8423,8453,8421,-1,8421,8453,8451,-1,8421,8451,8419,-1,8419,8451,8449,-1,8419,8449,8417,-1,8417,8449,1139,-1,8417,1139,8415,-1,8415,1139,1138,-1,8415,1138,1140,-1,1141,8399,1142,-1,1142,8399,8400,-1,1142,8400,8416,-1,8416,8400,8401,-1,8416,8401,8418,-1,8418,8401,8402,-1,8418,8402,8420,-1,8420,8402,8403,-1,8420,8403,8422,-1,8422,8403,8404,-1,8422,8404,8423,-1,8423,8404,8456,-1,8423,8456,8455,-1,8455,8456,8457,-1,1585,8424,1583,-1,1583,8424,8426,-1,1583,8426,8458,-1,8458,8426,8428,-1,8458,8428,8459,-1,8459,8428,8430,-1,8459,8430,8460,-1,8460,8430,8432,-1,8460,8432,8461,-1,8461,8432,8434,-1,8461,8434,8462,-1,8462,8434,8436,-1,8462,8436,8463,-1,8463,8436,8438,-1,8463,8438,8464,-1,8464,8438,8440,-1,8464,8440,8465,-1,8465,8440,8442,-1,8465,8442,8466,-1,8466,8442,8444,-1,8466,8444,8467,-1,1584,1583,8468,-1,8468,1583,8458,-1,8468,8458,8469,-1,8469,8458,8459,-1,8469,8459,1588,-1,1588,8459,8460,-1,1588,8460,1586,-1,1586,8460,8461,-1,1586,8461,8380,-1,8380,8461,8462,-1,8380,8462,8382,-1,8382,8462,8463,-1,8382,8463,8384,-1,8384,8463,8464,-1,8384,8464,8386,-1,8386,8464,8465,-1,8386,8465,8388,-1,8388,8465,8466,-1,8388,8466,8390,-1,8390,8466,8467,-1,8390,8467,8392,-1,1581,1580,8470,-1,8470,1580,8471,-1,8470,8471,8472,-1,8472,8471,8473,-1,8472,8473,8474,-1,8474,8473,8475,-1,8474,8475,8476,-1,8476,8475,8477,-1,8476,8477,8478,-1,8478,8477,8479,-1,8478,8479,8480,-1,8480,8479,8481,-1,8480,8481,8482,-1,8482,8481,8483,-1,8482,8483,8484,-1,8484,8483,8485,-1,8484,8485,8486,-1,8486,8485,8487,-1,8486,8487,8488,-1,8488,8487,8489,-1,8488,8489,8490,-1,8490,8489,8491,-1,8490,8491,8492,-1,8492,8491,8493,-1,8492,8493,8494,-1,8494,8493,8495,-1,8494,8495,8496,-1,8497,8498,8499,-1,8446,8500,8447,-1,8447,8500,8501,-1,8447,8501,8502,-1,1134,1136,8503,-1,8503,1136,8504,-1,8503,8504,8505,-1,8505,8504,8506,-1,8505,8506,8507,-1,8507,8506,8508,-1,8507,8508,8509,-1,8509,8508,8510,-1,8509,8510,8511,-1,8512,8511,8457,-1,8457,8511,8510,-1,8457,8510,8455,-1,8455,8510,8508,-1,8455,8508,8454,-1,8454,8508,8506,-1,8454,8506,8452,-1,8452,8506,8504,-1,8452,8504,8450,-1,8450,8504,1136,-1,8450,1136,8448,-1,8448,1136,1135,-1,8448,1135,1137,-1,8513,1585,8514,-1,8514,1585,1584,-1,8514,1584,8515,-1,8515,1584,8468,-1,8515,8468,8516,-1,8516,8468,8469,-1,8516,8469,8517,-1,8517,8469,1588,-1,8517,1588,8518,-1,8518,1588,1587,-1,8518,1587,8519,-1,8519,1587,8379,-1,8519,8379,8520,-1,8520,8379,8381,-1,8520,8381,8521,-1,8521,8381,8383,-1,8521,8383,8522,-1,8522,8383,8385,-1,8522,8385,8523,-1,8523,8385,8387,-1,8523,8387,8524,-1,8524,8387,8389,-1,8524,8389,8525,-1,8525,8389,8391,-1,8525,8391,8526,-1,8526,8391,8393,-1,8526,8393,8527,-1,8528,8513,1582,-1,1582,8513,8514,-1,1582,8514,1580,-1,1580,8514,8515,-1,1580,8515,8471,-1,8471,8515,8516,-1,8471,8516,8473,-1,8473,8516,8517,-1,8473,8517,8475,-1,8475,8517,8518,-1,8475,8518,8477,-1,8477,8518,8519,-1,8477,8519,8479,-1,8479,8519,8520,-1,8479,8520,8481,-1,8481,8520,8521,-1,8481,8521,8483,-1,8483,8521,8522,-1,8483,8522,8485,-1,8485,8522,8523,-1,8485,8523,8487,-1,8487,8523,8524,-1,8487,8524,8489,-1,8489,8524,8525,-1,8489,8525,8491,-1,8491,8525,8526,-1,8491,8526,8493,-1,8493,8526,8527,-1,8493,8527,8495,-1,8529,8530,8531,-1,8531,8530,8532,-1,8531,8532,8533,-1,8533,8532,8534,-1,8533,8534,8535,-1,8535,8534,8536,-1,8535,8536,8537,-1,8537,8536,8538,-1,8537,8538,8539,-1,8539,8538,8540,-1,8539,8540,8541,-1,8541,8540,8542,-1,8541,8542,8543,-1,8543,8542,8544,-1,8543,8544,8545,-1,8545,8544,8546,-1,8545,8546,8547,-1,8547,8546,8548,-1,8547,8548,8549,-1,8549,8548,8550,-1,8549,8550,8551,-1,8551,8550,8552,-1,8551,8552,8553,-1,8553,8552,8554,-1,8553,8554,8555,-1,8555,8554,8556,-1,8555,8556,8557,-1,8557,8556,8558,-1,8557,8558,8559,-1,8559,8558,8560,-1,8559,8560,8561,-1,8561,8560,8562,-1,8561,8562,8563,-1,1578,1577,8564,-1,1577,8565,8564,-1,8564,8565,8499,-1,8564,8499,8566,-1,8566,8499,8498,-1,8566,8498,8567,-1,8501,8568,8502,-1,8502,8568,8569,-1,8502,8569,8570,-1,1131,1133,2034,-1,2034,1133,8571,-1,2034,8571,8572,-1,8572,8571,8573,-1,8572,8573,8574,-1,8574,8573,8575,-1,8574,8575,8576,-1,8576,8575,8577,-1,8576,8577,8578,-1,8579,8578,8512,-1,8512,8578,8577,-1,8512,8577,8511,-1,8511,8577,8575,-1,8511,8575,8509,-1,8509,8575,8573,-1,8509,8573,8507,-1,8507,8573,8571,-1,8507,8571,8505,-1,8505,8571,1133,-1,8505,1133,8503,-1,8503,1133,1132,-1,8503,1132,1134,-1,8580,8581,8582,-1,8582,8581,8583,-1,8582,8583,8584,-1,8584,8583,8585,-1,8584,8585,8586,-1,8586,8585,8587,-1,8586,8587,8588,-1,8588,8587,8589,-1,8588,8589,8590,-1,8590,8589,8591,-1,8590,8591,8592,-1,8592,8591,8593,-1,8592,8593,8594,-1,8594,8593,8595,-1,8594,8595,8596,-1,8596,8595,8597,-1,8596,8597,8598,-1,8598,8597,8599,-1,8598,8599,8600,-1,8600,8599,8601,-1,8600,8601,8602,-1,8602,8601,8603,-1,8602,8603,8604,-1,8604,8603,8605,-1,8604,8605,8606,-1,8606,8605,8607,-1,8606,8607,8608,-1,8608,8607,8609,-1,8608,8609,8610,-1,8610,8609,8611,-1,8610,8611,8612,-1,8612,8611,8613,-1,8612,8613,8614,-1,8614,8613,8615,-1,8614,8615,8616,-1,8581,8617,8583,-1,8583,8617,8618,-1,8583,8618,8585,-1,8585,8618,8619,-1,8585,8619,8587,-1,8587,8619,8620,-1,8587,8620,8589,-1,8589,8620,8621,-1,8589,8621,8591,-1,8591,8621,8622,-1,8591,8622,8593,-1,8593,8622,8623,-1,8593,8623,8595,-1,8595,8623,8624,-1,8595,8624,8597,-1,8597,8624,8625,-1,8597,8625,8599,-1,8599,8625,8626,-1,8599,8626,8601,-1,8601,8626,8627,-1,8601,8627,8603,-1,8603,8627,8628,-1,8603,8628,8605,-1,8605,8628,8629,-1,8605,8629,8607,-1,8607,8629,8630,-1,8607,8630,8609,-1,8609,8630,8631,-1,8609,8631,8611,-1,8611,8631,8632,-1,8611,8632,8613,-1,8613,8632,8633,-1,8613,8633,8615,-1,8634,8635,8636,-1,8636,8635,8637,-1,8636,8637,8638,-1,8638,8637,8639,-1,8638,8639,8640,-1,8640,8639,8641,-1,8640,8641,8642,-1,8642,8641,8643,-1,8635,1579,8637,-1,8637,1579,1578,-1,8637,1578,8639,-1,8639,1578,8564,-1,8639,8564,8641,-1,8641,8564,8566,-1,8641,8566,8643,-1,8643,8566,8567,-1,8643,8567,8644,-1,8569,8645,8570,-1,8570,8645,8646,-1,8570,8646,8647,-1,8647,8646,8648,-1,8647,8648,1126,-1,1128,1130,2036,-1,2036,1130,8649,-1,2036,8649,2038,-1,2038,8649,8650,-1,2038,8650,2040,-1,2040,8650,8651,-1,2040,8651,2042,-1,2042,8651,8652,-1,2042,8652,2044,-1,1129,2034,1130,-1,1130,2034,8572,-1,1130,8572,8649,-1,8649,8572,8574,-1,8649,8574,8650,-1,8650,8574,8576,-1,8650,8576,8651,-1,8651,8576,8578,-1,8651,8578,8652,-1,8652,8578,8579,-1,8652,8579,2044,-1,2044,8579,8653,-1,2044,8653,2045,-1,8654,8655,8528,-1,8528,8655,8656,-1,8528,8656,8513,-1,8513,8656,8657,-1,8513,8657,1585,-1,1585,8657,8658,-1,1585,8658,8424,-1,8424,8658,8405,-1,8424,8405,8425,-1,8425,8405,8406,-1,8425,8406,8427,-1,8427,8406,8407,-1,8427,8407,8429,-1,8429,8407,8408,-1,8429,8408,8431,-1,8431,8408,8409,-1,8431,8409,8433,-1,8433,8409,8410,-1,8433,8410,8435,-1,8435,8410,8411,-1,8435,8411,8437,-1,8437,8411,8412,-1,8437,8412,8439,-1,8439,8412,8413,-1,8439,8413,8441,-1,8441,8413,8414,-1,8441,8414,8443,-1,8616,8529,8614,-1,8614,8529,8531,-1,8614,8531,8612,-1,8612,8531,8533,-1,8612,8533,8610,-1,8610,8533,8535,-1,8610,8535,8608,-1,8608,8535,8537,-1,8608,8537,8606,-1,8606,8537,8539,-1,8606,8539,8604,-1,8604,8539,8541,-1,8604,8541,8602,-1,8602,8541,8543,-1,8602,8543,8600,-1,8600,8543,8545,-1,8600,8545,8598,-1,8598,8545,8547,-1,8598,8547,8596,-1,8596,8547,8549,-1,8596,8549,8594,-1,8594,8549,8551,-1,8594,8551,8592,-1,8592,8551,8553,-1,8592,8553,8590,-1,8590,8553,8555,-1,8590,8555,8588,-1,8588,8555,8557,-1,8588,8557,8586,-1,8586,8557,8559,-1,8586,8559,8584,-1,8584,8559,8561,-1,8584,8561,8582,-1,8582,8561,8563,-1,8582,8563,8580,-1,8659,8660,8661,-1,8661,8660,8662,-1,8661,8662,8663,-1,8663,8662,8664,-1,8663,8664,8665,-1,8665,8664,8666,-1,8665,8666,8667,-1,8667,8666,8668,-1,8667,8668,8669,-1,8669,8668,8670,-1,8669,8670,8671,-1,8671,8670,8672,-1,8660,8634,8662,-1,8662,8634,8636,-1,8662,8636,8664,-1,8664,8636,8638,-1,8664,8638,8666,-1,8666,8638,8640,-1,8666,8640,8668,-1,8668,8640,8642,-1,8668,8642,8670,-1,8670,8642,8643,-1,8670,8643,8672,-1,8672,8643,8644,-1,8672,8644,8673,-1,8269,8271,8292,-1,8292,8271,8674,-1,8292,8674,8338,-1,8338,8674,8675,-1,8338,8675,8339,-1,8339,8675,8676,-1,8339,8676,8309,-1,8309,8676,8677,-1,8309,8677,8310,-1,8310,8677,8678,-1,8310,8678,8295,-1,8295,8678,8679,-1,8295,8679,8296,-1,8296,8679,8680,-1,8296,8680,8298,-1,8298,8680,8320,-1,8298,8320,8300,-1,8300,8320,8322,-1,8300,8322,8301,-1,8301,8322,8355,-1,8301,8355,8318,-1,8318,8355,1592,-1,8318,1592,8319,-1,8319,1592,1594,-1,8319,1594,8351,-1,8351,1594,8399,-1,8351,8399,8352,-1,8352,8399,1141,-1,8352,1141,8397,-1,8397,1141,1140,-1,8397,1140,8445,-1,8445,1140,1138,-1,8445,1138,8446,-1,8446,1138,1137,-1,8446,1137,8500,-1,8500,1137,1135,-1,8500,1135,8501,-1,8501,1135,1134,-1,8501,1134,8568,-1,8568,1134,1132,-1,8568,1132,8569,-1,8569,1132,1131,-1,8569,1131,8645,-1,8645,1131,1129,-1,8645,1129,8646,-1,8646,1129,1128,-1,8646,1128,8648,-1,8648,1128,2035,-1,8648,2035,8681,-1,8681,2035,2037,-1,8681,2037,8682,-1,8682,2037,2039,-1,8682,2039,8683,-1,8683,2039,2041,-1,8683,2041,8684,-1,8684,2041,2043,-1,8684,2043,8685,-1,8685,2043,2045,-1,8685,2045,8686,-1,8686,2045,8653,-1,8686,8653,8687,-1,8688,8689,8690,-1,8690,8689,1121,-1,8690,1121,8654,-1,8654,1121,1120,-1,8654,1120,8655,-1,8633,8688,8615,-1,8615,8688,8690,-1,8615,8690,8616,-1,8616,8690,8654,-1,8616,8654,8529,-1,8529,8654,8528,-1,8529,8528,8530,-1,8530,8528,1582,-1,8530,1582,8532,-1,8532,1582,1581,-1,8532,1581,8534,-1,8534,1581,8470,-1,8534,8470,8536,-1,8536,8470,8472,-1,8536,8472,8538,-1,8538,8472,8474,-1,8538,8474,8540,-1,8540,8474,8476,-1,8540,8476,8542,-1,8542,8476,8478,-1,8542,8478,8544,-1,8544,8478,8480,-1,8544,8480,8546,-1,8546,8480,8482,-1,8546,8482,8548,-1,8548,8482,8484,-1,8548,8484,8550,-1,8550,8484,8486,-1,8550,8486,8552,-1,8552,8486,8488,-1,8552,8488,8554,-1,8554,8488,8490,-1,8554,8490,8556,-1,8556,8490,8492,-1,8556,8492,8558,-1,8558,8492,8494,-1,8558,8494,8560,-1,8560,8494,8496,-1,8560,8496,8562,-1,8691,8692,8693,-1,8693,8692,8694,-1,8693,8694,8695,-1,8695,8694,8696,-1,8695,8696,8697,-1,8697,8696,8698,-1,8697,8698,8699,-1,8699,8698,8700,-1,8699,8700,8701,-1,8701,8700,8702,-1,8701,8702,8703,-1,8703,8702,8704,-1,8703,8704,8705,-1,8705,8704,8706,-1,8705,8706,8707,-1,8707,8706,8708,-1,8692,8659,8694,-1,8694,8659,8661,-1,8694,8661,8696,-1,8696,8661,8663,-1,8696,8663,8698,-1,8698,8663,8665,-1,8698,8665,8700,-1,8700,8665,8667,-1,8700,8667,8702,-1,8702,8667,8669,-1,8702,8669,8704,-1,8704,8669,8671,-1,8704,8671,8706,-1,8706,8671,8672,-1,8706,8672,8708,-1,8708,8672,8673,-1,8708,8673,8709,-1,8710,2046,8711,-1,8711,2046,2047,-1,8711,2047,8712,-1,8712,2047,2048,-1,8712,2048,8713,-1,8714,8715,8716,-1,8716,8715,8717,-1,8716,8717,8718,-1,8718,8717,8719,-1,8718,8719,8720,-1,8720,8719,8721,-1,8720,8721,8722,-1,8722,8721,8723,-1,8722,8723,8724,-1,8724,8723,8725,-1,8724,8725,8726,-1,8726,8725,8727,-1,8726,8727,8728,-1,8728,8727,8729,-1,8728,8729,8730,-1,8730,8729,8731,-1,8730,8731,8732,-1,8732,8731,8733,-1,8732,8733,8734,-1,8734,8733,8735,-1,8734,8735,8736,-1,8736,8735,8737,-1,8736,8737,8738,-1,8738,8737,8739,-1,8738,8739,8740,-1,8740,8739,8741,-1,8740,8741,8742,-1,8742,8741,8743,-1,8742,8743,8744,-1,8744,8743,8745,-1,8744,8745,8746,-1,8746,8745,8747,-1,8746,8747,8748,-1,8748,8747,8749,-1,8748,8749,8750,-1,8750,8749,8751,-1,8750,8751,8752,-1,1575,1574,8753,-1,8753,1574,8754,-1,8753,8754,8755,-1,8755,8754,8756,-1,8755,8756,8757,-1,8757,8756,8758,-1,8757,8758,8759,-1,8759,8758,8760,-1,8759,8760,8761,-1,8761,8760,8762,-1,8761,8762,8763,-1,8763,8762,8764,-1,8763,8764,8765,-1,8765,8764,8766,-1,8765,8766,8767,-1,8767,8766,8768,-1,8767,8768,8769,-1,8769,8768,8770,-1,8769,8770,8771,-1,8771,8770,8772,-1,8771,8772,8773,-1,8773,8772,8774,-1,8773,8774,8775,-1,8775,8774,8776,-1,8775,8776,8777,-1,8777,8776,8778,-1,8777,8778,8779,-1,8780,8781,8782,-1,8782,8781,8783,-1,8782,8783,8784,-1,8784,8783,8785,-1,8784,8785,8786,-1,8786,8785,8787,-1,8786,8787,8788,-1,8788,8787,8789,-1,8788,8789,8790,-1,8790,8789,8791,-1,8790,8791,8792,-1,8792,8791,8793,-1,8792,8793,8794,-1,8794,8793,8795,-1,8794,8795,8796,-1,8796,8795,8797,-1,8796,8797,8798,-1,8798,8797,8799,-1,8798,8799,8800,-1,8800,8799,8801,-1,8800,8801,8802,-1,8802,8801,8803,-1,8781,8691,8783,-1,8783,8691,8693,-1,8783,8693,8785,-1,8785,8693,8695,-1,8785,8695,8787,-1,8787,8695,8697,-1,8787,8697,8789,-1,8789,8697,8699,-1,8789,8699,8791,-1,8791,8699,8701,-1,8791,8701,8793,-1,8793,8701,8703,-1,8793,8703,8795,-1,8795,8703,8705,-1,8795,8705,8797,-1,8797,8705,8707,-1,8797,8707,8799,-1,8799,8707,8708,-1,8799,8708,8801,-1,8801,8708,8709,-1,8801,8709,8803,-1,1124,1123,8804,-1,8804,1123,8805,-1,8804,8805,8806,-1,8807,8713,8808,-1,8808,8713,2048,-1,8808,2048,8809,-1,8809,2048,1117,-1,8809,1117,8810,-1,8810,1117,1116,-1,8810,1116,8811,-1,8812,8811,8813,-1,8813,8811,1116,-1,8813,1116,8814,-1,8814,1116,1118,-1,8814,1118,1114,-1,1114,1118,2046,-1,1114,2046,1115,-1,1115,2046,8710,-1,8815,8714,8816,-1,8816,8714,8716,-1,8816,8716,8817,-1,8817,8716,8718,-1,8817,8718,8818,-1,8818,8718,8720,-1,8818,8720,8819,-1,8819,8720,8722,-1,8819,8722,8820,-1,8820,8722,8724,-1,8820,8724,8821,-1,8821,8724,8726,-1,8821,8726,8822,-1,8822,8726,8728,-1,8822,8728,8823,-1,8823,8728,8730,-1,8823,8730,8824,-1,8824,8730,8732,-1,8824,8732,8825,-1,8825,8732,8734,-1,8825,8734,8826,-1,8826,8734,8736,-1,8826,8736,8827,-1,8827,8736,8738,-1,8827,8738,8828,-1,8828,8738,8740,-1,8828,8740,8829,-1,8829,8740,8742,-1,8829,8742,8830,-1,8830,8742,8744,-1,8830,8744,8831,-1,8831,8744,8746,-1,8831,8746,8832,-1,8832,8746,8748,-1,8832,8748,8833,-1,8833,8748,8750,-1,8833,8750,8834,-1,8834,8750,8752,-1,8835,8815,1576,-1,1576,8815,8816,-1,1576,8816,1574,-1,1574,8816,8817,-1,1574,8817,8754,-1,8754,8817,8818,-1,8754,8818,8756,-1,8756,8818,8819,-1,8756,8819,8758,-1,8758,8819,8820,-1,8758,8820,8760,-1,8760,8820,8821,-1,8760,8821,8762,-1,8762,8821,8822,-1,8762,8822,8764,-1,8764,8822,8823,-1,8764,8823,8766,-1,8766,8823,8824,-1,8766,8824,8768,-1,8768,8824,8825,-1,8768,8825,8770,-1,8770,8825,8826,-1,8770,8826,8772,-1,8772,8826,8827,-1,8772,8827,8774,-1,8774,8827,8828,-1,8774,8828,8776,-1,8776,8828,8829,-1,8776,8829,8778,-1,8778,8829,8830,-1,8778,8830,8779,-1,8779,8830,8831,-1,8779,8831,8836,-1,8836,8831,8832,-1,8836,8832,8837,-1,8837,8832,8833,-1,8837,8833,8838,-1,8838,8833,8834,-1,8839,8840,8841,-1,8841,8840,8842,-1,8841,8842,8843,-1,8843,8842,8844,-1,8843,8844,8845,-1,8845,8844,8846,-1,8845,8846,8847,-1,8847,8846,8848,-1,8847,8848,8849,-1,8849,8848,8850,-1,8849,8850,8851,-1,8851,8850,8852,-1,8851,8852,8853,-1,8853,8852,8854,-1,8853,8854,8855,-1,8855,8854,8856,-1,8855,8856,8857,-1,8857,8856,8858,-1,8857,8858,8859,-1,8859,8858,8860,-1,8859,8860,8861,-1,8861,8860,8862,-1,8861,8862,8863,-1,8863,8862,8864,-1,8863,8864,8865,-1,8865,8864,8866,-1,8865,8866,8867,-1,8867,8866,8868,-1,8867,8868,8869,-1,8869,8868,8870,-1,8869,8870,8871,-1,8871,8870,8872,-1,8871,8872,8873,-1,8873,8872,8874,-1,8873,8874,8875,-1,8875,8874,8876,-1,8877,8878,8879,-1,8879,8878,8880,-1,8879,8880,8881,-1,8881,8880,8882,-1,8881,8882,8883,-1,8883,8882,8884,-1,8883,8884,8885,-1,8885,8884,8886,-1,8885,8886,8887,-1,8887,8886,8888,-1,8887,8888,8889,-1,8889,8888,8890,-1,8889,8890,8891,-1,8891,8890,8892,-1,8891,8892,8893,-1,8893,8892,8894,-1,8893,8894,8895,-1,8895,8894,8896,-1,8895,8896,8897,-1,8897,8896,8898,-1,8897,8898,8899,-1,8899,8898,8900,-1,8899,8900,8901,-1,8901,8900,8902,-1,8878,8780,8880,-1,8880,8780,8782,-1,8880,8782,8882,-1,8882,8782,8784,-1,8882,8784,8884,-1,8884,8784,8786,-1,8884,8786,8886,-1,8886,8786,8788,-1,8886,8788,8888,-1,8888,8788,8790,-1,8888,8790,8890,-1,8890,8790,8792,-1,8890,8792,8892,-1,8892,8792,8794,-1,8892,8794,8894,-1,8894,8794,8796,-1,8894,8796,8896,-1,8896,8796,8798,-1,8896,8798,8898,-1,8898,8798,8800,-1,8898,8800,8900,-1,8900,8800,8802,-1,8900,8802,8902,-1,8902,8802,8803,-1,8902,8803,8903,-1,8904,1122,1127,-1,1127,1122,1124,-1,1127,1124,1125,-1,1125,1124,8804,-1,1125,8804,8905,-1,8905,8804,8806,-1,8905,8806,8906,-1,8906,8806,8907,-1,8906,8907,8908,-1,8909,8907,8910,-1,8910,8907,8806,-1,8910,8806,8911,-1,8911,8806,8805,-1,8904,8807,1122,-1,1122,8807,8808,-1,1122,8808,1123,-1,1123,8808,8809,-1,1123,8809,8805,-1,8805,8809,8810,-1,8805,8810,8911,-1,8911,8810,8811,-1,8911,8811,8910,-1,8910,8811,8812,-1,8910,8812,8909,-1,8912,8913,8914,-1,8915,8916,8917,-1,8917,8916,8918,-1,8917,8918,8919,-1,8919,8918,8920,-1,8919,8920,8921,-1,8921,8920,8922,-1,8921,8922,8923,-1,8923,8922,8924,-1,8923,8924,8925,-1,8925,8924,8926,-1,8925,8926,8927,-1,8927,8926,8928,-1,8927,8928,8929,-1,8929,8928,8930,-1,8929,8930,8931,-1,8931,8930,8932,-1,8931,8932,8933,-1,8933,8932,8934,-1,8933,8934,8935,-1,8935,8934,8936,-1,8935,8936,8937,-1,8937,8936,8938,-1,8937,8938,8939,-1,8939,8938,8940,-1,8939,8940,8941,-1,8941,8940,8942,-1,8941,8942,8943,-1,8943,8942,8944,-1,8943,8944,8945,-1,8945,8944,8946,-1,8945,8946,8947,-1,8947,8946,8948,-1,8947,8948,8949,-1,8949,8948,8950,-1,8949,8950,8951,-1,8951,8950,8952,-1,8951,8952,8953,-1,8953,8952,8954,-1,8955,8956,8957,-1,8957,8956,8958,-1,8957,8958,8959,-1,8959,8958,8960,-1,8959,8960,8961,-1,8961,8960,8962,-1,8961,8962,8963,-1,8963,8962,8964,-1,8963,8964,8965,-1,8965,8964,8966,-1,8965,8966,8967,-1,8967,8966,8968,-1,8967,8968,8969,-1,8969,8968,8970,-1,8969,8970,8971,-1,8971,8970,8972,-1,8971,8972,8973,-1,8973,8972,8974,-1,8973,8974,8975,-1,8975,8974,8976,-1,8975,8976,8977,-1,8977,8976,8978,-1,8977,8978,8979,-1,8979,8978,8980,-1,8979,8980,8981,-1,8981,8980,8982,-1,8981,8982,8983,-1,8983,8982,8984,-1,8956,8877,8958,-1,8958,8877,8879,-1,8958,8879,8960,-1,8960,8879,8881,-1,8960,8881,8962,-1,8962,8881,8883,-1,8962,8883,8964,-1,8964,8883,8885,-1,8964,8885,8966,-1,8966,8885,8887,-1,8966,8887,8968,-1,8968,8887,8889,-1,8968,8889,8970,-1,8970,8889,8891,-1,8970,8891,8972,-1,8972,8891,8893,-1,8972,8893,8974,-1,8974,8893,8895,-1,8974,8895,8976,-1,8976,8895,8897,-1,8976,8897,8978,-1,8978,8897,8899,-1,8978,8899,8980,-1,8980,8899,8901,-1,8980,8901,8982,-1,8982,8901,8902,-1,8982,8902,8984,-1,8984,8902,8903,-1,8984,8903,8985,-1,8986,8987,8988,-1,8988,8987,8989,-1,8988,8989,8990,-1,8990,8989,8991,-1,8990,8991,8992,-1,8992,8991,8993,-1,8992,8993,8994,-1,8994,8993,8995,-1,8994,8995,8996,-1,8996,8995,1113,-1,8996,1113,8997,-1,8997,1113,1115,-1,8998,8999,9000,-1,9000,8999,9001,-1,9000,9001,9002,-1,9002,9001,9003,-1,8999,9004,9001,-1,9001,9004,8914,-1,9001,8914,9003,-1,9003,8914,8913,-1,9003,8913,9005,-1,8838,8876,8837,-1,8837,8876,8874,-1,8837,8874,8836,-1,8836,8874,8872,-1,8836,8872,8779,-1,8779,8872,8870,-1,8779,8870,8777,-1,8777,8870,8868,-1,8777,8868,8775,-1,8775,8868,8866,-1,8775,8866,8773,-1,8773,8866,8864,-1,8773,8864,8771,-1,8771,8864,8862,-1,8771,8862,8769,-1,8769,8862,8860,-1,8769,8860,8767,-1,8767,8860,8858,-1,8767,8858,8765,-1,8765,8858,8856,-1,8765,8856,8763,-1,8763,8856,8854,-1,8763,8854,8761,-1,8761,8854,8852,-1,8761,8852,8759,-1,8759,8852,8850,-1,8759,8850,8757,-1,8757,8850,8848,-1,8757,8848,8755,-1,8755,8848,8846,-1,8755,8846,8753,-1,8753,8846,8844,-1,8753,8844,1575,-1,1575,8844,8842,-1,1575,8842,1576,-1,1576,8842,8840,-1,1576,8840,8835,-1,8835,8840,8839,-1,8835,8839,9006,-1,9007,9008,9009,-1,9009,9008,9010,-1,9009,9010,9011,-1,9011,9010,9012,-1,9011,9012,9013,-1,9013,9012,9014,-1,9013,9014,9015,-1,9015,9014,9016,-1,9015,9016,9017,-1,9017,9016,9018,-1,9017,9018,9019,-1,9019,9018,9020,-1,9019,9020,9021,-1,9021,9020,9022,-1,9021,9022,9023,-1,9023,9022,9024,-1,9023,9024,9025,-1,9025,9024,9026,-1,9025,9026,9027,-1,9027,9026,9028,-1,9027,9028,9029,-1,9029,9028,9030,-1,9029,9030,9031,-1,9031,9030,9032,-1,9031,9032,9033,-1,9033,9032,9034,-1,9033,9034,9035,-1,9035,9034,9036,-1,9035,9036,9037,-1,9037,9036,9038,-1,9037,9038,9039,-1,9039,9038,9040,-1,9039,9040,9041,-1,9041,9040,9042,-1,9041,9042,9043,-1,9043,9042,9044,-1,9043,9044,9045,-1,9046,9047,9048,-1,9048,9047,9049,-1,9048,9049,9050,-1,9050,9049,9051,-1,9050,9051,9052,-1,9052,9051,9053,-1,9052,9053,9054,-1,9054,9053,9055,-1,9054,9055,9056,-1,9056,9055,9057,-1,9056,9057,9058,-1,9058,9057,9059,-1,9058,9059,9060,-1,9060,9059,9061,-1,9060,9061,9062,-1,9062,9061,9063,-1,9062,9063,9064,-1,9064,9063,9065,-1,9064,9065,9066,-1,9066,9065,9067,-1,9066,9067,9068,-1,9068,9067,9069,-1,9068,9069,9070,-1,9070,9069,9071,-1,9070,9071,9072,-1,9072,9071,9073,-1,9072,9073,9074,-1,9074,9073,9075,-1,9074,9075,9076,-1,9076,9075,9077,-1,9076,9077,9078,-1,9078,9077,9079,-1,9047,8955,9049,-1,9049,8955,8957,-1,9049,8957,9051,-1,9051,8957,8959,-1,9051,8959,9053,-1,9053,8959,8961,-1,9053,8961,9055,-1,9055,8961,8963,-1,9055,8963,9057,-1,9057,8963,8965,-1,9057,8965,9059,-1,9059,8965,8967,-1,9059,8967,9061,-1,9061,8967,8969,-1,9061,8969,9063,-1,9063,8969,8971,-1,9063,8971,9065,-1,9065,8971,8973,-1,9065,8973,9067,-1,9067,8973,8975,-1,9067,8975,9069,-1,9069,8975,8977,-1,9069,8977,9071,-1,9071,8977,8979,-1,9071,8979,9073,-1,9073,8979,8981,-1,9073,8981,9075,-1,9075,8981,8983,-1,9075,8983,9077,-1,9077,8983,8984,-1,9077,8984,9079,-1,9079,8984,8985,-1,9079,8985,9080,-1,9081,8986,9082,-1,9082,8986,8988,-1,9082,8988,9083,-1,9083,8988,8990,-1,9083,8990,9084,-1,9084,8990,8992,-1,9084,8992,9085,-1,9085,8992,8994,-1,9085,8994,9086,-1,9086,8994,8996,-1,9086,8996,9087,-1,9087,8996,8997,-1,9088,8998,9089,-1,9089,8998,9000,-1,9089,9000,9090,-1,9090,9000,9002,-1,9090,9002,9091,-1,9091,9002,9003,-1,9091,9003,9092,-1,9092,9003,9005,-1,9092,9005,9093,-1,9045,8915,9043,-1,9043,8915,8917,-1,9043,8917,9041,-1,9041,8917,8919,-1,9041,8919,9039,-1,9039,8919,8921,-1,9039,8921,9037,-1,9037,8921,8923,-1,9037,8923,9035,-1,9035,8923,8925,-1,9035,8925,9033,-1,9033,8925,8927,-1,9033,8927,9031,-1,9031,8927,8929,-1,9031,8929,9029,-1,9029,8929,8931,-1,9029,8931,9027,-1,9027,8931,8933,-1,9027,8933,9025,-1,9025,8933,8935,-1,9025,8935,9023,-1,9023,8935,8937,-1,9023,8937,9021,-1,9021,8937,8939,-1,9021,8939,9019,-1,9019,8939,8941,-1,9019,8941,9017,-1,9017,8941,8943,-1,9017,8943,9015,-1,9015,8943,8945,-1,9015,8945,9013,-1,9013,8945,8947,-1,9013,8947,9011,-1,9011,8947,8949,-1,9011,8949,9009,-1,9009,8949,8951,-1,9009,8951,9007,-1,9007,8951,8953,-1,9094,9095,9096,-1,9096,9095,9097,-1,9096,9097,9098,-1,9098,9097,9099,-1,9098,9099,9100,-1,9100,9099,9101,-1,9100,9101,9102,-1,9102,9101,9103,-1,9102,9103,9104,-1,9104,9103,9105,-1,9104,9105,9106,-1,9106,9105,9107,-1,9106,9107,9108,-1,9108,9107,9109,-1,9108,9109,9110,-1,9110,9109,9111,-1,9110,9111,9112,-1,9112,9111,9113,-1,9112,9113,9114,-1,9114,9113,9115,-1,9114,9115,9116,-1,9116,9115,9117,-1,9116,9117,9118,-1,9118,9117,9119,-1,9118,9119,9120,-1,9120,9119,9121,-1,9120,9121,9122,-1,9122,9121,9123,-1,9122,9123,9124,-1,9124,9123,9125,-1,9124,9125,9126,-1,9126,9125,9127,-1,9126,9127,9128,-1,9128,9127,9129,-1,9095,9046,9097,-1,9097,9046,9048,-1,9097,9048,9099,-1,9099,9048,9050,-1,9099,9050,9101,-1,9101,9050,9052,-1,9101,9052,9103,-1,9103,9052,9054,-1,9103,9054,9105,-1,9105,9054,9056,-1,9105,9056,9107,-1,9107,9056,9058,-1,9107,9058,9109,-1,9109,9058,9060,-1,9109,9060,9111,-1,9111,9060,9062,-1,9111,9062,9113,-1,9113,9062,9064,-1,9113,9064,9115,-1,9115,9064,9066,-1,9115,9066,9117,-1,9117,9066,9068,-1,9117,9068,9119,-1,9119,9068,9070,-1,9119,9070,9121,-1,9121,9070,9072,-1,9121,9072,9123,-1,9123,9072,9074,-1,9123,9074,9125,-1,9125,9074,9076,-1,9125,9076,9127,-1,9127,9076,9078,-1,9127,9078,9129,-1,9129,9078,9079,-1,9129,9079,9130,-1,9130,9079,9080,-1,9130,9080,9131,-1,9132,9133,9134,-1,9134,9133,9135,-1,9134,9135,9136,-1,9136,9135,9137,-1,9136,9137,9138,-1,9138,9137,9139,-1,9138,9139,9140,-1,9140,9139,9141,-1,9140,9141,1110,-1,1110,1112,9140,-1,9140,1112,9142,-1,9140,9142,9138,-1,9138,9142,9143,-1,9138,9143,9136,-1,9136,9143,9144,-1,9136,9144,9134,-1,9134,9144,9145,-1,9134,9145,9132,-1,1111,9088,1112,-1,1112,9088,9089,-1,1112,9089,9142,-1,9142,9089,9090,-1,9142,9090,9143,-1,9143,9090,9091,-1,9143,9091,9144,-1,9144,9091,9092,-1,9144,9092,9145,-1,9145,9092,9093,-1,9145,9093,9132,-1,9132,9093,9146,-1,8680,1144,8320,-1,8320,1144,1143,-1,8320,1143,8321,-1,8321,1143,8302,-1,8321,8302,8359,-1,8359,8302,8360,-1,8359,8360,8404,-1,8404,8360,8367,-1,8404,8367,8456,-1,8456,8367,8405,-1,8456,8405,8457,-1,8457,8405,8658,-1,8457,8658,8512,-1,8512,8658,8657,-1,8512,8657,8579,-1,8579,8657,8656,-1,8579,8656,8653,-1,8653,8656,8655,-1,8653,8655,8687,-1,8687,8655,1120,-1,8687,1120,9147,-1,9147,1120,1119,-1,9147,1119,8912,-1,8912,1119,9148,-1,8912,9148,8913,-1,8913,9148,9149,-1,8913,9149,9005,-1,9005,9149,9150,-1,9005,9150,9093,-1,9093,9150,9151,-1,9093,9151,9146,-1,9146,9151,9152,-1,9094,9045,9095,-1,9095,9045,9044,-1,9095,9044,9046,-1,9046,9044,9042,-1,9046,9042,9047,-1,9047,9042,9040,-1,9047,9040,8955,-1,8955,9040,9038,-1,8955,9038,8956,-1,8956,9038,9036,-1,8956,9036,8877,-1,8877,9036,9034,-1,8877,9034,8878,-1,8878,9034,9032,-1,8878,9032,8780,-1,8780,9032,9030,-1,8780,9030,8781,-1,8781,9030,9028,-1,8781,9028,8691,-1,8691,9028,9026,-1,8691,9026,8692,-1,8692,9026,9024,-1,8692,9024,8659,-1,8659,9024,9022,-1,8659,9022,8660,-1,8660,9022,9020,-1,8660,9020,8634,-1,8634,9020,9018,-1,8634,9018,8635,-1,8635,9018,9016,-1,8635,9016,1579,-1,1579,9016,9014,-1,1579,9014,1577,-1,1577,9014,9012,-1,1577,9012,8565,-1,8565,9012,9010,-1,8565,9010,8499,-1,8499,9010,9008,-1,8499,9008,8497,-1,8497,9008,9007,-1,8497,9007,9153,-1,9153,9007,8953,-1,9153,8953,9154,-1,9154,8953,8954,-1,9154,8954,8334,-1,8334,8954,9155,-1,8334,9155,8333,-1,9131,9156,9157,-1,9158,9159,9160,-1,9160,9159,9161,-1,9160,9161,9162,-1,9162,9161,9163,-1,9162,9163,9164,-1,9164,9163,9165,-1,9164,9165,9166,-1,9166,9165,9167,-1,9166,9167,9168,-1,9168,9167,9169,-1,9168,9169,9170,-1,1126,8648,1127,-1,1127,8648,8681,-1,1127,8681,8904,-1,8904,8681,8682,-1,8904,8682,8807,-1,8807,8682,8683,-1,8807,8683,8713,-1,8713,8683,8684,-1,8713,8684,8712,-1,8712,8684,8685,-1,8712,8685,8711,-1,8711,8685,8686,-1,8711,8686,8710,-1,8710,8686,8687,-1,8710,8687,1115,-1,1115,8687,9147,-1,1115,9147,8997,-1,8997,9147,8912,-1,8997,8912,9087,-1,9087,8912,8914,-1,9087,8914,9086,-1,9086,8914,9004,-1,9086,9004,9085,-1,9085,9004,8999,-1,9085,8999,9084,-1,9084,8999,8998,-1,9084,8998,9083,-1,9083,8998,9088,-1,9083,9088,9082,-1,9082,9088,1111,-1,9082,1111,9081,-1,9081,1111,1110,-1,9081,1110,9170,-1,9170,1110,9141,-1,9170,9141,9168,-1,9168,9141,9139,-1,9168,9139,9166,-1,9166,9139,9137,-1,9166,9137,9164,-1,9164,9137,9135,-1,9164,9135,9162,-1,9162,9135,9133,-1,9162,9133,9160,-1,9160,9133,9132,-1,9160,9132,9158,-1,9158,9132,9146,-1,9158,9146,9171,-1,9171,9146,9152,-1,9171,9152,9172,-1,9157,9173,9174,-1,9174,9173,9175,-1,9174,9175,9176,-1,9176,9175,9177,-1,9176,9177,9178,-1,9178,9177,9179,-1,9178,9179,9180,-1,9180,9179,9181,-1,9180,9181,9182,-1,9182,9181,9183,-1,9182,9183,9184,-1,9184,9183,9185,-1,9184,9185,9186,-1,9186,9185,9187,-1,9186,9187,9188,-1,9188,9187,9189,-1,9188,9189,9190,-1,9190,9189,9191,-1,9190,9191,9192,-1,9192,9191,9193,-1,9192,9193,9194,-1,9194,9193,9195,-1,9194,9195,9196,-1,9196,9195,9197,-1,9196,9197,9198,-1,9198,9197,9199,-1,9198,9199,9200,-1,9200,9199,9201,-1,9200,9201,9202,-1,9202,9201,9203,-1,9202,9203,9204,-1,9204,9203,9205,-1,9204,9205,9206,-1,9206,9205,9207,-1,9206,9207,9208,-1,9208,9207,9209,-1,9208,9209,9210,-1,9210,9209,9211,-1,9210,9211,9212,-1,9131,9157,9130,-1,9130,9157,9174,-1,9130,9174,9129,-1,9129,9174,9176,-1,9129,9176,9128,-1,9128,9176,9178,-1,9128,9178,9126,-1,9126,9178,9180,-1,9126,9180,9124,-1,9124,9180,9182,-1,9124,9182,9122,-1,9122,9182,9184,-1,9122,9184,9120,-1,9120,9184,9186,-1,9120,9186,9118,-1,9118,9186,9188,-1,9118,9188,9116,-1,9116,9188,9190,-1,9116,9190,9114,-1,9114,9190,9192,-1,9114,9192,9112,-1,9112,9192,9194,-1,9112,9194,9110,-1,9110,9194,9196,-1,9110,9196,9108,-1,9108,9196,9198,-1,9108,9198,9106,-1,9106,9198,9200,-1,9106,9200,9104,-1,9104,9200,9202,-1,9104,9202,9102,-1,9102,9202,9204,-1,9102,9204,9100,-1,9100,9204,9206,-1,9100,9206,9098,-1,9098,9206,9208,-1,9098,9208,9096,-1,9096,9208,9210,-1,9096,9210,9094,-1,9094,9210,9212,-1,9094,9212,9045,-1,9045,9212,9213,-1,9045,9213,8915,-1,8915,9213,9006,-1,8915,9006,8916,-1,8916,9006,8839,-1,8916,8839,8918,-1,8918,8839,8841,-1,8918,8841,8920,-1,8920,8841,8843,-1,8920,8843,8922,-1,8922,8843,8845,-1,8922,8845,8924,-1,8924,8845,8847,-1,8924,8847,8926,-1,8926,8847,8849,-1,8926,8849,8928,-1,8928,8849,8851,-1,8928,8851,8930,-1,8930,8851,8853,-1,8930,8853,8932,-1,8932,8853,8855,-1,8932,8855,8934,-1,8934,8855,8857,-1,8934,8857,8936,-1,8936,8857,8859,-1,8936,8859,8938,-1,8938,8859,8861,-1,8938,8861,8940,-1,8940,8861,8863,-1,8940,8863,8942,-1,8942,8863,8865,-1,8942,8865,8944,-1,8944,8865,8867,-1,8944,8867,8946,-1,8946,8867,8869,-1,8946,8869,8948,-1,8948,8869,8871,-1,8948,8871,8950,-1,8950,8871,8873,-1,8950,8873,8952,-1,8952,8873,8875,-1,8952,8875,8954,-1,8954,8875,8876,-1,8954,8876,9155,-1,9155,8876,8838,-1,9155,8838,8333,-1,8333,8838,8834,-1,8333,8834,8331,-1,8331,8834,8752,-1,8331,8752,8329,-1,9214,9215,9216,-1,9216,9215,9217,-1,9216,9217,9218,-1,9218,9217,9219,-1,9218,9219,9220,-1,9220,9219,9221,-1,9220,9221,9222,-1,9223,9207,9224,-1,9224,9207,9205,-1,9224,9205,9225,-1,9225,9205,9203,-1,9225,9203,9226,-1,9226,9203,9201,-1,9226,9201,9227,-1,9227,9201,9199,-1,9227,9199,9228,-1,9228,9199,9197,-1,9228,9197,9229,-1,9229,9197,9195,-1,9229,9195,9230,-1,9230,9195,9193,-1,9230,9193,9231,-1,9231,9193,9191,-1,9231,9191,9232,-1,9232,9191,9189,-1,9232,9189,9233,-1,9233,9189,9187,-1,9233,9187,9234,-1,9234,9187,9185,-1,9234,9185,9235,-1,9235,9185,9183,-1,9235,9183,9236,-1,9236,9183,9181,-1,9236,9181,9237,-1,9237,9181,9179,-1,9237,9179,9238,-1,9238,9179,9177,-1,9238,9177,9239,-1,9239,9177,9175,-1,9239,9175,9240,-1,9240,9175,9173,-1,9240,9173,9241,-1,9241,9173,9157,-1,9241,9157,9242,-1,9242,9157,9156,-1,9242,9156,9243,-1,7029,7028,7038,-1,7038,7028,7026,-1,7038,7026,7859,-1,7859,7026,7024,-1,7859,7024,7860,-1,7860,7024,7022,-1,7860,7022,7750,-1,7750,7022,7020,-1,7750,7020,7751,-1,7751,7020,7018,-1,7751,7018,7696,-1,7696,7018,7017,-1,7696,7017,7041,-1,7041,7017,7030,-1,7041,7030,7039,-1,7039,7030,7032,-1,7039,7032,7068,-1,7068,7032,7034,-1,7068,7034,7067,-1,7067,7034,7036,-1,7067,7036,7097,-1,7097,7036,7042,-1,7097,7042,7071,-1,7071,7042,7043,-1,7071,7043,7072,-1,7072,7043,7044,-1,7072,7044,7088,-1,7088,7044,7045,-1,7088,7045,7089,-1,7089,7045,7046,-1,7089,7046,7107,-1,7107,7046,7047,-1,7107,7047,7108,-1,7108,7047,7048,-1,7108,7048,7139,-1,7139,7048,7049,-1,7139,7049,7140,-1,7140,7049,7050,-1,7140,7050,7239,-1,7239,7050,7051,-1,7239,7051,7158,-1,7158,7051,7052,-1,7158,7052,7159,-1,7159,7052,7053,-1,7159,7053,1222,-1,1222,7053,7054,-1,1222,7054,1223,-1,1223,7054,7055,-1,1223,7055,7189,-1,7189,7055,7056,-1,7189,7056,7190,-1,7190,7056,7057,-1,7190,7057,7191,-1,7191,7057,7058,-1,7191,7058,7192,-1,7192,7058,7059,-1,7192,7059,7194,-1,7194,7059,7061,-1,7194,7061,7196,-1,7196,7061,7075,-1,7196,7075,7198,-1,7198,7075,7074,-1,7198,7074,7200,-1,7200,7074,7092,-1,7200,7092,7202,-1,7202,7092,7091,-1,7202,7091,7204,-1,7204,7091,7111,-1,7204,7111,7206,-1,7206,7111,7110,-1,7206,7110,7208,-1,7208,7110,7163,-1,7208,7163,7210,-1,7210,7163,7162,-1,7210,7162,7212,-1,7212,7162,7161,-1,7212,7161,7214,-1,7214,7161,7160,-1,7214,7160,7216,-1,7216,7160,7987,-1,7216,7987,7217,-1,7217,7987,7988,-1,7217,7988,8178,-1,8178,7988,7989,-1,8178,7989,8179,-1,8179,7989,7990,-1,8179,7990,8180,-1,8180,7990,7991,-1,8180,7991,8181,-1,8181,7991,7992,-1,8181,7992,8182,-1,8182,7992,7993,-1,8182,7993,8183,-1,8183,7993,7994,-1,8183,7994,8184,-1,8184,7994,7995,-1,8184,7995,8185,-1,8185,7995,7996,-1,8185,7996,8186,-1,8186,7996,7997,-1,8186,7997,8187,-1,8187,7997,7998,-1,8187,7998,8188,-1,8188,7998,7999,-1,8188,7999,8189,-1,8189,7999,8000,-1,8189,8000,8190,-1,8190,8000,8001,-1,8190,8001,8191,-1,8191,8001,8002,-1,8191,8002,8192,-1,8192,8002,8003,-1,8192,8003,8193,-1,8193,8003,7982,-1,8193,7982,8194,-1,8194,7982,7978,-1,8194,7978,8195,-1,8195,7978,7980,-1,8195,7980,8146,-1,8146,7980,8086,-1,8146,8086,8144,-1,8144,8086,8085,-1,8144,8085,8142,-1,8142,8085,8080,-1,8142,8080,8140,-1,8140,8080,8079,-1,8140,8079,8138,-1,8138,8079,8148,-1,8138,8148,8136,-1,8136,8148,8147,-1,8136,8147,8134,-1,8134,8147,8197,-1,8134,8197,8132,-1,8132,8197,1150,-1,8132,1150,8196,-1,8196,1150,1149,-1,8196,1149,8270,-1,8270,1149,8226,-1,8270,8226,8271,-1,8271,8226,8224,-1,8271,8224,8674,-1,8674,8224,8222,-1,8674,8222,8675,-1,8675,8222,8220,-1,8675,8220,8676,-1,8676,8220,8218,-1,8676,8218,8677,-1,8677,8218,8216,-1,8677,8216,8678,-1,8678,8216,8214,-1,8678,8214,8679,-1,8679,8214,8213,-1,8679,8213,8680,-1,8680,8213,8227,-1,8680,8227,1144,-1,1144,8227,8228,-1,1144,8228,1145,-1,1145,8228,8289,-1,1145,8289,8305,-1,8305,8289,8288,-1,8305,8288,1147,-1,1147,8288,8287,-1,1147,8287,1148,-1,1148,8287,8286,-1,1148,8286,8291,-1,8291,8286,8285,-1,8291,8285,8366,-1,8366,8285,8284,-1,8366,8284,8372,-1,8372,8284,8283,-1,8372,8283,8378,-1,8378,8283,8282,-1,8378,8282,8414,-1,8414,8282,8281,-1,8414,8281,8443,-1,8443,8281,8280,-1,8443,8280,8444,-1,8444,8280,8279,-1,8444,8279,8467,-1,8467,8279,8278,-1,8467,8278,8392,-1,8392,8278,8277,-1,8392,8277,8393,-1,8393,8277,8276,-1,8393,8276,8527,-1,8527,8276,8275,-1,8527,8275,8495,-1,8495,8275,8274,-1,8495,8274,8496,-1,8496,8274,8273,-1,8496,8273,8562,-1,8562,8273,8272,-1,8562,8272,8563,-1,8563,8272,8268,-1,8563,8268,8580,-1,8580,8268,8267,-1,8580,8267,8581,-1,8581,8267,8329,-1,8581,8329,8617,-1,8617,8329,8752,-1,8617,8752,8618,-1,8618,8752,8751,-1,8618,8751,8619,-1,8619,8751,8749,-1,8619,8749,8620,-1,8620,8749,8747,-1,8620,8747,8621,-1,8621,8747,8745,-1,8621,8745,8622,-1,8622,8745,8743,-1,8622,8743,8623,-1,8623,8743,8741,-1,8623,8741,8624,-1,8624,8741,8739,-1,8624,8739,8625,-1,8625,8739,8737,-1,8625,8737,8626,-1,8626,8737,8735,-1,8626,8735,8627,-1,8627,8735,8733,-1,8627,8733,8628,-1,8628,8733,8731,-1,8628,8731,8629,-1,8629,8731,8729,-1,8629,8729,8630,-1,8630,8729,8727,-1,8630,8727,8631,-1,8631,8727,8725,-1,8631,8725,8632,-1,8632,8725,8723,-1,8632,8723,8633,-1,8633,8723,8721,-1,8633,8721,8688,-1,8688,8721,8719,-1,8688,8719,8689,-1,8689,8719,8717,-1,8689,8717,1121,-1,1121,8717,8715,-1,1121,8715,1119,-1,1119,8715,8714,-1,1119,8714,9148,-1,9148,8714,8815,-1,9148,8815,9149,-1,9149,8815,8835,-1,9149,8835,9150,-1,9150,8835,9006,-1,9150,9006,9151,-1,9151,9006,9213,-1,9151,9213,9152,-1,9152,9213,9212,-1,9152,9212,9172,-1,9172,9212,9211,-1,9172,9211,9244,-1,9244,9211,9209,-1,9244,9209,9223,-1,9223,9209,9207,-1,9245,2052,9246,-1,9246,2052,2050,-1,9246,2050,9247,-1,9247,2050,2049,-1,9247,2049,9222,-1,1108,9248,1109,-1,1109,9248,9249,-1,1109,9249,9250,-1,9250,9249,9251,-1,9250,9251,9252,-1,9252,9251,9253,-1,9252,9253,9254,-1,9254,9253,9255,-1,9248,9221,9249,-1,9249,9221,9219,-1,9249,9219,9251,-1,9251,9219,9217,-1,9251,9217,9253,-1,9253,9217,9215,-1,9253,9215,9255,-1,9255,9215,9214,-1,9255,9214,9256,-1,9256,9214,9257,-1,9256,9257,9258,-1,9258,9257,9259,-1,9258,9259,9260,-1,9261,9262,9263,-1,9263,9262,9264,-1,9263,9264,9265,-1,9265,9264,9266,-1,9265,9266,9267,-1,9267,9266,9268,-1,9267,9268,9269,-1,9269,9268,9270,-1,9269,9270,9271,-1,9271,9270,9272,-1,9271,9272,9273,-1,9273,9272,9274,-1,9273,9274,9275,-1,9275,9274,9276,-1,9275,9276,9277,-1,9277,9276,9278,-1,9277,9278,9279,-1,9279,9278,9280,-1,9279,9280,9281,-1,9281,9280,9282,-1,9281,9282,9283,-1,9283,9282,9284,-1,9283,9284,9285,-1,9285,9284,9286,-1,9285,9286,9287,-1,9287,9286,9288,-1,9287,9288,9289,-1,9289,9288,9290,-1,9289,9290,9291,-1,9291,9290,9292,-1,9291,9292,9293,-1,9293,9292,9294,-1,9293,9294,9295,-1,9295,9294,9296,-1,9295,9296,9297,-1,9297,9296,9298,-1,9297,9298,9299,-1,9297,9300,9295,-1,9295,9300,9301,-1,9295,9301,9293,-1,9293,9301,9302,-1,9293,9302,9291,-1,9291,9302,9303,-1,9291,9303,9289,-1,9289,9303,9304,-1,9289,9304,9287,-1,9287,9304,9305,-1,9287,9305,9285,-1,9285,9305,9306,-1,9285,9306,9283,-1,9283,9306,9307,-1,9283,9307,9281,-1,9281,9307,9308,-1,9281,9308,9279,-1,9279,9308,9309,-1,9279,9309,9277,-1,9277,9309,9310,-1,9277,9310,9275,-1,9275,9310,9311,-1,9275,9311,9273,-1,9273,9311,9312,-1,9273,9312,9271,-1,9271,9312,9313,-1,9271,9313,9269,-1,9269,9313,9314,-1,9269,9314,9267,-1,9267,9314,9315,-1,9267,9315,9265,-1,9265,9315,9316,-1,9265,9316,9263,-1,9263,9316,9317,-1,9263,9317,9261,-1,9318,9319,9320,-1,9320,9319,9321,-1,9320,9321,9322,-1,9322,9321,9323,-1,9322,9323,9324,-1,9324,9323,1103,-1,9324,1103,9325,-1,9325,1103,1102,-1,9325,1102,1107,-1,9259,9261,9260,-1,9260,9261,9317,-1,9260,9317,9326,-1,9326,9317,9316,-1,9326,9316,9327,-1,9327,9316,9315,-1,9327,9315,9328,-1,9328,9315,9314,-1,9328,9314,9329,-1,9329,9314,9313,-1,9329,9313,9330,-1,9330,9313,9312,-1,9330,9312,9331,-1,9331,9312,9311,-1,9331,9311,9332,-1,9332,9311,9310,-1,9332,9310,9333,-1,9333,9310,9309,-1,9333,9309,9334,-1,9334,9309,9308,-1,9334,9308,9335,-1,9335,9308,9307,-1,9335,9307,9336,-1,9336,9307,9306,-1,9336,9306,9337,-1,9337,9306,9305,-1,9337,9305,9338,-1,9338,9305,9304,-1,9338,9304,9339,-1,9339,9304,9303,-1,9339,9303,9340,-1,9340,9303,9302,-1,9340,9302,9341,-1,9341,9302,9301,-1,9341,9301,9342,-1,9342,9301,9300,-1,9342,9300,9343,-1,9343,9300,9297,-1,9343,9297,9344,-1,9344,9297,9299,-1,9344,9299,9345,-1,1104,1106,9346,-1,9346,1106,9347,-1,9346,9347,9348,-1,9348,9347,9349,-1,9348,9349,9350,-1,9350,9349,9351,-1,9350,9351,9352,-1,9352,9351,9353,-1,9352,9353,9354,-1,9354,9353,9355,-1,9354,9355,9356,-1,9356,9355,9357,-1,9356,9357,9358,-1,9358,9357,9359,-1,9358,9359,9360,-1,9360,9359,9361,-1,9360,9361,9362,-1,9362,9361,9363,-1,9362,9363,9364,-1,9364,9363,9365,-1,9364,9365,9366,-1,9366,9365,9367,-1,9366,9367,9368,-1,9368,9367,9369,-1,9368,9369,9370,-1,9370,9369,9371,-1,9370,9371,9372,-1,9372,9371,9373,-1,9372,9373,9374,-1,9374,9373,9375,-1,9374,9375,9376,-1,9376,9375,9377,-1,9376,9377,9378,-1,1101,1103,9379,-1,9379,1103,9323,-1,9379,9323,9380,-1,9380,9323,9321,-1,9380,9321,9381,-1,9381,9321,9319,-1,9381,9319,9382,-1,9382,9319,9318,-1,9382,9318,9383,-1,9383,9318,9384,-1,9383,9384,9385,-1,9385,9384,9386,-1,9385,9386,9387,-1,9387,9386,9388,-1,9387,9388,9389,-1,9389,9388,9390,-1,9389,9390,9391,-1,9392,9393,9394,-1,9395,9396,9397,-1,9390,1105,9391,-1,9391,1105,1104,-1,9391,1104,9398,-1,9398,1104,9346,-1,9398,9346,9399,-1,9399,9346,9348,-1,9399,9348,9400,-1,9400,9348,9350,-1,9400,9350,9401,-1,9401,9350,9352,-1,9401,9352,9402,-1,9402,9352,9354,-1,9402,9354,9403,-1,9403,9354,9356,-1,9403,9356,9404,-1,9404,9356,9358,-1,9404,9358,9405,-1,9405,9358,9360,-1,9405,9360,9406,-1,9406,9360,9362,-1,9406,9362,9407,-1,9407,9362,9364,-1,9407,9364,9408,-1,9408,9364,9366,-1,9408,9366,9409,-1,9409,9366,9368,-1,9409,9368,9410,-1,9410,9368,9370,-1,9410,9370,9411,-1,9411,9370,9372,-1,9411,9372,9412,-1,9412,9372,9374,-1,9412,9374,9413,-1,9413,9374,9376,-1,9413,9376,9414,-1,9414,9376,9378,-1,9414,9378,9415,-1,1107,1109,9325,-1,9325,1109,9250,-1,9325,9250,9324,-1,9324,9250,9252,-1,9324,9252,9322,-1,9322,9252,9254,-1,9322,9254,9320,-1,9320,9254,9255,-1,9320,9255,9318,-1,9318,9255,9256,-1,9318,9256,9384,-1,9384,9256,9258,-1,9384,9258,9386,-1,9386,9258,9260,-1,9386,9260,9388,-1,9388,9260,9326,-1,9388,9326,9390,-1,9390,9326,9327,-1,9390,9327,1105,-1,1105,9327,9328,-1,1105,9328,1106,-1,1106,9328,9329,-1,1106,9329,9347,-1,9347,9329,9330,-1,9347,9330,9349,-1,9349,9330,9331,-1,9349,9331,9351,-1,9351,9331,9332,-1,9351,9332,9353,-1,9353,9332,9333,-1,9353,9333,9355,-1,9355,9333,9334,-1,9355,9334,9357,-1,9357,9334,9335,-1,9357,9335,9359,-1,9359,9335,9336,-1,9359,9336,9361,-1,9361,9336,9337,-1,9361,9337,9363,-1,9363,9337,9338,-1,9363,9338,9365,-1,9365,9338,9339,-1,9365,9339,9367,-1,9367,9339,9340,-1,9367,9340,9369,-1,9369,9340,9341,-1,9369,9341,9371,-1,9371,9341,9342,-1,9371,9342,9373,-1,9373,9342,9343,-1,9373,9343,9375,-1,9375,9343,9344,-1,9375,9344,9377,-1,9377,9344,9345,-1,9377,9345,9378,-1,9378,9345,9416,-1,9378,9416,9415,-1,9415,9416,9417,-1,9415,9417,9418,-1,9418,9417,9419,-1,9418,9419,9420,-1,9394,9421,9392,-1,9392,9421,9422,-1,9392,9422,9423,-1,9424,1081,9425,-1,9425,1081,1080,-1,9425,1080,9395,-1,9395,1080,9426,-1,9395,9426,9396,-1,1083,1082,9427,-1,9427,1082,9428,-1,9427,9428,9429,-1,1572,1571,9430,-1,9430,1571,9431,-1,9430,9431,9432,-1,9432,9431,9433,-1,9432,9433,9434,-1,9434,9433,9435,-1,9434,9435,1099,-1,9420,9419,9436,-1,9436,9419,9437,-1,9436,9437,9438,-1,9438,9437,9439,-1,9438,9439,9440,-1,9422,9441,9423,-1,9423,9441,9442,-1,9423,9442,9443,-1,9444,9445,1079,-1,1079,9445,9446,-1,1079,9446,1080,-1,1080,9446,9447,-1,1080,9447,9426,-1,9448,9449,9450,-1,9442,9451,9443,-1,9443,9451,9452,-1,9443,9452,9453,-1,1077,9444,1078,-1,1078,9444,1079,-1,1078,1079,9454,-1,9454,1079,1081,-1,9454,1081,9429,-1,9429,1081,9424,-1,9429,9424,9427,-1,1099,1098,9434,-1,9434,1098,9455,-1,9434,9455,9432,-1,9432,9455,9456,-1,9432,9456,9430,-1,9430,9456,9457,-1,9430,9457,1572,-1,1572,9457,9458,-1,1572,9458,1573,-1,1573,9458,9459,-1,1573,9459,9460,-1,9450,9461,9462,-1,9462,9461,9463,-1,9462,9463,9464,-1,9452,9465,9453,-1,9453,9465,9466,-1,9453,9466,9467,-1,9467,9466,9468,-1,9467,9468,9469,-1,1074,1076,1075,-1,1075,1076,1078,-1,1075,1078,9470,-1,9470,1078,9454,-1,9470,9454,9471,-1,9471,9454,9429,-1,9471,9429,9472,-1,9472,9429,9428,-1,9472,9428,9473,-1,9473,9428,1082,-1,9473,1082,9474,-1,9474,1082,1084,-1,9474,1084,9475,-1,9476,9464,9477,-1,9477,9464,9463,-1,9477,9463,9478,-1,9478,9463,9461,-1,9478,9461,9479,-1,9480,1073,9481,-1,9481,1073,1075,-1,9481,1075,9482,-1,9482,1075,9470,-1,9482,9470,9483,-1,9483,9470,9471,-1,9483,9471,9484,-1,9484,9471,9472,-1,9484,9472,9485,-1,9485,9472,9473,-1,9485,9473,9486,-1,9486,9473,9474,-1,9486,9474,9487,-1,9487,9474,9475,-1,9487,9475,9488,-1,1097,1096,9489,-1,9489,1096,9490,-1,9489,9490,9491,-1,9491,9490,9492,-1,9491,9492,9493,-1,9493,9492,9494,-1,9493,9494,9495,-1,9495,9494,9496,-1,9495,9496,9497,-1,9497,9496,9498,-1,9497,9498,9499,-1,9499,9498,9500,-1,9499,9500,9501,-1,9501,9500,9502,-1,9501,9502,9503,-1,9503,9502,9504,-1,9503,9504,9505,-1,9506,9507,9508,-1,9508,9507,9509,-1,9508,9509,9510,-1,9510,9509,9511,-1,9510,9511,9512,-1,9512,9511,9513,-1,9507,9476,9509,-1,9509,9476,9477,-1,9509,9477,9511,-1,9511,9477,9478,-1,9511,9478,9513,-1,9513,9478,9479,-1,9513,9479,9514,-1,9468,9515,9469,-1,9469,9515,9516,-1,9469,9516,9517,-1,1071,9480,1072,-1,1072,9480,9481,-1,1072,9481,9518,-1,9518,9481,9482,-1,9518,9482,9519,-1,9519,9482,9483,-1,9519,9483,9460,-1,9460,9483,9484,-1,9460,9484,1573,-1,1573,9484,9485,-1,1573,9485,1571,-1,1571,9485,9486,-1,1571,9486,9431,-1,9431,9486,9487,-1,9431,9487,9433,-1,9433,9487,9488,-1,9433,9488,9435,-1,1095,1094,1096,-1,1096,1094,9520,-1,1096,9520,9490,-1,9490,9520,9521,-1,9490,9521,9492,-1,9492,9521,9522,-1,9492,9522,9494,-1,9494,9522,9523,-1,9494,9523,9496,-1,9496,9523,9524,-1,9496,9524,9498,-1,9498,9524,9525,-1,9498,9525,9500,-1,9500,9525,9526,-1,9500,9526,9502,-1,9502,9526,9527,-1,9502,9527,9504,-1,9504,9527,9528,-1,9504,9528,9505,-1,9505,9528,9529,-1,9505,9529,9530,-1,9531,9506,9532,-1,9532,9506,9508,-1,9532,9508,9533,-1,9533,9508,9510,-1,9533,9510,9534,-1,9534,9510,9512,-1,9534,9512,9535,-1,9535,9512,9513,-1,9535,9513,9536,-1,9536,9513,9514,-1,9536,9514,9537,-1,9516,9538,9517,-1,9517,9538,9539,-1,9517,9539,9540,-1,1065,1070,1066,-1,1066,1070,1072,-1,1066,1072,9541,-1,9541,1072,9518,-1,9541,9518,9542,-1,9542,9518,9519,-1,9542,9519,9543,-1,9543,9519,9460,-1,9543,9460,9544,-1,9544,9460,9459,-1,9544,9459,9545,-1,9545,9459,9458,-1,9545,9458,9546,-1,9546,9458,9457,-1,9546,9457,9547,-1,9547,9457,9456,-1,9547,9456,9548,-1,9548,9456,9455,-1,9548,9455,9549,-1,9549,9455,1098,-1,9549,1098,9550,-1,9550,1098,1100,-1,9550,1100,9551,-1,1092,1091,1094,-1,1094,1091,9552,-1,1094,9552,9520,-1,9520,9552,9553,-1,9520,9553,9521,-1,9521,9553,9554,-1,9521,9554,9522,-1,9522,9554,9555,-1,9522,9555,9523,-1,9523,9555,9556,-1,9523,9556,9524,-1,9524,9556,9557,-1,9524,9557,9525,-1,9525,9557,9558,-1,9525,9558,9526,-1,9526,9558,9559,-1,9526,9559,9527,-1,9527,9559,9560,-1,9527,9560,9528,-1,9528,9560,9561,-1,9528,9561,9529,-1,9529,9561,9562,-1,9529,9562,9530,-1,9530,9562,9563,-1,9530,9563,9564,-1,1569,1568,9565,-1,9565,1568,9566,-1,9565,9566,9567,-1,9567,9566,9568,-1,9567,9568,9569,-1,9569,9568,9570,-1,9569,9570,9571,-1,9571,9570,9572,-1,9571,9572,9573,-1,9573,9572,9574,-1,9573,9574,9575,-1,9575,9574,9576,-1,9575,9576,9577,-1,9577,9576,9578,-1,9577,9578,9579,-1,9579,9578,9580,-1,9579,9580,9581,-1,9581,9580,9582,-1,9581,9582,9583,-1,9583,9582,9584,-1,9583,9584,9585,-1,9585,9584,9586,-1,9585,9586,9587,-1,9587,9586,9588,-1,9587,9588,9589,-1,9589,9588,1088,-1,9589,1088,9590,-1,9590,1088,1090,-1,9590,1090,1086,-1,9450,9449,9461,-1,9461,9449,9591,-1,9461,9591,9479,-1,9479,9591,9592,-1,9479,9592,9514,-1,9514,9592,9593,-1,9514,9593,9537,-1,9537,9593,9594,-1,9537,9594,9595,-1,9595,9594,9596,-1,9595,9596,9597,-1,9539,9598,9540,-1,9540,9598,9599,-1,9540,9599,9600,-1,1062,1064,1063,-1,1063,1064,1066,-1,1063,1066,9601,-1,9601,1066,9541,-1,9601,9541,9602,-1,9602,9541,9542,-1,9602,9542,9603,-1,9603,9542,9543,-1,9603,9543,9604,-1,9604,9543,9544,-1,9604,9544,9605,-1,9605,9544,9545,-1,9605,9545,9606,-1,9606,9545,9546,-1,9606,9546,9607,-1,9607,9546,9547,-1,9607,9547,9608,-1,9608,9547,9548,-1,9608,9548,9609,-1,9609,9548,9549,-1,9609,9549,9610,-1,9610,9549,9550,-1,9610,9550,9611,-1,9611,9550,9551,-1,9611,9551,9612,-1,9613,9614,9615,-1,9615,9614,9616,-1,9615,9616,9617,-1,9617,9616,9618,-1,9617,9618,9619,-1,9619,9618,9620,-1,9619,9620,9621,-1,9622,9613,9623,-1,9623,9613,9615,-1,9623,9615,9624,-1,9624,9615,9617,-1,9624,9617,9625,-1,9625,9617,9619,-1,9625,9619,9626,-1,9626,9619,9621,-1,9626,9621,9627,-1,9599,9628,9600,-1,9600,9628,9629,-1,9600,9629,9630,-1,9631,9632,9633,-1,9633,9632,9634,-1,9633,9634,9635,-1,9635,9634,9636,-1,9635,9636,9637,-1,9637,9636,9638,-1,9637,9638,9639,-1,9639,9638,9640,-1,9639,9640,9641,-1,9641,9640,9642,-1,9641,9642,9643,-1,9643,9642,9644,-1,9643,9644,9645,-1,9645,9644,9646,-1,9645,9646,9647,-1,9647,9646,9648,-1,9647,9648,9649,-1,9649,9648,9650,-1,9649,9650,9651,-1,9651,9650,9652,-1,9651,9652,9653,-1,9653,9652,9654,-1,9653,9654,9655,-1,9655,9654,9656,-1,9655,9656,9657,-1,9657,9656,9658,-1,9657,9658,9659,-1,9659,9658,9660,-1,9659,9660,9661,-1,9661,9660,9662,-1,9661,9662,9663,-1,9663,9662,9664,-1,9663,9664,9665,-1,9665,9664,9666,-1,9665,9666,9667,-1,9667,9666,9668,-1,9667,9668,9669,-1,1059,1061,1060,-1,1060,1061,1063,-1,1060,1063,9670,-1,9670,1063,9601,-1,9670,9601,9564,-1,9564,9601,9602,-1,9564,9602,9530,-1,9530,9602,9603,-1,9530,9603,9505,-1,9505,9603,9604,-1,9505,9604,9503,-1,9503,9604,9605,-1,9503,9605,9501,-1,9501,9605,9606,-1,9501,9606,9499,-1,9499,9606,9607,-1,9499,9607,9497,-1,9497,9607,9608,-1,9497,9608,9495,-1,9495,9608,9609,-1,9495,9609,9493,-1,9493,9609,9610,-1,9493,9610,9491,-1,9491,9610,9611,-1,9491,9611,9489,-1,9489,9611,9612,-1,9489,9612,1097,-1,1086,1085,9590,-1,9590,1085,9671,-1,9590,9671,9589,-1,9589,9671,9672,-1,9589,9672,9587,-1,9587,9672,9673,-1,9587,9673,9585,-1,9585,9673,9674,-1,9585,9674,9583,-1,9583,9674,9675,-1,9583,9675,9581,-1,9581,9675,9676,-1,9581,9676,9579,-1,9579,9676,9677,-1,9579,9677,9577,-1,9577,9677,9678,-1,9577,9678,9575,-1,9575,9678,9679,-1,9575,9679,9573,-1,9573,9679,9680,-1,9573,9680,9571,-1,9571,9680,9681,-1,9571,9681,9569,-1,9569,9681,9682,-1,9569,9682,9567,-1,9567,9682,9683,-1,9567,9683,9565,-1,9565,9683,9684,-1,9565,9684,1569,-1,1569,9684,9685,-1,1569,9685,1570,-1,1570,9685,9686,-1,1570,9686,9687,-1,1566,1565,9688,-1,9688,1565,9689,-1,9688,9689,9690,-1,9690,9689,9691,-1,9690,9691,9692,-1,9692,9691,9693,-1,9692,9693,9694,-1,9694,9693,9695,-1,9694,9695,9696,-1,9696,9695,9697,-1,9696,9697,1068,-1,9698,9622,9699,-1,9699,9622,9623,-1,9699,9623,9700,-1,9700,9623,9624,-1,9700,9624,9701,-1,9701,9624,9625,-1,9701,9625,9702,-1,9702,9625,9626,-1,9702,9626,9703,-1,9703,9626,9627,-1,9703,9627,9704,-1,9705,9698,9706,-1,9706,9698,9699,-1,9706,9699,9707,-1,9707,9699,9700,-1,9707,9700,9708,-1,9708,9700,9701,-1,9708,9701,9709,-1,9709,9701,9702,-1,9709,9702,9710,-1,9710,9702,9703,-1,9710,9703,9711,-1,9711,9703,9704,-1,9629,9712,9630,-1,9630,9712,9713,-1,9630,9713,9714,-1,9714,9713,9715,-1,9714,9715,9716,-1,9394,9717,9421,-1,9421,9717,9718,-1,9421,9718,9422,-1,9422,9718,9719,-1,9422,9719,9441,-1,9441,9719,9720,-1,9441,9720,9442,-1,9442,9720,9721,-1,9442,9721,9451,-1,9451,9721,9722,-1,9451,9722,9452,-1,9452,9722,9723,-1,9452,9723,9465,-1,9465,9723,9724,-1,9465,9724,9466,-1,9466,9724,9725,-1,9466,9725,9468,-1,9468,9725,9726,-1,9468,9726,9515,-1,9515,9726,9727,-1,9515,9727,9516,-1,9516,9727,9728,-1,9516,9728,9538,-1,9538,9728,9729,-1,9538,9729,9539,-1,9539,9729,9730,-1,9539,9730,9598,-1,9598,9730,9731,-1,9598,9731,9599,-1,9599,9731,9732,-1,9599,9732,9628,-1,9628,9732,9733,-1,9628,9733,9629,-1,9629,9733,9734,-1,9629,9734,9712,-1,9712,9734,9735,-1,9712,9735,9713,-1,9713,9735,9736,-1,9713,9736,9715,-1,9715,9736,9737,-1,9717,9631,9718,-1,9718,9631,9633,-1,9718,9633,9719,-1,9719,9633,9635,-1,9719,9635,9720,-1,9720,9635,9637,-1,9720,9637,9721,-1,9721,9637,9639,-1,9721,9639,9722,-1,9722,9639,9641,-1,9722,9641,9723,-1,9723,9641,9643,-1,9723,9643,9724,-1,9724,9643,9645,-1,9724,9645,9725,-1,9725,9645,9647,-1,9725,9647,9726,-1,9726,9647,9649,-1,9726,9649,9727,-1,9727,9649,9651,-1,9727,9651,9728,-1,9728,9651,9653,-1,9728,9653,9729,-1,9729,9653,9655,-1,9729,9655,9730,-1,9730,9655,9657,-1,9730,9657,9731,-1,9731,9657,9659,-1,9731,9659,9732,-1,9732,9659,9661,-1,9732,9661,9733,-1,9733,9661,9663,-1,9733,9663,9734,-1,9734,9663,9665,-1,9734,9665,9735,-1,9735,9665,9667,-1,9735,9667,9736,-1,9736,9667,9669,-1,9736,9669,9737,-1,1056,1058,1057,-1,1057,1058,1060,-1,1057,1060,9738,-1,9738,1060,9670,-1,9738,9670,9739,-1,9739,9670,9564,-1,9739,9564,9740,-1,9740,9564,9563,-1,9740,9563,9741,-1,9741,9563,9562,-1,9741,9562,9742,-1,9742,9562,9561,-1,9742,9561,9743,-1,9743,9561,9560,-1,9743,9560,9744,-1,9744,9560,9559,-1,9744,9559,9745,-1,9745,9559,9558,-1,9745,9558,9746,-1,9746,9558,9557,-1,9746,9557,9747,-1,9747,9557,9556,-1,9747,9556,9748,-1,9748,9556,9555,-1,9748,9555,9749,-1,9749,9555,9554,-1,9749,9554,9750,-1,9750,9554,9553,-1,9750,9553,9751,-1,9751,9553,9552,-1,9751,9552,9752,-1,9752,9552,1091,-1,9752,1091,9753,-1,9753,1091,1093,-1,9753,1093,9754,-1,9755,9756,9757,-1,9757,9756,9758,-1,9757,9758,9759,-1,9759,9758,9760,-1,9759,9760,9761,-1,9761,9760,9762,-1,9763,9764,9765,-1,9765,9764,9766,-1,9765,9766,9767,-1,9767,9766,9768,-1,9767,9768,9769,-1,9769,9768,9770,-1,9769,9770,9771,-1,9771,9770,9772,-1,9771,9772,9773,-1,9773,9772,9774,-1,9773,9774,9775,-1,9775,9774,9776,-1,9775,9776,9777,-1,9777,9776,9778,-1,9777,9778,9779,-1,9779,9778,9780,-1,9779,9780,9781,-1,9781,9780,9782,-1,9781,9782,9783,-1,9783,9782,9784,-1,9783,9784,9785,-1,9785,9784,9786,-1,9785,9786,9787,-1,9787,9786,9788,-1,9787,9788,9789,-1,9789,9788,9790,-1,9789,9790,9791,-1,9791,9790,9792,-1,9791,9792,9793,-1,9793,9792,9794,-1,9793,9794,9795,-1,9795,9794,9796,-1,9795,9796,9797,-1,9798,9799,9800,-1,9800,9799,9801,-1,9800,9801,9802,-1,9802,9801,9803,-1,9802,9803,9804,-1,9804,9803,9805,-1,9804,9805,9806,-1,9806,9805,9807,-1,9806,9807,9808,-1,9808,9807,9809,-1,9808,9809,9810,-1,9810,9809,9811,-1,9810,9811,9812,-1,9812,9811,9813,-1,9812,9813,9814,-1,9814,9813,9815,-1,9814,9815,9816,-1,9816,9815,9817,-1,9816,9817,9818,-1,9818,9817,9819,-1,9818,9819,9820,-1,9820,9819,9821,-1,9820,9821,9822,-1,9822,9821,9823,-1,9822,9823,9824,-1,9824,9823,9825,-1,9824,9825,9826,-1,9826,9825,9827,-1,9826,9827,9828,-1,9828,9827,9829,-1,9828,9829,9830,-1,9830,9829,9831,-1,9830,9831,9832,-1,9832,9831,9833,-1,9834,9835,9836,-1,9836,9835,9837,-1,9836,9837,9838,-1,9839,9835,9840,-1,9840,9835,9834,-1,9840,9834,9841,-1,9668,9762,9669,-1,9669,9762,9760,-1,9669,9760,9737,-1,9737,9760,9758,-1,9737,9758,9715,-1,9715,9758,9756,-1,9715,9756,9716,-1,9716,9756,9755,-1,9716,9755,9842,-1,9843,9844,9845,-1,9845,9844,9846,-1,9845,9846,9847,-1,9847,9846,9848,-1,9847,9848,9849,-1,9849,9848,9850,-1,9851,9838,9852,-1,9852,9838,9837,-1,9852,9837,9853,-1,9853,9837,9835,-1,9853,9835,9854,-1,9854,9835,9839,-1,9854,9839,9855,-1,9761,9850,9759,-1,9759,9850,9848,-1,9759,9848,9757,-1,9757,9848,9846,-1,9757,9846,9755,-1,9755,9846,9844,-1,9755,9844,9842,-1,9842,9844,9843,-1,9842,9843,9856,-1,9857,9858,9859,-1,9859,9858,9860,-1,9859,9860,9861,-1,9861,9860,9862,-1,9861,9862,9863,-1,9863,9862,9864,-1,9863,9864,9865,-1,9865,9864,1055,-1,9865,1055,9866,-1,9866,1055,1057,-1,9866,1057,9867,-1,9867,1057,9738,-1,9867,9738,9868,-1,9868,9738,9739,-1,9868,9739,9869,-1,9869,9739,9740,-1,9869,9740,9870,-1,9870,9740,9741,-1,9870,9741,9871,-1,9871,9741,9742,-1,9871,9742,9872,-1,9872,9742,9743,-1,9872,9743,9873,-1,9873,9743,9744,-1,9873,9744,9874,-1,9874,9744,9745,-1,9874,9745,9875,-1,9875,9745,9746,-1,9875,9746,9876,-1,9876,9746,9747,-1,9876,9747,9877,-1,9877,9747,9748,-1,9877,9748,9878,-1,9878,9748,9749,-1,9878,9749,9879,-1,9879,9749,9750,-1,9879,9750,9880,-1,9880,9750,9751,-1,9880,9751,9881,-1,9881,9751,9752,-1,9881,9752,9882,-1,9882,9752,9753,-1,9882,9753,9883,-1,9883,9753,9754,-1,9883,9754,1089,-1,9884,9885,9886,-1,9764,9833,9766,-1,9766,9833,9831,-1,9766,9831,9768,-1,9768,9831,9829,-1,9768,9829,9770,-1,9770,9829,9827,-1,9770,9827,9772,-1,9772,9827,9825,-1,9772,9825,9774,-1,9774,9825,9823,-1,9774,9823,9776,-1,9776,9823,9821,-1,9776,9821,9778,-1,9778,9821,9819,-1,9778,9819,9780,-1,9780,9819,9817,-1,9780,9817,9782,-1,9782,9817,9815,-1,9782,9815,9784,-1,9784,9815,9813,-1,9784,9813,9786,-1,9786,9813,9811,-1,9786,9811,9788,-1,9788,9811,9809,-1,9788,9809,9790,-1,9790,9809,9807,-1,9790,9807,9792,-1,9792,9807,9805,-1,9792,9805,9794,-1,9794,9805,9803,-1,9794,9803,9796,-1,9796,9803,9801,-1,9796,9801,9797,-1,9797,9801,9799,-1,9797,9799,9884,-1,9884,9799,9798,-1,9884,9798,9885,-1,9887,9888,9889,-1,9889,9888,9890,-1,9889,9890,9891,-1,9891,9890,9892,-1,9891,9892,9893,-1,9893,9892,9894,-1,9893,9894,9895,-1,9895,9894,9896,-1,9895,9896,9897,-1,9897,9896,9898,-1,9897,9898,9899,-1,9899,9898,9900,-1,9899,9900,9901,-1,9901,9900,9902,-1,9901,9902,9903,-1,9903,9902,9904,-1,9903,9904,9905,-1,9905,9904,9906,-1,9905,9906,9907,-1,9907,9906,9908,-1,2055,9909,2057,-1,2057,9909,9910,-1,2057,9910,2059,-1,2059,9910,9911,-1,2059,9911,2061,-1,2061,9911,9912,-1,2061,9912,2063,-1,2063,9912,9913,-1,2063,9913,2065,-1,9909,9851,9910,-1,9910,9851,9852,-1,9910,9852,9911,-1,9911,9852,9853,-1,9911,9853,9912,-1,9912,9853,9854,-1,9912,9854,9913,-1,9913,9854,9855,-1,9913,9855,2065,-1,2065,9855,9914,-1,2065,9914,2066,-1,2066,9914,9915,-1,9597,9596,9916,-1,9916,9596,9917,-1,9916,9917,9841,-1,9841,9917,9918,-1,9841,9918,9840,-1,9840,9918,9919,-1,9840,9919,9839,-1,9839,9919,9920,-1,9839,9920,9855,-1,9855,9920,9921,-1,9855,9921,9914,-1,9914,9921,9922,-1,9914,9922,9915,-1,9632,9397,9634,-1,9634,9397,9396,-1,9634,9396,9636,-1,9636,9396,9426,-1,9636,9426,9638,-1,9638,9426,9447,-1,9638,9447,9640,-1,9640,9447,9446,-1,9640,9446,9642,-1,9642,9446,9445,-1,9642,9445,9644,-1,9644,9445,9444,-1,9644,9444,9646,-1,9646,9444,1077,-1,9646,1077,9648,-1,9648,1077,1076,-1,9648,1076,9650,-1,9650,1076,1074,-1,9650,1074,9652,-1,9652,1074,1073,-1,9652,1073,9654,-1,9654,1073,9480,-1,9654,9480,9656,-1,9656,9480,1071,-1,9656,1071,9658,-1,9658,1071,1070,-1,9658,1070,9660,-1,9660,1070,1065,-1,9660,1065,9662,-1,9662,1065,1064,-1,9662,1064,9664,-1,9664,1064,1062,-1,9664,1062,9666,-1,9666,1062,1061,-1,9666,1061,9668,-1,9668,1061,1059,-1,9668,1059,9762,-1,9762,1059,1058,-1,9762,1058,9761,-1,9761,1058,1056,-1,9761,1056,9850,-1,9850,1056,1055,-1,9850,1055,9849,-1,9849,1055,9864,-1,9849,9864,9847,-1,9847,9864,9862,-1,9847,9862,9845,-1,9845,9862,9860,-1,9845,9860,9843,-1,9843,9860,9858,-1,9843,9858,9856,-1,9856,9858,9857,-1,9856,9857,9923,-1,9924,9925,9926,-1,9926,9925,9927,-1,9926,9927,9928,-1,9928,9927,9929,-1,9928,9929,9930,-1,9930,9929,9931,-1,9930,9931,9932,-1,9932,9931,9933,-1,9932,9933,9934,-1,9935,9887,9936,-1,9936,9887,9889,-1,9936,9889,9937,-1,9937,9889,9891,-1,9937,9891,9938,-1,9938,9891,9893,-1,9938,9893,9939,-1,9939,9893,9895,-1,9939,9895,9940,-1,9940,9895,9897,-1,9940,9897,9941,-1,9941,9897,9899,-1,9941,9899,9942,-1,9942,9899,9901,-1,9942,9901,9943,-1,9943,9901,9903,-1,9943,9903,9944,-1,9944,9903,9905,-1,9944,9905,9945,-1,9945,9905,9907,-1,9946,9935,9947,-1,9947,9935,9936,-1,9947,9936,9948,-1,9948,9936,9937,-1,9948,9937,9949,-1,9949,9937,9938,-1,9949,9938,9950,-1,9950,9938,9939,-1,9950,9939,9951,-1,9951,9939,9940,-1,9951,9940,9952,-1,9952,9940,9941,-1,9952,9941,9953,-1,9953,9941,9942,-1,9953,9942,9954,-1,9954,9942,9943,-1,9954,9943,9955,-1,9955,9943,9944,-1,9955,9944,9956,-1,9956,9944,9945,-1,9957,9958,9959,-1,9959,9958,9960,-1,9959,9960,9961,-1,9961,9960,9962,-1,9961,9962,9963,-1,9963,9962,9964,-1,9963,9964,9965,-1,9965,9964,9966,-1,9965,9966,9967,-1,9967,9966,9968,-1,9967,9968,9969,-1,9969,9968,9970,-1,9969,9970,9971,-1,9971,9970,9972,-1,9958,2054,9960,-1,9960,2054,2056,-1,9960,2056,9962,-1,9962,2056,2058,-1,9962,2058,9964,-1,9964,2058,2060,-1,9964,2060,9966,-1,9966,2060,2062,-1,9966,2062,9968,-1,9968,2062,2064,-1,9968,2064,9970,-1,9970,2064,2066,-1,9970,2066,9972,-1,9972,2066,9915,-1,9972,9915,9973,-1,9973,9915,9922,-1,9973,9922,9974,-1,1089,1088,9883,-1,9883,1088,9588,-1,9883,9588,9882,-1,9882,9588,9586,-1,9882,9586,9881,-1,9881,9586,9584,-1,9881,9584,9880,-1,9880,9584,9582,-1,9880,9582,9879,-1,9879,9582,9580,-1,9879,9580,9878,-1,9878,9580,9578,-1,9878,9578,9877,-1,9877,9578,9576,-1,9877,9576,9876,-1,9876,9576,9574,-1,9876,9574,9875,-1,9875,9574,9572,-1,9875,9572,9874,-1,9874,9572,9570,-1,9874,9570,9873,-1,9873,9570,9568,-1,9873,9568,9872,-1,9872,9568,9566,-1,9872,9566,9871,-1,9871,9566,1568,-1,9871,1568,9870,-1,9870,1568,1570,-1,9870,1570,9869,-1,9869,1570,9687,-1,9869,9687,9868,-1,9868,9687,9975,-1,9868,9975,9867,-1,9867,9975,9976,-1,9867,9976,9866,-1,9866,9976,9934,-1,9866,9934,9865,-1,9865,9934,9933,-1,9865,9933,9863,-1,9863,9933,9931,-1,9863,9931,9861,-1,9861,9931,9929,-1,9861,9929,9859,-1,9859,9929,9927,-1,9859,9927,9857,-1,9857,9927,9925,-1,9857,9925,9923,-1,9923,9925,9924,-1,9923,9924,9977,-1,9978,9979,9980,-1,9980,9979,9981,-1,9980,9981,9982,-1,9982,9981,9983,-1,9982,9983,9984,-1,9984,9983,9985,-1,9984,9985,9986,-1,9986,9985,9987,-1,9986,9987,9988,-1,1068,1067,9696,-1,9696,1067,9989,-1,9696,9989,9694,-1,9694,9989,9990,-1,9694,9990,9692,-1,9692,9990,9991,-1,9692,9991,9690,-1,9690,9991,9992,-1,9690,9992,9688,-1,9688,9992,9993,-1,9688,9993,1566,-1,1566,9993,9994,-1,1566,9994,1567,-1,1567,9994,9995,-1,1567,9995,9996,-1,9996,9995,9997,-1,9996,9997,9998,-1,9998,9997,9999,-1,9998,9999,10000,-1,10000,9999,10001,-1,10000,10001,10002,-1,10002,10001,10003,-1,10002,10003,10004,-1,10004,10003,10005,-1,10004,10005,10006,-1,10006,10005,10007,-1,10006,10007,10008,-1,10008,10007,10009,-1,10008,10009,10010,-1,1564,9946,1562,-1,1562,9946,9947,-1,1562,9947,10011,-1,10011,9947,9948,-1,10011,9948,10012,-1,10012,9948,9949,-1,10012,9949,10013,-1,10013,9949,9950,-1,10013,9950,10014,-1,10014,9950,9951,-1,10014,9951,10015,-1,10015,9951,9952,-1,10015,9952,10016,-1,10016,9952,9953,-1,10016,9953,10017,-1,10017,9953,9954,-1,10017,9954,10018,-1,10018,9954,9955,-1,10018,9955,10019,-1,10019,9955,9956,-1,1563,1562,10020,-1,10020,1562,10011,-1,10020,10011,10021,-1,10021,10011,10012,-1,10021,10012,10022,-1,10022,10012,10013,-1,10022,10013,10023,-1,10023,10013,10014,-1,10023,10014,10024,-1,10024,10014,10015,-1,10024,10015,10025,-1,10025,10015,10016,-1,10025,10016,10026,-1,10026,10016,10017,-1,10026,10017,10027,-1,10027,10017,10018,-1,10027,10018,10028,-1,10028,10018,10019,-1,10028,10019,9705,-1,9705,10019,9956,-1,9705,9956,9698,-1,9698,9956,9945,-1,9698,9945,9622,-1,9622,9945,9907,-1,9622,9907,9613,-1,9613,9907,9908,-1,9613,9908,9614,-1,10029,10030,10031,-1,10031,10030,10032,-1,10031,10032,10033,-1,10033,10032,10034,-1,10033,10034,10035,-1,10035,10034,10036,-1,10035,10036,10037,-1,10037,10036,10038,-1,10037,10038,10039,-1,10039,10038,10040,-1,10039,10040,10041,-1,10041,10040,10042,-1,10041,10042,10043,-1,10043,10042,10044,-1,10043,10044,10045,-1,10045,10044,10046,-1,10045,10046,10047,-1,10047,10046,10048,-1,10047,10048,10049,-1,10049,10048,10050,-1,10030,9957,10032,-1,10032,9957,9959,-1,10032,9959,10034,-1,10034,9959,9961,-1,10034,9961,10036,-1,10036,9961,9963,-1,10036,9963,10038,-1,10038,9963,9965,-1,10038,9965,10040,-1,10040,9965,9967,-1,10040,9967,10042,-1,10042,9967,9969,-1,10042,9969,10044,-1,10044,9969,9971,-1,10044,9971,10046,-1,10046,9971,9972,-1,10046,9972,10048,-1,10048,9972,9973,-1,10048,9973,10050,-1,10050,9973,9974,-1,10050,9974,10051,-1,1087,10052,1085,-1,1085,10052,10053,-1,1085,10053,9671,-1,9671,10053,10054,-1,9671,10054,9672,-1,9672,10054,10055,-1,9672,10055,9673,-1,9673,10055,10056,-1,9673,10056,9674,-1,9674,10056,10057,-1,9674,10057,9675,-1,9675,10057,10058,-1,9675,10058,9676,-1,9676,10058,10059,-1,9676,10059,9677,-1,9677,10059,10060,-1,9677,10060,9678,-1,9678,10060,10061,-1,9678,10061,9679,-1,9679,10061,10062,-1,9679,10062,9680,-1,9680,10062,10063,-1,9680,10063,9681,-1,9681,10063,10064,-1,9681,10064,9682,-1,9682,10064,10065,-1,9682,10065,9683,-1,9683,10065,10066,-1,9683,10066,9684,-1,9684,10066,10067,-1,9684,10067,9685,-1,9685,10067,10068,-1,9685,10068,9686,-1,9686,10068,10069,-1,9686,10069,9687,-1,9687,10069,10070,-1,9687,10070,9975,-1,9975,10070,10071,-1,9975,10071,9976,-1,9976,10071,10072,-1,9976,10072,9934,-1,9934,10072,9988,-1,9934,9988,9932,-1,9932,9988,9987,-1,9932,9987,9930,-1,9930,9987,9985,-1,9930,9985,9928,-1,9928,9985,9983,-1,9928,9983,9926,-1,9926,9983,9981,-1,9926,9981,9924,-1,9924,9981,9979,-1,9924,9979,9977,-1,9977,9979,9978,-1,9977,9978,10073,-1,10074,10075,10076,-1,10076,10075,10077,-1,10076,10077,10078,-1,10078,10077,10079,-1,10078,10079,10080,-1,10080,10079,10081,-1,10080,10081,10082,-1,10082,10081,10083,-1,10082,10083,10084,-1,9711,10085,9710,-1,9710,10085,10086,-1,9710,10086,9709,-1,9709,10086,10087,-1,9709,10087,9708,-1,9708,10087,10088,-1,9708,10088,9707,-1,9707,10088,10089,-1,9707,10089,9706,-1,9706,10089,10090,-1,9706,10090,9705,-1,9705,10090,10091,-1,9705,10091,10028,-1,10028,10091,10092,-1,10028,10092,10027,-1,10027,10092,10093,-1,10027,10093,10026,-1,10026,10093,10094,-1,10026,10094,10025,-1,10025,10094,10095,-1,10025,10095,10024,-1,10024,10095,10096,-1,10024,10096,10023,-1,10023,10096,10097,-1,10023,10097,10022,-1,10022,10097,10098,-1,10022,10098,10021,-1,10021,10098,10099,-1,10021,10099,10020,-1,10020,10099,10100,-1,10020,10100,1563,-1,1563,10100,10101,-1,1563,10101,1564,-1,1564,10101,10102,-1,10103,10104,10105,-1,10105,10104,10106,-1,10105,10106,10107,-1,10107,10106,10108,-1,10107,10108,10109,-1,10109,10108,10110,-1,10109,10110,10111,-1,10111,10110,10112,-1,10111,10112,10113,-1,10113,10112,10114,-1,10113,10114,10115,-1,10115,10114,10116,-1,10115,10116,10117,-1,10117,10116,10118,-1,10117,10118,10119,-1,10119,10118,10120,-1,10119,10120,10121,-1,10121,10120,10122,-1,10121,10122,10123,-1,10123,10122,10124,-1,10104,10029,10106,-1,10106,10029,10031,-1,10106,10031,10108,-1,10108,10031,10033,-1,10108,10033,10110,-1,10110,10033,10035,-1,10110,10035,10112,-1,10112,10035,10037,-1,10112,10037,10114,-1,10114,10037,10039,-1,10114,10039,10116,-1,10116,10039,10041,-1,10116,10041,10118,-1,10118,10041,10043,-1,10118,10043,10120,-1,10120,10043,10045,-1,10120,10045,10122,-1,10122,10045,10047,-1,10122,10047,10124,-1,10124,10047,10049,-1,10124,10049,10125,-1,10125,10049,10050,-1,10125,10050,10126,-1,10126,10050,10051,-1,10126,10051,10127,-1,10052,10128,10053,-1,10053,10128,10129,-1,10053,10129,10054,-1,10054,10129,10130,-1,10054,10130,10055,-1,10055,10130,10131,-1,10055,10131,10056,-1,10056,10131,10132,-1,10056,10132,10057,-1,10057,10132,10133,-1,10057,10133,10058,-1,10058,10133,10134,-1,10058,10134,10059,-1,10059,10134,10135,-1,10059,10135,10060,-1,10060,10135,10136,-1,10060,10136,10061,-1,10061,10136,10137,-1,10061,10137,10062,-1,10062,10137,10138,-1,10062,10138,10063,-1,10063,10138,10139,-1,10063,10139,10064,-1,10064,10139,10140,-1,10064,10140,10065,-1,10065,10140,10141,-1,10065,10141,10066,-1,10066,10141,10142,-1,10066,10142,10067,-1,10067,10142,10143,-1,10067,10143,10068,-1,10068,10143,10144,-1,10068,10144,10069,-1,10069,10144,10145,-1,10069,10145,10070,-1,10070,10145,10146,-1,10070,10146,10071,-1,10071,10146,10147,-1,10071,10147,10072,-1,10072,10147,10148,-1,10072,10148,9988,-1,9988,10148,10084,-1,9988,10084,9986,-1,9986,10084,10083,-1,9986,10083,9984,-1,9984,10083,10081,-1,9984,10081,9982,-1,9982,10081,10079,-1,9982,10079,9980,-1,9980,10079,10077,-1,9980,10077,9978,-1,9978,10077,10075,-1,9978,10075,10073,-1,10073,10075,10074,-1,10073,10074,10149,-1,10150,10151,10152,-1,10152,10151,10153,-1,10152,10153,10154,-1,10154,10153,10155,-1,10154,10155,10156,-1,10156,10155,10157,-1,10156,10157,10158,-1,10158,10157,10159,-1,10158,10159,10160,-1,10161,10162,10163,-1,10164,10162,10165,-1,10165,10162,10161,-1,10165,10161,10010,-1,10007,10166,10009,-1,10009,10166,10167,-1,10009,10167,10168,-1,10168,10167,10169,-1,10168,10169,10170,-1,10170,10169,10171,-1,10170,10171,10172,-1,10102,10171,1564,-1,1564,10171,10169,-1,1564,10169,9946,-1,9946,10169,10167,-1,9946,10167,9935,-1,9935,10167,10166,-1,9935,10166,9887,-1,9887,10166,10007,-1,9887,10007,9888,-1,9888,10007,10005,-1,9888,10005,9890,-1,9890,10005,10003,-1,9890,10003,9892,-1,9892,10003,10001,-1,9892,10001,9894,-1,9894,10001,9999,-1,9894,9999,9896,-1,9896,9999,9997,-1,9896,9997,9898,-1,9898,9997,9995,-1,9898,9995,9900,-1,9900,9995,9994,-1,9900,9994,9902,-1,9902,9994,9993,-1,9902,9993,9904,-1,9904,9993,9992,-1,9904,9992,9906,-1,9906,9992,9991,-1,9906,9991,9908,-1,9908,9991,9990,-1,9908,9990,9614,-1,9614,9990,9989,-1,9614,9989,9616,-1,9616,9989,1067,-1,9616,1067,9618,-1,9618,1067,1069,-1,9618,1069,9620,-1,10173,10174,10175,-1,10175,10174,10176,-1,10175,10176,10177,-1,10177,10176,10178,-1,10177,10178,10179,-1,10179,10178,10180,-1,10179,10180,10181,-1,10181,10180,10182,-1,10181,10182,10183,-1,10183,10182,10184,-1,10183,10184,10185,-1,10185,10184,10186,-1,10185,10186,10187,-1,10187,10186,10188,-1,10187,10188,10189,-1,10189,10188,10190,-1,10189,10190,10191,-1,10191,10190,10192,-1,10191,10192,10193,-1,10193,10192,10194,-1,10193,10194,10195,-1,10195,10194,10196,-1,10195,10196,10197,-1,10197,10196,10198,-1,10197,10198,10199,-1,10199,10198,10200,-1,10199,10200,10201,-1,10201,10200,10202,-1,10201,10202,10203,-1,10203,10202,10204,-1,10203,10204,10205,-1,10205,10204,10206,-1,10205,10206,10207,-1,10207,10206,10208,-1,10207,10208,10209,-1,10210,10211,10212,-1,10212,10211,10213,-1,10212,10213,10214,-1,10214,10213,10215,-1,10214,10215,10216,-1,10216,10215,10217,-1,10216,10217,10218,-1,10218,10217,10219,-1,10218,10219,10220,-1,10220,10219,10221,-1,10220,10221,10222,-1,10222,10221,10223,-1,10222,10223,10224,-1,10224,10223,10225,-1,10224,10225,10226,-1,10226,10225,10227,-1,10226,10227,10228,-1,10228,10227,10229,-1,10228,10229,10230,-1,10230,10229,10231,-1,10230,10231,10232,-1,10232,10231,10233,-1,10232,10233,10234,-1,10234,10233,10235,-1,10234,10235,10236,-1,10236,10235,10237,-1,10211,10103,10213,-1,10213,10103,10105,-1,10213,10105,10215,-1,10215,10105,10107,-1,10215,10107,10217,-1,10217,10107,10109,-1,10217,10109,10219,-1,10219,10109,10111,-1,10219,10111,10221,-1,10221,10111,10113,-1,10221,10113,10223,-1,10223,10113,10115,-1,10223,10115,10225,-1,10225,10115,10117,-1,10225,10117,10227,-1,10227,10117,10119,-1,10227,10119,10229,-1,10229,10119,10121,-1,10229,10121,10231,-1,10231,10121,10123,-1,10231,10123,10233,-1,10233,10123,10124,-1,10233,10124,10235,-1,10235,10124,10125,-1,10235,10125,10237,-1,10237,10125,10126,-1,10237,10126,10238,-1,10238,10126,10127,-1,10238,10127,10239,-1,10128,9763,10129,-1,10129,9763,9765,-1,10129,9765,10130,-1,10130,9765,9767,-1,10130,9767,10131,-1,10131,9767,9769,-1,10131,9769,10132,-1,10132,9769,9771,-1,10132,9771,10133,-1,10133,9771,9773,-1,10133,9773,10134,-1,10134,9773,9775,-1,10134,9775,10135,-1,10135,9775,9777,-1,10135,9777,10136,-1,10136,9777,9779,-1,10136,9779,10137,-1,10137,9779,9781,-1,10137,9781,10138,-1,10138,9781,9783,-1,10138,9783,10139,-1,10139,9783,9785,-1,10139,9785,10140,-1,10140,9785,9787,-1,10140,9787,10141,-1,10141,9787,9789,-1,10141,9789,10142,-1,10142,9789,9791,-1,10142,9791,10143,-1,10143,9791,9793,-1,10143,9793,10144,-1,10144,9793,9795,-1,10144,9795,10145,-1,10145,9795,9797,-1,10145,9797,10146,-1,10146,9797,9884,-1,10146,9884,10147,-1,10147,9884,9886,-1,10147,9886,10148,-1,10148,9886,10240,-1,10148,10240,10084,-1,10084,10240,10160,-1,10084,10160,10082,-1,10082,10160,10159,-1,10082,10159,10080,-1,10080,10159,10157,-1,10080,10157,10078,-1,10078,10157,10155,-1,10078,10155,10076,-1,10076,10155,10153,-1,10076,10153,10074,-1,10074,10153,10151,-1,10074,10151,10149,-1,10149,10151,10150,-1,10149,10150,10241,-1,10242,10243,10244,-1,10244,10243,10245,-1,10244,10245,10246,-1,10246,10245,10247,-1,10246,10247,10248,-1,10248,10247,10249,-1,10248,10249,10250,-1,10250,10249,10251,-1,10250,10251,10252,-1,10253,10254,10255,-1,10255,10254,10256,-1,10255,10256,10257,-1,10257,10256,10258,-1,10254,10259,10256,-1,10256,10259,10163,-1,10256,10163,10258,-1,10258,10163,10162,-1,10258,10162,10260,-1,10260,10162,10164,-1,10260,10164,10261,-1,10262,10263,10264,-1,10264,10263,10265,-1,10264,10265,10266,-1,10266,10265,10267,-1,10266,10267,10268,-1,10268,10267,10269,-1,10268,10269,10270,-1,10270,10269,10271,-1,10270,10271,10272,-1,10272,10271,10273,-1,10272,10273,10274,-1,10274,10273,10275,-1,10274,10275,10276,-1,10276,10275,10277,-1,10276,10277,10278,-1,10278,10277,10279,-1,10278,10279,10280,-1,10280,10279,10281,-1,10280,10281,10282,-1,10282,10281,10283,-1,10282,10283,10284,-1,10284,10283,10285,-1,10284,10285,10286,-1,10286,10285,10287,-1,10286,10287,10288,-1,10288,10287,10289,-1,10288,10289,10290,-1,10290,10289,10291,-1,10290,10291,10292,-1,10292,10291,10293,-1,10292,10293,10294,-1,10294,10293,10295,-1,10294,10295,10296,-1,10296,10295,10297,-1,10296,10297,10298,-1,10298,10297,10299,-1,10300,10301,10302,-1,10302,10301,10303,-1,10302,10303,10304,-1,10304,10303,10305,-1,10304,10305,10306,-1,10306,10305,10307,-1,10306,10307,10308,-1,10308,10307,10309,-1,10308,10309,10310,-1,10310,10309,10311,-1,10310,10311,10312,-1,10312,10311,10313,-1,10312,10313,10314,-1,10314,10313,10315,-1,10314,10315,10316,-1,10316,10315,10317,-1,10316,10317,10318,-1,10318,10317,10319,-1,10318,10319,10320,-1,10320,10319,10321,-1,10320,10321,10322,-1,10322,10321,10323,-1,10322,10323,10324,-1,10324,10323,10325,-1,10324,10325,10326,-1,10326,10325,10327,-1,10326,10327,10328,-1,10328,10327,10329,-1,10328,10329,10330,-1,10330,10329,10331,-1,10330,10331,10332,-1,10332,10331,10333,-1,10301,10210,10303,-1,10303,10210,10212,-1,10303,10212,10305,-1,10305,10212,10214,-1,10305,10214,10307,-1,10307,10214,10216,-1,10307,10216,10309,-1,10309,10216,10218,-1,10309,10218,10311,-1,10311,10218,10220,-1,10311,10220,10313,-1,10313,10220,10222,-1,10313,10222,10315,-1,10315,10222,10224,-1,10315,10224,10317,-1,10317,10224,10226,-1,10317,10226,10319,-1,10319,10226,10228,-1,10319,10228,10321,-1,10321,10228,10230,-1,10321,10230,10323,-1,10323,10230,10232,-1,10323,10232,10325,-1,10325,10232,10234,-1,10325,10234,10327,-1,10327,10234,10236,-1,10327,10236,10329,-1,10329,10236,10237,-1,10329,10237,10331,-1,10331,10237,10238,-1,10331,10238,10333,-1,10333,10238,10239,-1,10333,10239,10334,-1,9222,9221,9247,-1,9247,9221,9248,-1,9247,9248,9246,-1,9246,9248,1108,-1,9246,1108,9245,-1,9245,1108,1107,-1,9245,1107,10335,-1,10335,1107,1102,-1,10335,1102,9393,-1,9393,1102,1101,-1,9393,1101,9394,-1,9394,1101,9379,-1,9394,9379,9717,-1,9717,9379,9380,-1,9717,9380,9631,-1,9631,9380,9381,-1,9631,9381,9632,-1,9632,9381,9382,-1,9632,9382,9397,-1,9397,9382,9383,-1,9397,9383,9395,-1,9395,9383,9385,-1,9395,9385,9425,-1,9425,9385,9387,-1,9425,9387,9424,-1,9424,9387,9389,-1,9424,9389,9427,-1,9427,9389,9391,-1,9427,9391,1083,-1,1083,9391,9398,-1,1083,9398,1084,-1,1084,9398,9399,-1,1084,9399,9475,-1,9475,9399,9400,-1,9475,9400,9488,-1,9488,9400,9401,-1,9488,9401,9435,-1,9435,9401,9402,-1,9435,9402,1099,-1,1099,9402,9403,-1,1099,9403,1100,-1,1100,9403,9404,-1,1100,9404,9551,-1,9551,9404,9405,-1,9551,9405,9612,-1,9612,9405,9406,-1,9612,9406,1097,-1,1097,9406,9407,-1,1097,9407,1095,-1,1095,9407,9408,-1,1095,9408,1092,-1,1092,9408,9409,-1,1092,9409,1093,-1,1093,9409,9410,-1,1093,9410,9754,-1,9754,9410,9411,-1,9754,9411,1089,-1,1089,9411,9412,-1,1089,9412,1090,-1,1090,9412,9413,-1,1090,9413,1086,-1,1086,9413,9414,-1,1086,9414,1087,-1,1087,9414,9415,-1,1087,9415,10052,-1,10052,9415,9418,-1,10052,9418,10128,-1,10128,9418,9420,-1,10128,9420,9763,-1,9763,9420,9436,-1,9763,9436,9764,-1,9764,9436,9438,-1,9764,9438,9833,-1,9833,9438,9440,-1,9833,9440,9832,-1,9832,9440,10336,-1,9832,10336,9830,-1,9830,10336,10337,-1,9830,10337,9828,-1,9828,10337,10338,-1,9828,10338,9826,-1,9826,10338,10339,-1,9826,10339,9824,-1,9824,10339,10340,-1,9824,10340,9822,-1,9822,10340,10341,-1,9822,10341,9820,-1,9820,10341,10342,-1,9820,10342,9818,-1,9818,10342,10343,-1,9818,10343,9816,-1,9816,10343,10344,-1,9816,10344,9814,-1,9814,10344,10345,-1,9814,10345,9812,-1,9812,10345,10346,-1,9812,10346,9810,-1,9810,10346,10347,-1,9810,10347,9808,-1,9808,10347,10348,-1,9808,10348,9806,-1,9806,10348,10349,-1,9806,10349,9804,-1,9804,10349,10350,-1,9804,10350,9802,-1,9802,10350,10351,-1,9802,10351,9800,-1,9800,10351,10352,-1,9800,10352,9798,-1,9798,10352,10353,-1,9798,10353,9885,-1,9885,10353,10354,-1,9885,10354,9886,-1,9886,10354,10355,-1,9886,10355,10240,-1,10240,10355,10356,-1,10240,10356,10160,-1,10160,10356,10252,-1,10160,10252,10158,-1,10158,10252,10251,-1,10158,10251,10156,-1,10156,10251,10249,-1,10156,10249,10154,-1,10154,10249,10247,-1,10154,10247,10152,-1,10152,10247,10245,-1,10152,10245,10150,-1,10150,10245,10243,-1,10150,10243,10241,-1,10241,10243,10242,-1,10241,10242,10357,-1,10358,10359,10360,-1,10360,10359,10361,-1,10360,10361,10362,-1,10362,10361,10363,-1,10362,10363,10364,-1,10364,10363,10365,-1,10364,10365,10366,-1,10366,10365,10367,-1,10359,10253,10361,-1,10361,10253,10255,-1,10361,10255,10363,-1,10363,10255,10257,-1,10363,10257,10365,-1,10365,10257,10258,-1,10365,10258,10367,-1,10367,10258,10260,-1,10367,10260,10368,-1,10368,10260,10261,-1,10368,10261,10369,-1,10263,10173,10265,-1,10265,10173,10175,-1,10265,10175,10267,-1,10267,10175,10177,-1,10267,10177,10269,-1,10269,10177,10179,-1,10269,10179,10271,-1,10271,10179,10181,-1,10271,10181,10273,-1,10273,10181,10183,-1,10273,10183,10275,-1,10275,10183,10185,-1,10275,10185,10277,-1,10277,10185,10187,-1,10277,10187,10279,-1,10279,10187,10189,-1,10279,10189,10281,-1,10281,10189,10191,-1,10281,10191,10283,-1,10283,10191,10193,-1,10283,10193,10285,-1,10285,10193,10195,-1,10285,10195,10287,-1,10287,10195,10197,-1,10287,10197,10289,-1,10289,10197,10199,-1,10289,10199,10291,-1,10291,10199,10201,-1,10291,10201,10293,-1,10293,10201,10203,-1,10293,10203,10295,-1,10295,10203,10205,-1,10295,10205,10297,-1,10297,10205,10207,-1,10297,10207,10299,-1,10299,10207,10209,-1,10370,10300,10371,-1,10371,10300,10302,-1,10371,10302,10372,-1,10372,10302,10304,-1,10372,10304,10373,-1,10373,10304,10306,-1,10373,10306,10374,-1,10374,10306,10308,-1,10374,10308,10375,-1,10375,10308,10310,-1,10375,10310,10376,-1,10376,10310,10312,-1,10376,10312,10377,-1,10377,10312,10314,-1,10377,10314,10378,-1,10378,10314,10316,-1,10378,10316,10379,-1,10379,10316,10318,-1,10379,10318,10380,-1,10380,10318,10320,-1,10380,10320,10381,-1,10381,10320,10322,-1,10381,10322,10382,-1,10382,10322,10324,-1,10382,10324,10383,-1,10383,10324,10326,-1,10383,10326,10384,-1,10384,10326,10328,-1,10384,10328,10385,-1,10385,10328,10330,-1,10385,10330,10386,-1,10386,10330,10332,-1,10386,10332,10387,-1,10387,10332,10333,-1,10387,10333,10388,-1,10388,10333,10334,-1,10388,10334,10389,-1,10390,10391,10392,-1,10392,10391,10393,-1,10392,10393,10394,-1,10394,10393,10395,-1,10394,10395,10396,-1,10396,10395,10397,-1,10396,10397,10398,-1,10398,10397,10399,-1,10398,10399,10400,-1,10010,10009,10165,-1,10165,10009,10168,-1,10165,10168,10164,-1,10164,10168,10170,-1,10164,10170,10261,-1,10261,10170,10172,-1,10261,10172,10369,-1,10369,10172,10401,-1,10369,10401,10402,-1,10085,10209,10086,-1,10086,10209,10208,-1,10086,10208,10087,-1,10087,10208,10206,-1,10087,10206,10088,-1,10088,10206,10204,-1,10088,10204,10089,-1,10089,10204,10202,-1,10089,10202,10090,-1,10090,10202,10200,-1,10090,10200,10091,-1,10091,10200,10198,-1,10091,10198,10092,-1,10092,10198,10196,-1,10092,10196,10093,-1,10093,10196,10194,-1,10093,10194,10094,-1,10094,10194,10192,-1,10094,10192,10095,-1,10095,10192,10190,-1,10095,10190,10096,-1,10096,10190,10188,-1,10096,10188,10097,-1,10097,10188,10186,-1,10097,10186,10098,-1,10098,10186,10184,-1,10098,10184,10099,-1,10099,10184,10182,-1,10099,10182,10100,-1,10100,10182,10180,-1,10100,10180,10101,-1,10101,10180,10178,-1,10101,10178,10102,-1,10102,10178,10176,-1,10102,10176,10171,-1,10171,10176,10174,-1,10171,10174,10172,-1,10172,10174,10173,-1,10172,10173,10401,-1,10401,10173,10263,-1,10401,10263,10402,-1,10402,10263,10262,-1,9697,9531,1068,-1,1068,9531,9532,-1,1068,9532,1069,-1,1069,9532,9533,-1,1069,9533,9620,-1,9620,9533,9534,-1,9620,9534,9621,-1,9621,9534,9535,-1,9621,9535,9627,-1,9627,9535,9536,-1,9627,9536,9704,-1,9704,9536,9537,-1,9704,9537,9711,-1,9711,9537,9595,-1,9711,9595,10085,-1,10085,9595,9597,-1,10085,9597,10209,-1,10209,9597,9916,-1,10209,9916,10299,-1,10299,9916,9841,-1,10299,9841,10298,-1,10298,9841,9834,-1,10298,9834,10296,-1,10296,9834,9836,-1,10296,9836,10294,-1,10294,9836,9838,-1,10294,9838,10292,-1,10292,9838,9851,-1,10292,9851,10290,-1,10290,9851,9909,-1,10290,9909,10288,-1,10288,9909,2055,-1,10288,2055,10286,-1,10286,2055,2054,-1,10286,2054,10284,-1,10284,2054,9958,-1,10284,9958,10282,-1,10282,9958,9957,-1,10282,9957,10280,-1,10280,9957,10030,-1,10280,10030,10278,-1,10278,10030,10029,-1,10278,10029,10276,-1,10276,10029,10104,-1,10276,10104,10274,-1,10274,10104,10103,-1,10274,10103,10272,-1,10272,10103,10211,-1,10272,10211,10270,-1,10270,10211,10210,-1,10270,10210,10268,-1,10268,10210,10301,-1,10268,10301,10266,-1,10266,10301,10300,-1,10266,10300,10264,-1,10264,10300,10370,-1,10264,10370,10262,-1,10403,10404,10405,-1,10405,10404,10406,-1,10405,10406,10407,-1,10407,10406,10408,-1,10407,10408,10409,-1,10409,10408,10410,-1,10409,10410,10411,-1,10411,10410,10412,-1,10411,10412,10413,-1,10414,10415,10416,-1,10416,10415,10417,-1,10416,10417,10418,-1,10418,10417,10419,-1,10418,10419,10420,-1,10420,10419,10421,-1,10420,10421,10422,-1,10422,10421,10423,-1,10422,10423,10424,-1,10424,10423,10425,-1,10424,10425,10426,-1,10426,10425,10427,-1,10426,10427,10428,-1,10428,10427,10429,-1,10428,10429,10430,-1,10430,10429,10431,-1,10430,10431,10432,-1,10432,10431,10433,-1,10432,10433,10434,-1,10434,10433,10435,-1,10434,10435,10436,-1,10436,10435,10437,-1,10436,10437,10438,-1,10438,10437,10439,-1,10438,10439,10440,-1,10440,10439,10441,-1,10440,10441,10442,-1,10442,10441,10443,-1,10442,10443,10444,-1,10444,10443,10445,-1,10444,10445,10446,-1,10446,10445,10447,-1,10446,10447,10448,-1,10448,10447,10449,-1,10448,10449,10450,-1,10451,2067,10452,-1,10452,2067,2068,-1,10452,2068,10453,-1,10453,2068,2069,-1,10453,2069,10454,-1,10454,2069,2070,-1,10454,2070,10455,-1,10455,2070,2071,-1,10455,2071,10456,-1,10456,2071,2072,-1,10456,2072,10457,-1,10457,2072,2073,-1,10457,2073,10458,-1,10458,2073,2074,-1,10458,2074,10459,-1,10459,2074,2075,-1,10459,2075,10460,-1,10460,2075,2076,-1,10460,2076,10461,-1,10449,10462,10450,-1,10450,10462,10463,-1,10450,10463,10464,-1,10464,10463,10465,-1,10464,10465,10466,-1,812,819,10403,-1,10403,819,1737,-1,10403,1737,10404,-1,10404,1737,1736,-1,10404,1736,10406,-1,10406,1736,1735,-1,10406,1735,10408,-1,10408,1735,1734,-1,10408,1734,10410,-1,10410,1734,1732,-1,10410,1732,10412,-1,10412,1732,1733,-1,10412,1733,10413,-1,10413,1733,10467,-1,812,10403,813,-1,813,10403,10468,-1,813,10468,1739,-1,1739,10468,10469,-1,1739,10469,1738,-1,10470,10471,10472,-1,10472,10471,10473,-1,10472,10473,10474,-1,10474,10473,10475,-1,10474,10475,1743,-1,1743,10475,1744,-1,1743,1744,1010,-1,1010,1744,1011,-1,10471,10461,10473,-1,10473,10461,2076,-1,10473,2076,10475,-1,10475,2076,1691,-1,10475,1691,1744,-1,1744,1691,1015,-1,1744,1015,1013,-1,10469,10476,1738,-1,1738,10476,10477,-1,1738,10477,1692,-1,1692,10477,10478,-1,1692,10478,997,-1,997,10478,998,-1,999,998,1740,-1,1740,998,10478,-1,1740,10478,10479,-1,10479,10478,10477,-1,10479,10477,10480,-1,10480,10477,10476,-1,10480,10476,10481,-1,10481,10482,10480,-1,10480,10482,10483,-1,10480,10483,10479,-1,10479,10483,10484,-1,10479,10484,1740,-1,1740,10484,10485,-1,1740,10485,990,-1,990,10485,1741,-1,990,1741,991,-1,991,1741,984,-1,10482,10470,10483,-1,10483,10470,10472,-1,10483,10472,10484,-1,10484,10472,10474,-1,10484,10474,10485,-1,10485,10474,1743,-1,10485,1743,1741,-1,1741,1743,1742,-1,1741,1742,1002,-1,1002,1742,1007,-1,840,839,1757,-1,1757,839,1754,-1,1757,1754,10486,-1,10486,1754,1751,-1,10486,1751,10487,-1,10487,1751,1752,-1,10487,1752,10488,-1,10488,1752,2067,-1,10488,2067,10489,-1,10489,2067,10451,-1,10489,10451,10490,-1,962,973,1054,-1,1054,973,1731,-1,1054,1731,1052,-1,1052,1731,10491,-1,1052,10491,10492,-1,835,834,1759,-1,1759,834,1755,-1,1759,1755,10493,-1,10493,1755,1757,-1,10493,1757,10494,-1,10494,1757,10486,-1,10494,10486,10495,-1,10495,10486,10487,-1,10495,10487,10496,-1,10496,10487,10488,-1,10496,10488,10497,-1,10497,10488,10489,-1,10497,10489,10498,-1,10498,10489,10490,-1,10498,10490,10499,-1,10500,1560,10501,-1,10501,1560,1559,-1,10501,1559,10502,-1,10466,10465,10503,-1,10503,10465,10504,-1,10503,10504,10502,-1,10502,10504,10505,-1,10502,10505,10501,-1,10501,10505,10506,-1,10501,10506,10500,-1,10491,10507,10492,-1,10492,10507,10508,-1,10492,10508,10509,-1,826,825,1050,-1,1050,825,843,-1,1050,843,1051,-1,1051,843,1689,-1,1051,1689,10510,-1,10510,1689,1759,-1,10510,1759,10511,-1,10511,1759,10493,-1,10511,10493,10512,-1,10512,10493,10494,-1,10512,10494,10513,-1,10513,10494,10495,-1,10513,10495,10514,-1,10514,10495,10496,-1,10514,10496,10515,-1,10515,10496,10497,-1,10515,10497,10516,-1,10516,10497,10498,-1,10516,10498,10517,-1,10517,10498,10499,-1,10517,10499,10518,-1,10519,1561,10520,-1,10520,1561,1560,-1,10520,1560,10521,-1,10521,1560,10500,-1,10521,10500,10522,-1,10522,10500,10506,-1,10522,10506,10523,-1,10524,10523,10525,-1,10525,10523,10506,-1,10525,10506,10526,-1,10526,10506,10505,-1,10526,10505,10527,-1,10527,10505,10504,-1,10527,10504,10528,-1,10528,10504,10465,-1,10528,10465,10529,-1,10529,10465,10463,-1,10529,10463,10389,-1,10389,10463,10462,-1,10389,10462,10388,-1,10388,10462,10449,-1,10388,10449,10387,-1,10387,10449,10447,-1,10387,10447,10386,-1,10386,10447,10445,-1,10386,10445,10385,-1,10385,10445,10443,-1,10385,10443,10384,-1,10384,10443,10441,-1,10384,10441,10383,-1,10383,10441,10439,-1,10383,10439,10382,-1,10382,10439,10437,-1,10382,10437,10381,-1,10381,10437,10435,-1,10381,10435,10380,-1,10380,10435,10433,-1,10380,10433,10379,-1,10379,10433,10431,-1,10379,10431,10378,-1,10378,10431,10429,-1,10378,10429,10377,-1,10377,10429,10427,-1,10377,10427,10376,-1,10376,10427,10425,-1,10376,10425,10375,-1,10375,10425,10423,-1,10375,10423,10374,-1,10374,10423,10421,-1,10374,10421,10373,-1,10373,10421,10419,-1,10373,10419,10372,-1,10372,10419,10417,-1,10372,10417,10371,-1,10371,10417,10415,-1,10371,10415,10370,-1,10370,10415,10414,-1,10370,10414,10262,-1,10262,10414,10530,-1,10262,10530,10402,-1,10402,10530,10531,-1,10402,10531,10369,-1,10369,10531,10532,-1,10369,10532,10368,-1,10368,10532,10390,-1,10368,10390,10367,-1,10367,10390,10392,-1,10367,10392,10366,-1,10366,10392,10394,-1,10366,10394,10364,-1,10364,10394,10396,-1,10364,10396,10362,-1,10362,10396,10398,-1,10362,10398,10360,-1,10360,10398,10400,-1,10360,10400,10358,-1,10508,10533,10509,-1,10509,10533,10534,-1,10509,10534,10535,-1,10518,10536,10517,-1,10517,10536,10537,-1,10517,10537,10516,-1,10516,10537,10538,-1,10516,10538,10515,-1,10515,10538,10539,-1,10515,10539,10514,-1,10514,10539,10540,-1,10514,10540,10513,-1,10513,10540,10541,-1,10513,10541,10512,-1,10512,10541,10542,-1,10512,10542,10511,-1,10511,10542,10543,-1,10511,10543,10510,-1,10510,10543,10544,-1,10510,10544,1051,-1,1051,10544,10545,-1,1051,10545,1049,-1,1049,10545,10546,-1,1049,10546,829,-1,1046,1048,10547,-1,10547,1048,10548,-1,10547,10548,10549,-1,10549,10548,10550,-1,10549,10550,10551,-1,10551,10550,10552,-1,10551,10552,10553,-1,10534,10554,10535,-1,10535,10554,10555,-1,10535,10555,10556,-1,1043,1045,10557,-1,10557,1045,10558,-1,10557,10558,10559,-1,10559,10558,10560,-1,10559,10560,10561,-1,10562,10561,10553,-1,10553,10561,10560,-1,10553,10560,10551,-1,10551,10560,10558,-1,10551,10558,10549,-1,10549,10558,1045,-1,10549,1045,10547,-1,10547,1045,1044,-1,10547,1044,1046,-1,10555,10563,10556,-1,10556,10563,10564,-1,10556,10564,10565,-1,10565,10564,10566,-1,10565,10566,10567,-1,968,963,1722,-1,1722,963,10568,-1,1722,10568,10569,-1,10569,10568,10570,-1,10569,10570,10571,-1,957,956,1766,-1,1766,956,1765,-1,1766,1765,10572,-1,10572,1765,1764,-1,10572,1764,10573,-1,948,1761,1763,-1,1763,1761,10574,-1,1763,10574,1762,-1,1762,10574,10575,-1,1762,10575,1764,-1,1764,10575,10576,-1,1764,10576,10573,-1,936,10577,10578,-1,10578,10577,10579,-1,10578,10579,10580,-1,10580,10579,10581,-1,10580,10581,10582,-1,10582,10581,10583,-1,10582,10583,10584,-1,10584,10583,10585,-1,10584,10585,10586,-1,10586,10585,10587,-1,10586,10587,10588,-1,10589,10590,10591,-1,10591,10590,10592,-1,10591,10592,10593,-1,10593,10592,10594,-1,10593,10594,1705,-1,1705,10594,1707,-1,1705,1707,699,-1,699,1707,700,-1,10590,10595,10592,-1,10592,10595,10596,-1,10592,10596,10594,-1,10594,10596,1708,-1,10594,1708,1707,-1,1707,1708,1709,-1,1707,1709,703,-1,703,1709,674,-1,10595,10597,10596,-1,10596,10597,10598,-1,10596,10598,1708,-1,1708,10598,1712,-1,1708,1712,711,-1,711,1712,712,-1,679,680,1711,-1,1711,680,1712,-1,1711,1712,10599,-1,10599,1712,10598,-1,10599,10598,10562,-1,10562,10598,10597,-1,10562,10597,10561,-1,10561,10597,10595,-1,10561,10595,10559,-1,10559,10595,10590,-1,10559,10590,10557,-1,10557,10590,10589,-1,10557,10589,1043,-1,10552,10600,10553,-1,10553,10600,10601,-1,10553,10601,10562,-1,10562,10601,10602,-1,10562,10602,10599,-1,10599,10602,10603,-1,10599,10603,1711,-1,1711,10603,10604,-1,1711,10604,1710,-1,1710,10604,1713,-1,1710,1713,772,-1,772,1713,692,-1,1047,10519,1048,-1,1048,10519,10520,-1,1048,10520,10548,-1,10548,10520,10521,-1,10548,10521,10550,-1,10550,10521,10522,-1,10550,10522,10552,-1,10552,10522,10523,-1,10552,10523,10600,-1,10600,10523,10524,-1,10600,10524,10601,-1,10601,10524,10605,-1,10601,10605,10602,-1,10602,10605,10606,-1,10602,10606,10603,-1,10603,10606,10607,-1,10603,10607,10604,-1,10604,10607,10608,-1,10604,10608,1713,-1,1713,10608,718,-1,1713,718,736,-1,10609,10608,10610,-1,10610,10608,10607,-1,10610,10607,10611,-1,10611,10607,10606,-1,10611,10606,10612,-1,10612,10606,10605,-1,10612,10605,10613,-1,10613,10605,10524,-1,10613,10524,10614,-1,10614,10524,10525,-1,10614,10525,10615,-1,10615,10525,10526,-1,10615,10526,10616,-1,10616,10526,10527,-1,10616,10527,10617,-1,10617,10527,10528,-1,10617,10528,10618,-1,10618,10528,10529,-1,10618,10529,10619,-1,10619,10529,10389,-1,10619,10389,10620,-1,10620,10389,10334,-1,10620,10334,10621,-1,10621,10334,10239,-1,10621,10239,10622,-1,10622,10239,10127,-1,10622,10127,10623,-1,10623,10127,10051,-1,10623,10051,10624,-1,10624,10051,9974,-1,10624,9974,10625,-1,10625,9974,9922,-1,10625,9922,10626,-1,10626,9922,9921,-1,10626,9921,10627,-1,10627,9921,9920,-1,10627,9920,10628,-1,10628,9920,9919,-1,10628,9919,10629,-1,10629,9919,9918,-1,10629,9918,10630,-1,10630,9918,9917,-1,10630,9917,10631,-1,10631,9917,9596,-1,10631,9596,10632,-1,10632,9596,9594,-1,10632,9594,10633,-1,10633,9594,9593,-1,10633,9593,10634,-1,10634,9593,9592,-1,10634,9592,10635,-1,10635,9592,9591,-1,10635,9591,10636,-1,10636,9591,9449,-1,10636,9449,10637,-1,10637,9449,9448,-1,10637,9448,10638,-1,10638,9448,10639,-1,10638,10639,10640,-1,10640,10639,10641,-1,10640,10641,10642,-1,10642,10641,10643,-1,10642,10643,10644,-1,10644,10643,10645,-1,10644,10645,10646,-1,10646,10645,10647,-1,10646,10647,10648,-1,10648,10647,9243,-1,10648,9243,10649,-1,10649,9243,9156,-1,10649,9156,10650,-1,10650,9156,9131,-1,10650,9131,10651,-1,10651,9131,9080,-1,10651,9080,8908,-1,8908,9080,8985,-1,8908,8985,8906,-1,8906,8985,8903,-1,8906,8903,8905,-1,8905,8903,8803,-1,8905,8803,1125,-1,1125,8803,8709,-1,1125,8709,1126,-1,1126,8709,8673,-1,1126,8673,8647,-1,8647,8673,8644,-1,8647,8644,8570,-1,8570,8644,8567,-1,8570,8567,8502,-1,8502,8567,8498,-1,8502,8498,8447,-1,8447,8498,8497,-1,8447,8497,8398,-1,8398,8497,9153,-1,8398,9153,8396,-1,8396,9153,9154,-1,8396,9154,8337,-1,8337,9154,8334,-1,8337,8334,8308,-1,8308,8334,8332,-1,8308,8332,8294,-1,8294,8332,8330,-1,8294,8330,8269,-1,8269,8330,8328,-1,8269,8328,8270,-1,8270,8328,8327,-1,8270,8327,8196,-1,8196,8327,8326,-1,8196,8326,8131,-1,8131,8326,8325,-1,8131,8325,8063,-1,8063,8325,8324,-1,8063,8324,7975,-1,7975,8324,7973,-1,7975,7973,7858,-1,7858,7973,7972,-1,7858,7972,7749,-1,7749,7972,7971,-1,7749,7971,7644,-1,7644,7971,7970,-1,7644,7970,7642,-1,7642,7970,7969,-1,7642,7969,7586,-1,7586,7969,7968,-1,7586,7968,7540,-1,7540,7968,7537,-1,7540,7537,7456,-1,7456,7537,7453,-1,7456,7453,7395,-1,7395,7453,7392,-1,7395,7392,7374,-1,7374,7392,7371,-1,7374,7371,7320,-1,7320,7371,7317,-1,7320,7317,7305,-1,7305,7317,7299,-1,7305,7299,7227,-1,7227,7299,7300,-1,7227,7300,7220,-1,7220,7300,7301,-1,7220,7301,7166,-1,7166,7301,7302,-1,7166,7302,7124,-1,7124,7302,7120,-1,7124,7120,7095,-1,7095,7120,7119,-1,7095,7119,7078,-1,7078,7119,7118,-1,7078,7118,7066,-1,7066,7118,7117,-1,7066,7117,7037,-1,7037,7117,7116,-1,7037,7116,7029,-1,7029,7116,7115,-1,7029,7115,6943,-1,6943,7115,7114,-1,6943,7114,6945,-1,6945,7114,7113,-1,6945,7113,6830,-1,6830,7113,6866,-1,6830,6866,6831,-1,6831,6866,6818,-1,6831,6818,7112,-1,7112,6818,6785,-1,7112,6785,6703,-1,6703,6785,6690,-1,6703,6690,6596,-1,6596,6690,6574,-1,6596,6574,6495,-1,6495,6574,6494,-1,6495,6494,6416,-1,6416,6494,6415,-1,6416,6415,6338,-1,6338,6415,6337,-1,6338,6337,6262,-1,6262,6337,6261,-1,6262,6261,6203,-1,6203,6261,6202,-1,6203,6202,6117,-1,6117,6202,6201,-1,6117,6201,6115,-1,6115,6201,6200,-1,6115,6200,6023,-1,6023,6200,6199,-1,6023,6199,5948,-1,5948,6199,6198,-1,5948,6198,5870,-1,5870,6198,6197,-1,5870,6197,5868,-1,5868,6197,5865,-1,5868,5865,5843,-1,5843,5865,5840,-1,5843,5840,5816,-1,5816,5840,5813,-1,5816,5813,5787,-1,5787,5813,5812,-1,5787,5812,5785,-1,5785,5812,6313,-1,5785,6313,1274,-1,1274,6313,5737,-1,1274,5737,1272,-1,1272,5737,5739,-1,1272,5739,6135,-1,6135,5739,5702,-1,6135,5702,5747,-1,5747,5702,5704,-1,5747,5704,5748,-1,5748,5704,5706,-1,5748,5706,5722,-1,5722,5706,5708,-1,5722,5708,1620,-1,1620,5708,5710,-1,1620,5710,1618,-1,1618,5710,5712,-1,1618,5712,5691,-1,5691,5712,5714,-1,5691,5714,5692,-1,5692,5714,5716,-1,5692,5716,5659,-1,5659,5716,5718,-1,5659,5718,5551,-1,5551,5718,1301,-1,5551,1301,5552,-1,5552,1301,1300,-1,5552,1300,5493,-1,5493,1300,5474,-1,5493,5474,5494,-1,5494,5474,5476,-1,5494,5476,5527,-1,5527,5476,5478,-1,5527,5478,5663,-1,5663,5478,5480,-1,5663,5480,5397,-1,5397,5480,5482,-1,5397,5482,5398,-1,5398,5482,5483,-1,5398,5483,5349,-1,5349,5483,5484,-1,5349,5484,5336,-1,5336,5484,5485,-1,5336,5485,5334,-1,5334,5485,5486,-1,5334,5486,5332,-1,5332,5486,5487,-1,5332,5487,5330,-1,5330,5487,5488,-1,5330,5488,5328,-1,5328,5488,5489,-1,5328,5489,5326,-1,5326,5489,5490,-1,5326,5490,5324,-1,5324,5490,5491,-1,5324,5491,5322,-1,5322,5491,5492,-1,5322,5492,4986,-1,4986,5492,4987,-1,10649,2053,10648,-1,10648,2053,2052,-1,10648,2052,10646,-1,10646,2052,9245,-1,10646,9245,10644,-1,10644,9245,10335,-1,10644,10335,10642,-1,10642,10335,9393,-1,10642,9393,10640,-1,10640,9393,9392,-1,10640,9392,10638,-1,10638,9392,9423,-1,10638,9423,10637,-1,10637,9423,9443,-1,10637,9443,10636,-1,10636,9443,9453,-1,10636,9453,10635,-1,10635,9453,9467,-1,10635,9467,10634,-1,10634,9467,9469,-1,10634,9469,10633,-1,10633,9469,9517,-1,10633,9517,10632,-1,10632,9517,9540,-1,10632,9540,10631,-1,10631,9540,9600,-1,10631,9600,10630,-1,10630,9600,9630,-1,10630,9630,10629,-1,10629,9630,9714,-1,10629,9714,10628,-1,10628,9714,9716,-1,10628,9716,10627,-1,10627,9716,9842,-1,10627,9842,10626,-1,10626,9842,9856,-1,10626,9856,10625,-1,10625,9856,9923,-1,10625,9923,10624,-1,10624,9923,9977,-1,10624,9977,10623,-1,10623,9977,10073,-1,10623,10073,10622,-1,10622,10073,10149,-1,10622,10149,10621,-1,10621,10149,10241,-1,10621,10241,10620,-1,10620,10241,10357,-1,10620,10357,10619,-1,10619,10357,10467,-1,10619,10467,10618,-1,10618,10467,1733,-1,10618,1733,10617,-1,10617,1733,1053,-1,10617,1053,10616,-1,10616,1053,1052,-1,10616,1052,10615,-1,10615,1052,10492,-1,10615,10492,10614,-1,10614,10492,10509,-1,10614,10509,10613,-1,10613,10509,10535,-1,10613,10535,10612,-1,10612,10535,10556,-1,10612,10556,10611,-1,10611,10556,10565,-1,10611,10565,10610,-1,10610,10565,10567,-1,10610,10567,10609,-1,10609,10567,10652,-1,10571,10570,10653,-1,10653,10570,10654,-1,10653,10654,10655,-1,10655,10654,10656,-1,10655,10656,10657,-1,10658,10573,10659,-1,10659,10573,10576,-1,10659,10576,10660,-1,10660,10576,10575,-1,10660,10575,10661,-1,10661,10575,10574,-1,10661,10574,10662,-1,10662,10574,1761,-1,10662,1761,10663,-1,10663,1761,946,-1,10663,946,945,-1,10664,10658,10665,-1,10665,10658,10659,-1,10665,10659,10666,-1,10666,10659,10660,-1,10666,10660,10667,-1,10667,10660,10661,-1,10667,10661,10668,-1,10668,10661,10662,-1,10668,10662,10669,-1,10669,10662,10663,-1,10669,10663,1760,-1,1760,10663,945,-1,1760,945,940,-1,10670,10671,10672,-1,10672,10671,10673,-1,10672,10673,10674,-1,10674,10673,10675,-1,10674,10675,10676,-1,10676,10675,10677,-1,10676,10677,10678,-1,10678,10677,10679,-1,10678,10679,10680,-1,10680,10679,10681,-1,10680,10681,10682,-1,10682,10681,10683,-1,10682,10683,10684,-1,10684,10683,10546,-1,10684,10546,10685,-1,10685,10546,10545,-1,10685,10545,10686,-1,10686,10545,10544,-1,10686,10544,10687,-1,10687,10544,10543,-1,10687,10543,10688,-1,10688,10543,10542,-1,10688,10542,10689,-1,10689,10542,10541,-1,10689,10541,10690,-1,10690,10541,10540,-1,10690,10540,10691,-1,10691,10540,10539,-1,10691,10539,10692,-1,10692,10539,10538,-1,10692,10538,10693,-1,10693,10538,10537,-1,10693,10537,10694,-1,10694,10537,10536,-1,1558,1557,10695,-1,10695,1557,10696,-1,10695,10696,10697,-1,10697,10696,10698,-1,10697,10698,10699,-1,10699,10698,10700,-1,10699,10700,10701,-1,10701,10700,10702,-1,10701,10702,10703,-1,10703,10702,10704,-1,10703,10704,10705,-1,10705,10704,1704,-1,10705,1704,10706,-1,10706,1704,1703,-1,10706,1703,1702,-1,1702,1703,763,-1,1702,763,754,-1,734,733,1706,-1,1706,733,1704,-1,1706,1704,1705,-1,1705,1704,10704,-1,1705,10704,10593,-1,10593,10704,10702,-1,10593,10702,10591,-1,10591,10702,10700,-1,10591,10700,10589,-1,10589,10700,10698,-1,10589,10698,1043,-1,1043,10698,10696,-1,1043,10696,1044,-1,1044,10696,1557,-1,1044,1557,1046,-1,1046,1557,1556,-1,1046,1556,1047,-1,10566,10707,10567,-1,10567,10707,10708,-1,10567,10708,10652,-1,10652,10708,10709,-1,10652,10709,10710,-1,10710,1714,10652,-1,10652,1714,1715,-1,10652,1715,10609,-1,10609,1715,720,-1,10609,720,10608,-1,10608,720,719,-1,10608,719,718,-1,10657,10656,10711,-1,10711,10656,10712,-1,10711,10712,10713,-1,10714,10664,10715,-1,10715,10664,10665,-1,10715,10665,10588,-1,10588,10665,10666,-1,10588,10666,10586,-1,10586,10666,10667,-1,10586,10667,10584,-1,10584,10667,10668,-1,10584,10668,10582,-1,10582,10668,10669,-1,10582,10669,10580,-1,10580,10669,1760,-1,10580,1760,10578,-1,10578,1760,937,-1,10578,937,936,-1,10716,10717,10718,-1,10718,10717,10719,-1,10718,10719,10720,-1,10720,10719,10721,-1,10720,10721,10722,-1,10722,10721,10723,-1,10722,10723,10724,-1,10724,10723,10725,-1,10724,10725,10726,-1,10726,10725,10727,-1,10726,10727,10728,-1,10728,10727,10729,-1,10728,10729,10730,-1,10730,10729,10731,-1,10730,10731,10732,-1,10732,10731,10733,-1,10732,10733,10734,-1,10734,10733,10735,-1,10734,10735,10736,-1,10736,10735,10737,-1,10736,10737,10738,-1,10738,10737,10739,-1,10738,10739,10740,-1,10740,10739,10741,-1,10740,10741,10742,-1,10742,10741,10743,-1,10742,10743,10744,-1,10744,10743,10745,-1,10744,10745,10746,-1,10746,10745,10747,-1,10746,10747,10748,-1,10748,10747,10749,-1,10748,10749,10750,-1,10750,10749,10751,-1,751,750,1701,-1,1701,750,1700,-1,1701,1700,1702,-1,1702,1700,10752,-1,1702,10752,10706,-1,10706,10752,10753,-1,10706,10753,10705,-1,10705,10753,10754,-1,10705,10754,10703,-1,10703,10754,10755,-1,10703,10755,10701,-1,10701,10755,10756,-1,10701,10756,10699,-1,10699,10756,10757,-1,10699,10757,10697,-1,10697,10757,10758,-1,10697,10758,10695,-1,10695,10758,10759,-1,10695,10759,1558,-1,694,693,10760,-1,10760,693,737,-1,10760,737,10761,-1,10761,737,697,-1,10761,697,10762,-1,10762,697,1716,-1,10762,1716,10763,-1,10763,1716,1714,-1,10763,1714,10764,-1,10764,1714,10710,-1,10713,10712,10765,-1,10765,10712,10766,-1,10765,10766,10767,-1,10717,10670,10719,-1,10719,10670,10672,-1,10719,10672,10721,-1,10721,10672,10674,-1,10721,10674,10723,-1,10723,10674,10676,-1,10723,10676,10725,-1,10725,10676,10678,-1,10725,10678,10727,-1,10727,10678,10680,-1,10727,10680,10729,-1,10729,10680,10682,-1,10729,10682,10731,-1,10731,10682,10684,-1,10731,10684,10733,-1,10733,10684,10685,-1,10733,10685,10735,-1,10735,10685,10686,-1,10735,10686,10737,-1,10737,10686,10687,-1,10737,10687,10739,-1,10739,10687,10688,-1,10739,10688,10741,-1,10741,10688,10689,-1,10741,10689,10743,-1,10743,10689,10690,-1,10743,10690,10745,-1,10745,10690,10691,-1,10745,10691,10747,-1,10747,10691,10692,-1,10747,10692,10749,-1,10749,10692,10693,-1,10749,10693,10751,-1,10751,10693,10694,-1,761,747,1698,-1,1698,747,1697,-1,1698,1697,1699,-1,1699,1697,10768,-1,1699,10768,1700,-1,1700,10768,10769,-1,1700,10769,10752,-1,10752,10769,10770,-1,10752,10770,10753,-1,10753,10770,10771,-1,10753,10771,10754,-1,10754,10771,10772,-1,10754,10772,10755,-1,10755,10772,10773,-1,10755,10773,10756,-1,10756,10773,10774,-1,10756,10774,10757,-1,10757,10774,10775,-1,10757,10775,10758,-1,10758,10775,10776,-1,10758,10776,10759,-1,972,971,1731,-1,1731,971,1730,-1,1731,1730,10491,-1,10491,1730,1729,-1,10491,1729,10507,-1,10507,1729,10777,-1,10507,10777,10508,-1,10508,10777,10778,-1,10508,10778,10533,-1,10533,10778,10779,-1,10533,10779,10534,-1,10534,10779,10780,-1,10534,10780,10554,-1,10554,10780,10781,-1,10554,10781,10555,-1,10555,10781,10782,-1,10555,10782,10563,-1,10563,10782,10783,-1,10563,10783,10564,-1,10564,10783,10784,-1,10564,10784,10566,-1,10566,10784,10785,-1,10566,10785,10707,-1,10707,10785,10786,-1,10707,10786,10708,-1,10708,10786,10787,-1,10708,10787,10709,-1,10709,10787,10788,-1,10709,10788,10710,-1,10710,10788,10789,-1,10710,10789,10764,-1,10764,10789,10790,-1,10764,10790,10763,-1,10763,10790,10791,-1,10763,10791,10762,-1,10762,10791,10792,-1,10762,10792,10761,-1,10761,10792,10793,-1,10761,10793,10760,-1,10760,10793,1717,-1,10760,1717,694,-1,694,1717,713,-1,10767,10766,10794,-1,10794,10766,10795,-1,10794,10795,10796,-1,10797,10716,10798,-1,10798,10716,10718,-1,10798,10718,10799,-1,10799,10718,10720,-1,10799,10720,10800,-1,10800,10720,10722,-1,10800,10722,10801,-1,10801,10722,10724,-1,10801,10724,10802,-1,10802,10724,10726,-1,10802,10726,10803,-1,10803,10726,10728,-1,10803,10728,10804,-1,10804,10728,10730,-1,10804,10730,10805,-1,10805,10730,10732,-1,10805,10732,10806,-1,10806,10732,10734,-1,10806,10734,10807,-1,10807,10734,10736,-1,10807,10736,10808,-1,10808,10736,10738,-1,10808,10738,10809,-1,10809,10738,10740,-1,10809,10740,10810,-1,10810,10740,10742,-1,10810,10742,10811,-1,10811,10742,10744,-1,10811,10744,10812,-1,10812,10744,10746,-1,10812,10746,10813,-1,10813,10746,10748,-1,10813,10748,10814,-1,10814,10748,10750,-1,786,785,1695,-1,1695,785,1694,-1,1695,1694,1696,-1,1696,1694,10815,-1,1696,10815,1697,-1,1697,10815,10816,-1,1697,10816,10768,-1,10768,10816,10817,-1,10768,10817,10769,-1,10769,10817,10818,-1,10769,10818,10770,-1,10770,10818,10819,-1,10770,10819,10771,-1,10771,10819,10820,-1,10771,10820,10772,-1,10772,10820,10821,-1,10772,10821,10773,-1,10773,10821,10822,-1,10773,10822,10774,-1,10774,10822,10823,-1,10774,10823,10775,-1,10775,10823,10824,-1,10775,10824,10776,-1,979,967,1729,-1,1729,967,966,-1,1729,966,10777,-1,10777,966,1726,-1,10777,1726,10778,-1,10778,1726,1727,-1,10778,1727,10779,-1,10779,1727,1728,-1,10779,1728,10780,-1,10780,1728,10825,-1,10780,10825,10781,-1,10781,10825,10826,-1,10781,10826,10782,-1,10782,10826,10827,-1,10782,10827,10783,-1,10783,10827,10828,-1,10783,10828,10784,-1,10784,10828,10829,-1,10784,10829,10785,-1,10785,10829,10830,-1,10785,10830,10786,-1,10786,10830,10831,-1,10786,10831,10787,-1,10787,10831,10832,-1,10787,10832,10788,-1,10788,10832,10833,-1,10788,10833,10789,-1,10789,10833,10834,-1,10789,10834,10790,-1,10790,10834,10835,-1,10790,10835,10791,-1,10791,10835,10836,-1,10791,10836,10792,-1,10792,10836,10837,-1,10792,10837,10793,-1,10793,10837,10838,-1,10793,10838,1717,-1,1717,10838,10839,-1,1717,10839,1718,-1,1718,10839,10840,-1,1718,10840,738,-1,738,10840,10841,-1,738,10841,739,-1,739,10841,1719,-1,739,1719,740,-1,740,1719,773,-1,10796,10795,10842,-1,10842,10795,10843,-1,10842,10843,10844,-1,1029,1040,1555,-1,1555,1040,10845,-1,1555,10845,10846,-1,10846,10845,10847,-1,10846,10847,10848,-1,10848,10847,10849,-1,10848,10849,10850,-1,10850,10849,10851,-1,10850,10851,10852,-1,1031,1030,1554,-1,1554,1030,1555,-1,1554,1555,10853,-1,10853,1555,10846,-1,10853,10846,10854,-1,10854,10846,10848,-1,10854,10848,10855,-1,10855,10848,10850,-1,10855,10850,10856,-1,10856,10850,10852,-1,10856,10852,10857,-1,1033,1032,10858,-1,10858,1032,1554,-1,10858,1554,10859,-1,10859,1554,10853,-1,10859,10853,10860,-1,10860,10853,10854,-1,10860,10854,10861,-1,10861,10854,10855,-1,10861,10855,10862,-1,10862,10855,10856,-1,10862,10856,10863,-1,10863,10856,10857,-1,10863,10857,10864,-1,1034,1033,10865,-1,10865,1033,10858,-1,10865,10858,10866,-1,10866,10858,10859,-1,10866,10859,10867,-1,10867,10859,10860,-1,10867,10860,10868,-1,10868,10860,10861,-1,10868,10861,10869,-1,10869,10861,10862,-1,10869,10862,10870,-1,10870,10862,10863,-1,10870,10863,10871,-1,10871,10863,10864,-1,10871,10864,10872,-1,1035,1034,1553,-1,1553,1034,10865,-1,1553,10865,10873,-1,10873,10865,10866,-1,10873,10866,10874,-1,10874,10866,10867,-1,10874,10867,10875,-1,10875,10867,10868,-1,10875,10868,10876,-1,10876,10868,10869,-1,10876,10869,10877,-1,10877,10869,10870,-1,10877,10870,10878,-1,10878,10870,10871,-1,10878,10871,10879,-1,10879,10871,10872,-1,10879,10872,10880,-1,1037,1036,1552,-1,1552,1036,1553,-1,1552,1553,10881,-1,10881,1553,10873,-1,10881,10873,10882,-1,10882,10873,10874,-1,10882,10874,10883,-1,10883,10874,10875,-1,10883,10875,10884,-1,10884,10875,10876,-1,10884,10876,10885,-1,10885,10876,10877,-1,10885,10877,10886,-1,10886,10877,10878,-1,10886,10878,10887,-1,10887,10878,10879,-1,10887,10879,10888,-1,10888,10879,10880,-1,10888,10880,10889,-1,1039,1038,10890,-1,10890,1038,1552,-1,10890,1552,10891,-1,10891,1552,10881,-1,10891,10881,10892,-1,10892,10881,10882,-1,10892,10882,10893,-1,10893,10882,10883,-1,10893,10883,10894,-1,10894,10883,10884,-1,10894,10884,10895,-1,10895,10884,10885,-1,10895,10885,10896,-1,10896,10885,10886,-1,10896,10886,10897,-1,10897,10886,10887,-1,10897,10887,10898,-1,10898,10887,10888,-1,10898,10888,10899,-1,10899,10888,10889,-1,10899,10889,10900,-1,1017,1039,1693,-1,1693,1039,10890,-1,1693,10890,1694,-1,1694,10890,10891,-1,1694,10891,10815,-1,10815,10891,10892,-1,10815,10892,10816,-1,10816,10892,10893,-1,10816,10893,10817,-1,10817,10893,10894,-1,10817,10894,10818,-1,10818,10894,10895,-1,10818,10895,10819,-1,10819,10895,10896,-1,10819,10896,10820,-1,10820,10896,10897,-1,10820,10897,10821,-1,10821,10897,10898,-1,10821,10898,10822,-1,10822,10898,10899,-1,10822,10899,10823,-1,10823,10899,10900,-1,10823,10900,10824,-1,964,978,1728,-1,1728,978,1723,-1,1728,1723,10825,-1,10825,1723,1724,-1,10825,1724,10826,-1,10826,1724,1725,-1,10826,1725,10827,-1,10827,1725,10901,-1,10827,10901,10828,-1,10828,10901,10902,-1,10828,10902,10829,-1,10829,10902,10903,-1,10829,10903,10830,-1,10830,10903,10904,-1,10830,10904,10831,-1,10831,10904,10905,-1,10831,10905,10832,-1,10832,10905,10906,-1,10832,10906,10833,-1,10833,10906,10907,-1,10833,10907,10834,-1,10834,10907,10908,-1,10834,10908,10835,-1,10835,10908,10909,-1,10835,10909,10836,-1,10836,10909,10910,-1,10836,10910,10837,-1,10837,10910,10911,-1,10837,10911,10838,-1,10838,10911,10912,-1,10838,10912,10839,-1,10839,10912,10913,-1,10839,10913,10840,-1,10840,10913,10914,-1,10840,10914,10841,-1,10841,10914,10915,-1,10841,10915,1719,-1,1719,10915,1551,-1,1719,1551,774,-1,774,1551,1020,-1,774,1020,775,-1,1024,1023,10843,-1,10843,1023,10916,-1,10843,10916,10844,-1,975,974,1725,-1,1725,974,1720,-1,1725,1720,10901,-1,10901,1720,1721,-1,10901,1721,10902,-1,10902,1721,1722,-1,10902,1722,10903,-1,10903,1722,10569,-1,10903,10569,10904,-1,10904,10569,10571,-1,10904,10571,10905,-1,10905,10571,10653,-1,10905,10653,10906,-1,10906,10653,10655,-1,10906,10655,10907,-1,10907,10655,10657,-1,10907,10657,10908,-1,10908,10657,10711,-1,10908,10711,10909,-1,10909,10711,10713,-1,10909,10713,10910,-1,10910,10713,10765,-1,10910,10765,10911,-1,10911,10765,10767,-1,10911,10767,10912,-1,10912,10767,10794,-1,10912,10794,10913,-1,10913,10794,10796,-1,10913,10796,10914,-1,10914,10796,10842,-1,10914,10842,10915,-1,10915,10842,10844,-1,10915,10844,1551,-1,1551,10844,10916,-1,1551,10916,1022,-1,1022,10916,1023,-1,963,961,10568,-1,10568,961,10917,-1,10568,10917,10570,-1,10570,10917,10918,-1,10570,10918,10654,-1,10654,10918,10919,-1,10654,10919,10656,-1,10656,10919,10920,-1,10656,10920,10712,-1,10712,10920,10921,-1,10712,10921,10766,-1,10766,10921,10922,-1,10766,10922,10795,-1,10795,10922,10923,-1,10795,10923,10843,-1,10843,10923,10924,-1,10843,10924,1024,-1,1024,10924,1025,-1,961,960,10917,-1,10917,960,1766,-1,10917,1766,10918,-1,10918,1766,10572,-1,10918,10572,10919,-1,10919,10572,10573,-1,10919,10573,10920,-1,10920,10573,10658,-1,10920,10658,10921,-1,10921,10658,10664,-1,10921,10664,10922,-1,10922,10664,10714,-1,10922,10714,10923,-1,10923,10714,10925,-1,10923,10925,10924,-1,10924,10925,1042,-1,10924,1042,1025,-1,1025,1042,1026,-1,1028,1027,1041,-1,1041,1027,1042,-1,1041,1042,10926,-1,10926,1042,10925,-1,10926,10925,10927,-1,10927,10925,10714,-1,10927,10714,10928,-1,10928,10714,10715,-1,10929,1018,1019,-1,10929,1019,10930,-1,10930,1019,1041,-1,10930,1041,10797,-1,10797,1041,10926,-1,10797,10926,10716,-1,10716,10926,10927,-1,10716,10927,10717,-1,10717,10927,10928,-1,10717,10928,10670,-1,10670,10928,10715,-1,10670,10715,10671,-1,10671,10715,10588,-1,10671,10588,10673,-1,10673,10588,10587,-1,10673,10587,10675,-1,10675,10587,10585,-1,10675,10585,10677,-1,10677,10585,10583,-1,10677,10583,10679,-1,10679,10583,10581,-1,10679,10581,10681,-1,10681,10581,10579,-1,10681,10579,10683,-1,10683,10579,10577,-1,10683,10577,10546,-1,10546,10577,936,-1,10546,936,829,-1,1040,1018,10845,-1,10845,1018,10929,-1,10845,10929,10847,-1,10847,10929,10930,-1,10847,10930,10849,-1,10849,10930,10797,-1,10849,10797,10851,-1,10851,10797,10798,-1,10851,10798,10852,-1,10852,10798,10799,-1,10852,10799,10857,-1,10857,10799,10800,-1,10857,10800,10864,-1,10864,10800,10801,-1,10864,10801,10872,-1,10872,10801,10802,-1,10872,10802,10880,-1,10880,10802,10803,-1,10880,10803,10889,-1,10889,10803,10804,-1,10889,10804,10900,-1,10900,10804,10805,-1,10900,10805,10824,-1,10824,10805,10806,-1,10824,10806,10776,-1,10776,10806,10807,-1,10776,10807,10759,-1,10759,10807,10808,-1,10759,10808,1558,-1,1558,10808,10809,-1,1558,10809,1556,-1,1556,10809,10810,-1,1556,10810,1047,-1,1047,10810,10811,-1,1047,10811,10519,-1,10519,10811,10812,-1,10519,10812,1561,-1,1561,10812,10813,-1,1561,10813,1559,-1,1559,10813,10814,-1,1559,10814,10502,-1,10502,10814,10750,-1,10502,10750,10503,-1,10503,10750,10751,-1,10503,10751,10466,-1,10466,10751,10694,-1,10466,10694,10464,-1,10464,10694,10536,-1,10464,10536,10450,-1,10450,10536,10518,-1,10450,10518,10448,-1,10448,10518,10499,-1,10448,10499,10446,-1,10446,10499,10490,-1,10446,10490,10444,-1,10444,10490,10451,-1,10444,10451,10442,-1,10442,10451,10452,-1,10442,10452,10440,-1,10440,10452,10453,-1,10440,10453,10438,-1,10438,10453,10454,-1,10438,10454,10436,-1,10436,10454,10455,-1,10436,10455,10434,-1,10434,10455,10456,-1,10434,10456,10432,-1,10432,10456,10457,-1,10432,10457,10430,-1,10430,10457,10458,-1,10430,10458,10428,-1,10428,10458,10459,-1,10428,10459,10426,-1,10426,10459,10460,-1,10426,10460,10424,-1,10424,10460,10461,-1,10424,10461,10422,-1,10422,10461,10471,-1,10422,10471,10420,-1,10420,10471,10470,-1,10420,10470,10418,-1,10418,10470,10482,-1,10418,10482,10416,-1,10416,10482,10481,-1,10416,10481,10414,-1,10414,10481,10476,-1,10414,10476,10530,-1,10530,10476,10469,-1,10530,10469,10531,-1,10531,10469,10468,-1,10531,10468,10532,-1,10532,10468,10403,-1,10532,10403,10390,-1,10390,10403,10405,-1,10390,10405,10391,-1,10391,10405,10407,-1,10391,10407,10393,-1,10393,10407,10409,-1,10393,10409,10395,-1,10395,10409,10411,-1,10395,10411,10397,-1,10397,10411,10413,-1,10397,10413,10399,-1,10399,10413,10467,-1,10399,10467,10400,-1,10400,10467,10357,-1,10400,10357,10358,-1,10358,10357,10242,-1,10358,10242,10359,-1,10359,10242,10244,-1,10359,10244,10253,-1,10253,10244,10246,-1,10253,10246,10254,-1,10254,10246,10248,-1,10254,10248,10259,-1,10259,10248,10250,-1,10259,10250,10163,-1,10163,10250,10252,-1,10163,10252,10161,-1,10161,10252,10356,-1,10161,10356,10010,-1,10010,10356,10355,-1,10010,10355,10008,-1,10008,10355,10354,-1,10008,10354,10006,-1,10006,10354,10353,-1,10006,10353,10004,-1,10004,10353,10352,-1,10004,10352,10002,-1,10002,10352,10351,-1,10002,10351,10000,-1,10000,10351,10350,-1,10000,10350,9998,-1,9998,10350,10349,-1,9998,10349,9996,-1,9996,10349,10348,-1,9996,10348,1567,-1,1567,10348,10347,-1,1567,10347,1565,-1,1565,10347,10346,-1,1565,10346,9689,-1,9689,10346,10345,-1,9689,10345,9691,-1,9691,10345,10344,-1,9691,10344,9693,-1,9693,10344,10343,-1,9693,10343,9695,-1,9695,10343,10342,-1,9695,10342,9697,-1,9697,10342,10341,-1,9697,10341,9531,-1,9531,10341,10340,-1,9531,10340,9506,-1,9506,10340,10339,-1,9506,10339,9507,-1,9507,10339,10338,-1,9507,10338,9476,-1,9476,10338,10337,-1,9476,10337,9464,-1,9464,10337,10336,-1,9464,10336,9462,-1,9462,10336,9440,-1,9462,9440,9450,-1,9450,9440,9439,-1,9450,9439,9448,-1,9448,9439,9437,-1,9448,9437,10639,-1,10639,9437,9419,-1,10639,9419,10641,-1,10641,9419,9417,-1,10641,9417,10643,-1,10643,9417,9416,-1,10643,9416,10645,-1,10645,9416,9345,-1,10645,9345,10647,-1,10647,9345,9299,-1,10647,9299,9243,-1,9243,9299,9298,-1,9243,9298,9242,-1,9242,9298,9296,-1,9242,9296,9241,-1,9241,9296,9294,-1,9241,9294,9240,-1,9240,9294,9292,-1,9240,9292,9239,-1,9239,9292,9290,-1,9239,9290,9238,-1,9238,9290,9288,-1,9238,9288,9237,-1,9237,9288,9286,-1,9237,9286,9236,-1,9236,9286,9284,-1,9236,9284,9235,-1,9235,9284,9282,-1,9235,9282,9234,-1,9234,9282,9280,-1,9234,9280,9233,-1,9233,9280,9278,-1,9233,9278,9232,-1,9232,9278,9276,-1,9232,9276,9231,-1,9231,9276,9274,-1,9231,9274,9230,-1,9230,9274,9272,-1,9230,9272,9229,-1,9229,9272,9270,-1,9229,9270,9228,-1,9228,9270,9268,-1,9228,9268,9227,-1,9227,9268,9266,-1,9227,9266,9226,-1,9226,9266,9264,-1,9226,9264,9225,-1,9225,9264,9262,-1,9225,9262,9224,-1,9224,9262,9261,-1,9224,9261,9223,-1,9223,9261,9259,-1,9223,9259,9244,-1,9244,9259,9257,-1,9244,9257,9172,-1,9172,9257,9214,-1,9172,9214,9171,-1,9171,9214,9216,-1,9171,9216,9158,-1,9158,9216,9218,-1,9158,9218,9159,-1,9159,9218,9220,-1,9159,9220,9161,-1,9161,9220,9222,-1,9161,9222,9163,-1,9163,9222,2049,-1,9163,2049,9165,-1,9165,2049,2051,-1,9165,2051,9167,-1,9167,2051,2053,-1,9167,2053,9169,-1,9169,2053,10649,-1,9169,10649,9170,-1,9170,10649,10650,-1,9170,10650,9081,-1,9081,10650,10651,-1,9081,10651,8986,-1,8986,10651,8908,-1,8986,8908,8987,-1,8987,8908,8907,-1,8987,8907,8989,-1,8989,8907,8909,-1,8989,8909,8991,-1,8991,8909,8812,-1,8991,8812,8993,-1,8993,8812,8813,-1,8993,8813,8995,-1,8995,8813,8814,-1,8995,8814,1113,-1,1113,8814,1114,-1,2136,2372,10931,-1,10931,2372,1527,-1,10931,1527,1526,-1,2080,2078,10931,-1,10931,2078,2077,-1,10931,2077,2136,-1,2085,2083,10931,-1,10931,2083,2082,-1,10931,2082,2080,-1,1550,2089,10931,-1,10931,2089,2087,-1,10931,2087,2085,-1,1547,1546,10931,-1,10931,1546,1549,-1,10931,1549,1550,-1,2092,2091,10931,-1,10931,2091,2229,-1,10931,2229,1547,-1,2097,2095,10931,-1,10931,2095,2094,-1,10931,2094,2092,-1,1542,2101,10931,-1,10931,2101,2099,-1,10931,2099,2097,-1,2253,2246,10931,-1,10931,2246,1543,-1,10931,1543,1542,-1,1539,2102,10931,-1,10931,2102,2260,-1,10931,2260,2253,-1,2104,2103,10931,-1,10931,2103,1540,-1,10931,1540,1539,-1,1538,2109,10931,-1,10931,2109,2108,-1,10931,2108,2104,-1,2177,1537,10931,-1,10931,1537,1536,-1,10931,1536,1538,-1,2113,2111,10931,-1,10931,2111,2110,-1,10931,2110,2177,-1,2133,1534,10931,-1,10931,1534,1533,-1,10931,1533,2113,-1,1526,1530,10931,-1,10931,1530,1529,-1,10931,1529,2133,-1,371,671,309,-1,309,671,732,-1,309,732,320,-1,320,732,731,-1,320,731,321,-1,321,731,730,-1,321,730,317,-1,317,730,760,-1,317,760,324,-1,324,760,796,-1,324,796,325,-1,325,796,797,-1,325,797,326,-1,326,797,756,-1,326,756,314,-1,314,756,755,-1,314,755,313,-1,313,755,729,-1,313,729,312,-1,312,729,728,-1,312,728,311,-1,311,728,727,-1,311,727,360,-1,360,727,726,-1,360,726,358,-1,358,726,725,-1,358,725,362,-1,362,725,724,-1,362,724,363,-1,363,724,717,-1,363,717,364,-1,364,717,716,-1,364,716,372,-1,372,716,783,-1,372,783,376,-1,376,783,782,-1,376,782,368,-1,368,782,781,-1,368,781,365,-1,365,781,778,-1,365,778,366,-1,366,778,791,-1,366,791,369,-1,369,791,790,-1,369,790,370,-1,370,790,673,-1,370,673,371,-1,371,673,671,-1,
        ]
    }
}
Shape{
    appearance Appearance {
        material  Material {
            diffuseColor 0.0 0.0 0.0
            specularColor 0.0 0.0 0.0
            ambientIntensity 0.0
            transparency 0.0
            shininess 0.5
        }
    }
    geometry IndexedFaceSet {
        ccw TRUE
        solid FALSE
        coord DEF co Coordinate {
            point [
                -0.1554 4.029 0.9059, -0.1554 4.029 0.8846, -0.1554 4.0251 0.9059, -0.1554 4.0251 0.8846, -0.0809 4.029 0.9059, -0.0809 4.0251 0.9059, -0.0809 4.029 1.0714, -0.0809 4.0251 1.0714, -0.0568 4.029 1.0714, -0.0568 4.0251 1.0714, -0.0568 4.029 0.8846, -0.0568 4.0251 0.8846, -0.2796 4.029 0.8841, -0.2512 4.029 0.8814, -0.2512 4.0251 0.8814, -0.2676 4.0251 0.883, -0.2796 4.0251 0.8841, -0.2997 4.029 0.8907, -0.2949 4.0251 0.8891, -0.2997 4.0251 0.8907, -0.3029 4.0251 0.8923, -0.3029 4.029 0.8923, -0.3029 4.029 0.9154, -0.3029 4.0251 0.9154, -0.2949 4.0251 0.9118, -0.2845 4.029 0.9071, -0.2845 4.0251 0.9071, -0.2633 4.0251 0.9032, -0.2633 4.029 0.9032, -0.2546 4.0251 0.9029, -0.2546 4.029 0.9029, -0.2383 4.0251 0.9046, -0.2383 4.029 0.9046, -0.2245 4.0251 0.9093, -0.2245 4.029 0.9093, -0.2119 4.0251 0.9176, -0.2119 4.029 0.9176, -0.2066 4.0251 0.9226, -0.2066 4.029 0.9226, -0.1981 4.0251 0.9343, -0.1981 4.029 0.9343, -0.1918 4.0251 0.9491, -0.1918 4.029 0.9491, -0.1886 4.0251 0.9675, -0.1886 4.029 0.9675, -0.1883 4.0251 0.9759, -0.1883 4.029 0.9759, -0.1914 4.0251 1.0015, -0.1914 4.029 1.0015, -0.1976 4.0251 1.0176, -0.1976 4.029 1.0176, -0.2067 4.0251 1.0306, -0.2067 4.029 1.0306, -0.2079 4.0251 1.032, -0.2079 4.029 1.032, -0.2195 4.0251 1.0418, -0.2195 4.029 1.0418, -0.234 4.0251 1.0489, -0.234 4.029 1.0489, -0.2501 4.0251 1.0523, -0.2501 4.029 1.0523, -0.2588 4.0251 1.0528, -0.2588 4.029 1.0528, -0.2818 4.0251 1.05, -0.2949 4.0251 1.045, -0.3008 4.029 1.0428, -0.2818 4.029 1.05, -0.3008 4.0251 1.0428, -0.3029 4.0251 1.0417, -0.3029 4.029 1.0417, -0.3029 4.029 1.0669, -0.3029 4.0251 1.0669, -0.2949 4.0251 1.0692, -0.2831 4.029 1.0726, -0.2586 4.0251 1.0745, -0.2586 4.029 1.0745, -0.2787 4.0251 1.073, -0.2831 4.0251 1.0726, -0.2456 4.0251 1.073, -0.2316 4.029 1.0713, -0.2316 4.0251 1.0713, -0.2121 4.0251 1.0637, -0.2121 4.029 1.0637, -0.1946 4.0251 1.0515, -0.1946 4.029 1.0515, -0.19 4.0251 1.047, -0.19 4.029 1.047, -0.1764 4.0251 1.0293, -0.1764 4.029 1.0293, -0.1676 4.0251 1.0086, -0.1676 4.029 1.0086, -0.1633 4.0251 0.9842, -0.1633 4.029 0.9842, -0.163 4.0251 0.9744, -0.163 4.029 0.9744, -0.1667 4.0251 0.9441, -0.1667 4.029 0.9441, -0.1743 4.0251 0.9246, -0.1743 4.029 0.9246, -0.1854 4.0251 0.9086, -0.1854 4.029 0.9086, -0.187 4.0251 0.9069, -0.187 4.029 0.9069, -0.2196 4.0251 0.8861, -0.202 4.029 0.8944, -0.202 4.0251 0.8944, -0.2348 4.0251 0.883, -0.2399 4.029 0.8819, -0.2196 4.029 0.8861, -0.2399 4.0251 0.8819, -0.4408 4.029 0.9059, -0.4408 4.029 0.8846, -0.4408 4.0251 0.9059, -0.4408 4.0251 0.8846, -0.4148 4.0251 0.9059, -0.4012 4.0251 0.9059, -0.3644 4.029 0.9059, -0.3644 4.0251 0.9059, -0.3644 4.029 0.9687, -0.3644 4.0251 0.9687, -0.4012 4.0251 0.9687, -0.4312 4.029 0.9687, -0.4148 4.0251 0.9687, -0.4312 4.0251 0.9687, -0.4312 4.029 0.9901, -0.4312 4.0251 0.9901, -0.3644 4.0251 0.9901, -0.3644 4.029 0.9901, -0.4012 4.0251 0.9901, -0.4148 4.0251 0.9901, -0.3644 4.029 1.0499, -0.3644 4.0251 1.0499, -0.4012 4.0251 1.0499, -0.4365 4.029 1.0499, -0.4148 4.0251 1.0499, -0.4365 4.0251 1.0499, -0.4365 4.029 1.0714, -0.4365 4.0251 1.0714, -0.3403 4.0251 1.0714, -0.3403 4.029 1.0714, -0.4012 4.0251 1.0714, -0.4148 4.0251 1.0714, -0.3403 4.029 0.8846, -0.3403 4.0251 0.8846, -0.4012 4.0251 0.8846, -0.4148 4.0251 0.8846, -0.6 4.029 0.9107, -0.5806 4.029 0.9233, -0.5804 4.029 0.8967, -0.5686 4.029 0.9149, -0.5591 4.029 0.8884, -0.5531 4.029 0.9089, -0.5274 4.029 0.8846, -0.5273 4.029 0.9059, -0.4761 4.029 0.8846, -0.5002 4.029 0.9059, -0.4761 4.029 1.0714, -0.5002 4.029 1.0499, -0.5293 4.029 1.0714, -0.5284 4.029 1.0499, -0.5302 4.029 1.0499, -0.5579 4.029 1.0682, -0.5541 4.029 1.0468, -0.5804 4.029 1.06, -0.57 4.029 1.0407, -0.6 4.029 1.0466, -0.5823 4.029 1.0323, -0.6066 4.029 1.0402, -0.5875 4.029 1.0272, -0.6182 4.029 1.0239, -0.5948 4.029 1.0167, -0.6251 4.029 1.0061, -0.6 4.029 1.003, -0.6282 4.029 0.9804, -0.6028 4.029 0.9797, -0.6276 4.029 0.9684, -0.6021 4.029 0.9669, -0.6231 4.029 0.9466, -0.5983 4.029 0.95, -0.6139 4.029 0.9273, -0.5918 4.029 0.9363, -0.5828 4.029 0.9253, -0.5274 4.0251 0.8846, -0.4761 4.0251 0.8846, -0.6 4.0251 0.9107, -0.5591 4.0251 0.8884, -0.5616 4.0251 0.8894, -0.5804 4.0251 0.8967, -0.6139 4.0251 0.9273, -0.6231 4.0251 0.9466, -0.6276 4.0251 0.9684, -0.6282 4.0251 0.9804, -0.6251 4.0251 1.0061, -0.6182 4.0251 1.0239, -0.6066 4.0251 1.0402, -0.6 4.0251 1.0466, -0.5804 4.0251 1.06, -0.5616 4.0251 1.0669, -0.5579 4.0251 1.0682, -0.5293 4.0251 1.0714, -0.4761 4.0251 1.0714, -0.5284 4.0251 1.0499, -0.5002 4.0251 1.0499, -0.5002 4.0251 0.9059, -0.5273 4.0251 0.9059, -0.5828 4.0251 0.9253, -0.5806 4.0251 0.9233, -0.5686 4.0251 0.9149, -0.5531 4.0251 0.9089, -0.6028 4.0251 0.9797, -0.6021 4.0251 0.9669, -0.5983 4.0251 0.95, -0.5918 4.0251 0.9363, -0.5823 4.0251 1.0323, -0.5875 4.0251 1.0272, -0.5948 4.0251 1.0167, -0.6 4.0251 1.003, -0.5302 4.0251 1.0499, -0.5541 4.0251 1.0468, -0.57 4.0251 1.0407
            ]
        }
        coordIndex [
            0,1,2,-1,2,1,3,-1,4,0,5,-1,5,0,2,-1,6,4,7,-1,7,4,5,-1,8,6,9,-1,9,6,7,-1,10,8,11,-1,11,8,9,-1,1,10,3,-1,3,10,11,-1,6,8,4,-1,4,8,10,-1,4,10,0,-1,0,10,1,-1,12,13,14,-1,14,15,12,-1,12,15,16,-1,12,16,17,-1,17,16,18,-1,18,19,17,-1,17,19,20,-1,17,20,21,-1,22,21,23,-1,23,21,20,-1,22,23,24,-1,22,24,25,-1,24,26,25,-1,25,26,27,-1,25,27,28,-1,28,27,29,-1,28,29,30,-1,30,29,31,-1,30,31,32,-1,32,31,33,-1,32,33,34,-1,34,33,35,-1,34,35,36,-1,36,35,37,-1,36,37,38,-1,38,37,39,-1,38,39,40,-1,40,39,41,-1,40,41,42,-1,42,41,43,-1,42,43,44,-1,44,43,45,-1,44,45,46,-1,46,45,47,-1,46,47,48,-1,48,47,49,-1,48,49,50,-1,50,49,51,-1,50,51,52,-1,52,51,53,-1,52,53,54,-1,54,53,55,-1,54,55,56,-1,56,55,57,-1,56,57,58,-1,58,57,59,-1,58,59,60,-1,60,59,61,-1,60,61,62,-1,62,61,63,-1,64,65,63,-1,63,65,66,-1,63,66,62,-1,64,67,65,-1,65,67,68,-1,65,68,69,-1,70,69,71,-1,71,69,68,-1,70,71,72,-1,70,72,73,-1,74,75,76,-1,76,75,73,-1,76,73,77,-1,77,73,72,-1,75,74,78,-1,75,78,79,-1,78,80,79,-1,79,80,81,-1,79,81,82,-1,82,81,83,-1,82,83,84,-1,84,83,85,-1,84,85,86,-1,86,85,87,-1,86,87,88,-1,88,87,89,-1,88,89,90,-1,90,89,91,-1,90,91,92,-1,92,91,93,-1,92,93,94,-1,94,93,95,-1,94,95,96,-1,96,95,97,-1,96,97,98,-1,98,97,99,-1,98,99,100,-1,100,99,101,-1,100,101,102,-1,103,104,105,-1,105,104,102,-1,105,102,101,-1,106,107,103,-1,103,107,108,-1,103,108,104,-1,106,109,107,-1,107,109,14,-1,107,14,13,-1,56,58,79,-1,48,50,88,-1,88,50,86,-1,79,58,75,-1,94,46,92,-1,92,46,48,-1,92,48,90,-1,90,48,88,-1,58,60,75,-1,75,60,62,-1,75,62,73,-1,73,62,66,-1,73,66,70,-1,70,66,65,-1,70,65,69,-1,21,22,17,-1,17,22,25,-1,17,25,12,-1,12,25,28,-1,12,28,13,-1,13,28,30,-1,13,30,107,-1,107,30,32,-1,107,32,108,-1,108,32,34,-1,108,34,104,-1,104,34,36,-1,104,36,102,-1,102,36,38,-1,102,38,100,-1,100,38,40,-1,100,40,98,-1,98,40,96,-1,96,40,42,-1,96,42,94,-1,94,42,44,-1,94,44,46,-1,50,52,86,-1,86,52,54,-1,86,54,84,-1,84,54,56,-1,84,56,82,-1,82,56,79,-1,110,111,112,-1,112,111,113,-1,112,114,110,-1,110,114,115,-1,110,115,116,-1,116,115,117,-1,118,116,119,-1,119,116,117,-1,118,119,120,-1,118,120,121,-1,121,120,122,-1,121,122,123,-1,124,121,125,-1,125,121,123,-1,126,127,128,-1,128,127,124,-1,128,124,129,-1,129,124,125,-1,130,127,131,-1,131,127,126,-1,130,131,132,-1,130,132,133,-1,133,132,134,-1,133,134,135,-1,136,133,137,-1,137,133,135,-1,138,139,140,-1,140,139,136,-1,140,136,141,-1,141,136,137,-1,142,139,143,-1,143,139,138,-1,142,143,144,-1,142,144,111,-1,111,144,145,-1,111,145,113,-1,142,111,110,-1,110,116,142,-1,142,116,118,-1,142,118,139,-1,133,136,130,-1,130,136,139,-1,130,139,127,-1,127,139,118,-1,127,118,124,-1,124,118,121,-1,146,147,148,-1,148,147,149,-1,148,149,150,-1,150,149,151,-1,150,151,152,-1,152,151,153,-1,152,153,154,-1,154,153,155,-1,154,155,156,-1,156,155,157,-1,156,157,158,-1,157,159,158,-1,158,159,160,-1,158,160,161,-1,161,160,162,-1,161,162,163,-1,163,162,164,-1,163,164,165,-1,165,164,166,-1,165,166,167,-1,167,166,168,-1,167,168,169,-1,169,168,170,-1,169,170,171,-1,171,170,172,-1,171,172,173,-1,173,172,174,-1,173,174,175,-1,175,174,176,-1,175,176,177,-1,177,176,178,-1,177,178,179,-1,179,178,180,-1,179,180,146,-1,146,180,181,-1,146,181,147,-1,152,154,182,-1,182,154,183,-1,184,146,148,-1,152,182,185,-1,152,185,150,-1,150,185,186,-1,150,186,148,-1,148,186,187,-1,148,187,184,-1,146,184,188,-1,146,188,179,-1,179,188,189,-1,179,189,177,-1,177,189,190,-1,177,190,175,-1,175,190,191,-1,175,191,173,-1,173,191,192,-1,173,192,171,-1,171,192,193,-1,171,193,169,-1,169,193,194,-1,169,194,167,-1,167,194,195,-1,167,195,165,-1,165,195,196,-1,197,161,196,-1,196,161,163,-1,196,163,165,-1,197,198,161,-1,161,198,199,-1,161,199,158,-1,156,158,200,-1,200,158,199,-1,154,156,183,-1,183,156,200,-1,159,157,201,-1,201,157,202,-1,157,155,202,-1,202,155,203,-1,155,153,203,-1,203,153,204,-1,181,205,206,-1,181,206,147,-1,147,206,207,-1,147,207,149,-1,149,207,208,-1,149,208,151,-1,151,208,204,-1,151,204,153,-1,174,209,210,-1,174,210,176,-1,176,210,211,-1,176,211,178,-1,178,211,212,-1,178,212,180,-1,180,212,205,-1,180,205,181,-1,166,213,214,-1,166,214,168,-1,168,214,215,-1,168,215,170,-1,170,215,216,-1,170,216,172,-1,172,216,209,-1,172,209,174,-1,159,201,217,-1,159,217,160,-1,160,217,218,-1,160,218,162,-1,162,218,219,-1,162,219,164,-1,164,219,213,-1,164,213,166,-1,
        ]
    }
}
Shape{
    appearance Appearance {
        material  Material {
            diffuseColor 0.7529411764705882 0.7529411764705882 0.7529411764705882
            specularColor 0.3764705882352941 0.3764705882352941 0.3764705882352941
            ambientIntensity 0.7529
            transparency 0.0
            shininess 0.5
        }
    }
    geometry IndexedFaceSet {
        ccw TRUE
        solid FALSE
        coord DEF co Coordinate {
            point [
                -0.5686 4.0251 0.9149, -0.5806 4.0251 0.9233, -0.5302 4.0251 1.0499, -0.5002 4.0251 1.0499, -0.5002 4.0251 0.9059, -0.5284 4.0251 1.0499, -0.5273 4.0251 0.9059, -0.5531 4.0251 0.9089, -0.5828 4.0251 0.9253, -0.5918 4.0251 0.9363, -0.5983 4.0251 0.95, -0.6028 4.0251 0.9797, -0.5823 4.0251 1.0323, -0.57 4.0251 1.0407, -0.6 4.0251 1.003, -0.5948 4.0251 1.0167, -0.5875 4.0251 1.0272, -0.6021 4.0251 0.9669, -0.5541 4.0251 1.0468
            ]
        }
        coordIndex [
            0,1,2,-1,3,4,5,-1,5,4,6,-1,5,6,2,-1,2,6,7,-1,2,7,0,-1,1,8,2,-1,2,8,9,-1,2,9,10,-1,11,12,13,-1,14,15,11,-1,11,15,16,-1,11,16,12,-1,10,17,2,-1,2,17,11,-1,2,11,18,-1,18,11,13,-1,
        ]
    }
}
Shape{
    appearance Appearance {
        material  Material {
            diffuseColor 0.0 0.0 0.0
            specularColor 0.0 0.0 0.0
            ambientIntensity 0.0
            transparency 0.0
            shininess 0.5
        }
    }
    geometry IndexedFaceSet {
        ccw TRUE
        solid FALSE
        coord DEF co Coordinate {
            point [
                -0.6908 4.029 0.9568, -0.7187 4.029 1.0344, -0.7097 4.029 1.0714, -0.6385 4.029 0.8846, -0.6652 4.029 0.8846, -0.6831 4.029 0.9357, -0.7203 4.029 1.04, -0.7218 4.029 1.0475, -0.7355 4.029 1.0714, -0.7223 4.029 1.0475, -0.7238 4.029 1.0396, -0.7253 4.029 1.0344, -0.7535 4.029 0.9568, -0.8066 4.029 0.8846, -0.78 4.029 0.8846, -0.7609 4.029 0.9357, -0.7355 4.0251 1.0714, -0.8066 4.0251 0.8846, -0.7097 4.0251 1.0714, -0.6385 4.0251 0.8846, -0.6924 4.0251 1.0259, -0.6652 4.0251 0.8846, -0.6831 4.0251 0.9357, -0.7609 4.0251 0.9357, -0.6924 4.0251 0.9357, -0.78 4.0251 0.8846, -0.6908 4.0251 0.9568, -0.7535 4.0251 0.9568, -0.7253 4.0251 1.0344, -0.7223 4.0251 1.0475, -0.7238 4.0251 1.0396, -0.7218 4.0251 1.0475, -0.7187 4.0251 1.0344, -0.7203 4.0251 1.04
            ]
        }
        coordIndex [
            0,1,2,-1,3,4,5,-1,1,6,2,-1,2,6,7,-1,2,7,8,-1,8,7,9,-1,8,9,10,-1,10,11,8,-1,8,11,12,-1,8,12,13,-1,14,13,15,-1,15,13,12,-1,15,12,5,-1,5,12,0,-1,5,0,3,-1,3,0,2,-1,8,13,16,-1,16,13,17,-1,2,8,18,-1,18,8,16,-1,19,3,20,-1,20,3,2,-1,20,2,18,-1,4,3,21,-1,21,3,19,-1,5,4,22,-1,22,4,21,-1,23,15,24,-1,24,15,5,-1,24,5,22,-1,14,15,25,-1,25,15,23,-1,13,14,17,-1,17,14,25,-1,0,12,26,-1,26,12,27,-1,12,11,27,-1,27,11,28,-1,9,29,30,-1,9,30,10,-1,10,30,28,-1,10,28,11,-1,9,7,29,-1,29,7,31,-1,1,32,33,-1,1,33,6,-1,6,33,31,-1,6,31,7,-1,1,0,32,-1,32,0,26,-1,
        ]
    }
}
Shape{
    appearance Appearance {
        material  Material {
            diffuseColor 0.7529411764705882 0.7529411764705882 0.7529411764705882
            specularColor 0.3764705882352941 0.3764705882352941 0.3764705882352941
            ambientIntensity 0.7529
            transparency 0.0
            shininess 0.5
        }
    }
    geometry IndexedFaceSet {
        ccw TRUE
        solid FALSE
        coord DEF co Coordinate {
            point [
                -0.7223 4.0251 1.0475, -0.7218 4.0251 1.0475, -0.7238 4.0251 1.0396, -0.7203 4.0251 1.04, -0.7253 4.0251 1.0344, -0.7187 4.0251 1.0344, -0.7535 4.0251 0.9568, -0.6908 4.0251 0.9568
            ]
        }
        coordIndex [
            0,1,2,-1,2,1,3,-1,2,3,4,-1,4,3,5,-1,4,5,6,-1,6,5,7,-1,
        ]
    }
}
Shape{
    appearance Appearance {
        material  Material {
            diffuseColor 0.0 0.0 0.0
            specularColor 0.0 0.0 0.0
            ambientIntensity 0.0
            transparency 0.0
            shininess 0.5
        }
    }
    geometry IndexedFaceSet {
        ccw TRUE
        solid FALSE
        coord DEF co Coordinate {
            point [
                -0.1573 4.029 0.6095, -0.1573 4.029 0.5882, -0.1573 4.0251 0.6095, -0.1573 4.0251 0.5882, -0.0809 4.029 0.6095, -0.0809 4.0251 0.6095, -0.0809 4.029 0.6723, -0.0809 4.0251 0.6723, -0.1478 4.029 0.6723, -0.1478 4.0251 0.6723, -0.1478 4.029 0.6937, -0.1478 4.0251 0.6937, -0.0809 4.029 0.6937, -0.0809 4.0251 0.6937, -0.0809 4.029 0.7535, -0.0809 4.0251 0.7535, -0.1531 4.029 0.7535, -0.1531 4.0251 0.7535, -0.1531 4.029 0.775, -0.1531 4.0251 0.775, -0.0568 4.029 0.775, -0.0568 4.0251 0.775, -0.0568 4.029 0.5882, -0.0568 4.0251 0.5882, -0.2635 4.029 0.5882, -0.2869 4.029 0.5882, -0.2635 4.029 0.6088, -0.2869 4.029 0.674, -0.2323 4.029 0.6509, -0.2635 4.029 0.6551, -0.2635 4.029 0.6423, -0.2629 4.029 0.6088, -0.2506 4.029 0.6122, -0.2567 4.029 0.6001, -0.244 4.029 0.6078, -0.1968 4.029 0.6583, -0.1895 4.029 0.6521, -0.2069 4.029 0.6392, -0.2635 4.029 0.6408, -0.262 4.029 0.6303, -0.2586 4.029 0.622, -0.2535 4.029 0.6151, -0.1928 4.029 0.7122, -0.1928 4.029 0.6895, -0.1976 4.029 0.7151, -0.2066 4.029 0.6985, -0.215 4.029 0.7218, -0.2212 4.029 0.7039, -0.2387 4.029 0.7247, -0.2365 4.029 0.7057, -0.2532 4.029 0.7233, -0.2444 4.029 0.7048, -0.2629 4.029 0.7203, -0.2499 4.029 0.7029, -0.2707 4.029 0.7158, -0.254 4.029 0.7003, -0.2769 4.029 0.7097, -0.2575 4.029 0.6965, -0.2816 4.029 0.7021, -0.2603 4.029 0.6917, -0.2852 4.029 0.6913, -0.2627 4.029 0.6833, -0.2635 4.029 0.673, -0.2048 4.029 0.6349, -0.1847 4.029 0.6455, -0.2036 4.029 0.6295, -0.224 4.029 0.6675, -0.2125 4.029 0.6449, -0.2178 4.029 0.6475, -0.2082 4.029 0.6122, -0.1912 4.029 0.5955, -0.2102 4.029 0.6102, -0.1991 4.029 0.59, -0.2149 4.029 0.6071, -0.208 4.029 0.5866, -0.2202 4.029 0.6051, -0.222 4.029 0.585, -0.2281 4.029 0.6042, -0.2354 4.029 0.5867, -0.2369 4.029 0.6052, -0.2447 4.029 0.5903, -0.249 4.029 0.593, -0.2097 4.029 0.6427, -0.207 4.029 0.6634, -0.1814 4.029 0.6373, -0.1798 4.029 0.6274, -0.2034 4.029 0.6258, -0.1797 4.029 0.6239, -0.204 4.029 0.6204, -0.1809 4.029 0.6132, -0.2056 4.029 0.6162, -0.1837 4.029 0.6053, -0.1886 4.029 0.5981, -0.2387 4.0251 0.7247, -0.215 4.0251 0.7218, -0.1976 4.0251 0.7151, -0.1928 4.0251 0.7122, -0.1928 4.0251 0.6895, -0.2066 4.0251 0.6985, -0.2212 4.0251 0.7039, -0.2365 4.0251 0.7057, -0.2444 4.0251 0.7048, -0.2499 4.0251 0.7029, -0.254 4.0251 0.7003, -0.2575 4.0251 0.6965, -0.2603 4.0251 0.6917, -0.2627 4.0251 0.6833, -0.2635 4.0251 0.673, -0.224 4.0251 0.6675, -0.207 4.0251 0.6634, -0.1968 4.0251 0.6583, -0.1895 4.0251 0.6521, -0.1847 4.0251 0.6455, -0.1814 4.0251 0.6373, -0.1798 4.0251 0.6274, -0.1797 4.0251 0.6239, -0.1809 4.0251 0.6132, -0.1837 4.0251 0.6053, -0.1886 4.0251 0.5981, -0.1912 4.0251 0.5955, -0.222 4.0251 0.585, -0.2085 4.0251 0.5866, -0.208 4.0251 0.5866, -0.1991 4.0251 0.59, -0.2347 4.0251 0.5866, -0.2354 4.0251 0.5867, -0.2447 4.0251 0.5903, -0.249 4.0251 0.593, -0.2567 4.0251 0.6001, -0.2629 4.0251 0.6088, -0.2635 4.0251 0.6088, -0.2635 4.0251 0.5882, -0.2869 4.0251 0.5882, -0.2869 4.0251 0.674, -0.2852 4.0251 0.6913, -0.2816 4.0251 0.7021, -0.2769 4.0251 0.7097, -0.2707 4.0251 0.7158, -0.2629 4.0251 0.7203, -0.2532 4.0251 0.7233, -0.2097 4.0251 0.6427, -0.2125 4.0251 0.6449, -0.2178 4.0251 0.6475, -0.2323 4.0251 0.6509, -0.2034 4.0251 0.6258, -0.2036 4.0251 0.6295, -0.2048 4.0251 0.6349, -0.2069 4.0251 0.6392, -0.2102 4.0251 0.6102, -0.2082 4.0251 0.6122, -0.2056 4.0251 0.6162, -0.204 4.0251 0.6204, -0.2281 4.0251 0.6042, -0.2202 4.0251 0.6051, -0.2149 4.0251 0.6071, -0.2535 4.0251 0.6151, -0.2506 4.0251 0.6122, -0.244 4.0251 0.6078, -0.2369 4.0251 0.6052, -0.2635 4.0251 0.6423, -0.2635 4.0251 0.6408, -0.262 4.0251 0.6303, -0.2586 4.0251 0.622, -0.2635 4.0251 0.6551
            ]
        }
        coordIndex [
            0,1,2,-1,2,1,3,-1,4,0,5,-1,5,0,2,-1,6,4,7,-1,7,4,5,-1,8,6,9,-1,9,6,7,-1,10,8,11,-1,11,8,9,-1,12,10,13,-1,13,10,11,-1,14,12,15,-1,15,12,13,-1,16,14,17,-1,17,14,15,-1,18,16,19,-1,19,16,17,-1,20,18,21,-1,21,18,19,-1,22,20,23,-1,23,20,21,-1,1,22,3,-1,3,22,23,-1,16,18,14,-1,14,18,20,-1,14,20,12,-1,1,0,22,-1,22,0,4,-1,22,4,6,-1,8,10,6,-1,6,10,12,-1,6,12,22,-1,22,12,20,-1,24,25,26,-1,26,25,27,-1,28,29,27,-1,27,29,30,-1,31,32,33,-1,33,32,34,-1,35,36,37,-1,30,38,27,-1,27,38,39,-1,27,39,26,-1,26,39,40,-1,26,40,31,-1,31,40,41,-1,31,41,32,-1,42,43,44,-1,44,43,45,-1,44,45,46,-1,46,45,47,-1,46,47,48,-1,48,47,49,-1,48,49,50,-1,50,49,51,-1,50,51,52,-1,52,51,53,-1,52,53,54,-1,54,53,55,-1,54,55,56,-1,56,55,57,-1,56,57,58,-1,58,57,59,-1,58,59,60,-1,60,59,61,-1,60,61,27,-1,27,61,62,-1,27,62,28,-1,37,36,63,-1,63,36,64,-1,63,64,65,-1,66,67,62,-1,62,67,68,-1,62,68,28,-1,69,70,71,-1,71,70,72,-1,71,72,73,-1,73,72,74,-1,73,74,75,-1,75,74,76,-1,75,76,77,-1,77,76,78,-1,77,78,79,-1,79,78,80,-1,79,80,34,-1,34,80,81,-1,34,81,33,-1,37,82,35,-1,35,82,67,-1,35,67,83,-1,83,67,66,-1,64,84,65,-1,65,84,85,-1,65,85,86,-1,86,85,87,-1,86,87,88,-1,88,87,89,-1,88,89,90,-1,90,89,91,-1,90,91,69,-1,69,91,92,-1,69,92,70,-1,48,93,94,-1,48,94,46,-1,46,94,95,-1,46,95,44,-1,44,95,96,-1,44,96,42,-1,43,42,97,-1,97,42,96,-1,43,97,98,-1,43,98,45,-1,45,98,99,-1,45,99,47,-1,47,99,100,-1,47,100,49,-1,49,100,101,-1,49,101,51,-1,51,101,102,-1,51,102,53,-1,53,102,103,-1,53,103,55,-1,55,103,104,-1,55,104,57,-1,57,104,105,-1,57,105,59,-1,59,105,106,-1,59,106,61,-1,61,106,107,-1,61,107,62,-1,66,62,108,-1,108,62,107,-1,66,108,109,-1,66,109,83,-1,83,109,110,-1,83,110,35,-1,35,110,111,-1,35,111,36,-1,36,111,112,-1,36,112,64,-1,64,112,113,-1,64,113,84,-1,84,113,114,-1,84,114,85,-1,85,114,115,-1,85,115,87,-1,87,115,116,-1,87,116,89,-1,89,116,117,-1,89,117,91,-1,91,117,118,-1,91,118,92,-1,92,118,119,-1,92,119,70,-1,120,76,121,-1,121,76,74,-1,121,74,122,-1,122,74,72,-1,122,72,123,-1,123,72,70,-1,123,70,119,-1,120,124,76,-1,76,124,78,-1,124,125,78,-1,78,125,126,-1,78,126,80,-1,80,126,127,-1,80,127,81,-1,81,127,128,-1,81,128,33,-1,33,128,129,-1,33,129,31,-1,26,31,130,-1,130,31,129,-1,24,26,131,-1,131,26,130,-1,25,24,132,-1,132,24,131,-1,27,25,133,-1,133,25,132,-1,27,133,134,-1,27,134,60,-1,60,134,135,-1,60,135,58,-1,58,135,136,-1,58,136,56,-1,56,136,137,-1,56,137,54,-1,54,137,138,-1,54,138,52,-1,52,138,139,-1,52,139,50,-1,50,139,93,-1,50,93,48,-1,82,140,141,-1,82,141,67,-1,67,141,142,-1,67,142,68,-1,68,142,143,-1,68,143,28,-1,86,144,145,-1,86,145,65,-1,65,145,146,-1,65,146,63,-1,63,146,147,-1,63,147,37,-1,37,147,140,-1,37,140,82,-1,71,148,149,-1,71,149,69,-1,69,149,150,-1,69,150,90,-1,90,150,151,-1,90,151,88,-1,88,151,144,-1,88,144,86,-1,77,152,153,-1,77,153,75,-1,75,153,154,-1,75,154,73,-1,73,154,148,-1,73,148,71,-1,41,155,156,-1,41,156,32,-1,32,156,157,-1,32,157,34,-1,34,157,158,-1,34,158,79,-1,79,158,152,-1,79,152,77,-1,30,159,160,-1,30,160,38,-1,38,160,161,-1,38,161,39,-1,39,161,162,-1,39,162,40,-1,40,162,155,-1,40,155,41,-1,30,29,159,-1,159,29,163,-1,29,28,163,-1,163,28,143,-1,
        ]
    }
}
Shape{
    appearance Appearance {
        material  Material {
            diffuseColor 0.7529411764705882 0.7529411764705882 0.7529411764705882
            specularColor 0.3764705882352941 0.3764705882352941 0.3764705882352941
            ambientIntensity 0.7529
            transparency 0.0
            shininess 0.5
        }
    }
    geometry IndexedFaceSet {
        ccw TRUE
        solid FALSE
        coord DEF co Coordinate {
            point [
                -0.2635 4.0251 0.6408, -0.2635 4.0251 0.6423, -0.2097 4.0251 0.6427, -0.2635 4.0251 0.6551, -0.2323 4.0251 0.6509, -0.2178 4.0251 0.6475, -0.2125 4.0251 0.6449, -0.262 4.0251 0.6303, -0.2069 4.0251 0.6392, -0.2586 4.0251 0.622, -0.2082 4.0251 0.6122, -0.2102 4.0251 0.6102, -0.2506 4.0251 0.6122, -0.2056 4.0251 0.6162, -0.244 4.0251 0.6078, -0.2369 4.0251 0.6052, -0.2281 4.0251 0.6042, -0.2048 4.0251 0.6349, -0.2036 4.0251 0.6295, -0.2535 4.0251 0.6151, -0.2034 4.0251 0.6258, -0.204 4.0251 0.6204, -0.2149 4.0251 0.6071, -0.2202 4.0251 0.6051
            ]
        }
        coordIndex [
            0,1,2,-1,1,3,4,-1,4,5,1,-1,1,5,6,-1,1,6,2,-1,0,2,7,-1,7,2,8,-1,7,8,9,-1,10,11,12,-1,10,12,13,-1,14,12,15,-1,15,12,16,-1,8,17,9,-1,9,17,18,-1,9,18,19,-1,19,18,20,-1,19,20,12,-1,12,20,21,-1,12,21,13,-1,11,22,12,-1,12,22,23,-1,12,23,16,-1,
        ]
    }
}
Shape{
    appearance Appearance {
        material  Material {
            diffuseColor 0.0 0.0 0.0
            specularColor 0.0 0.0 0.0
            ambientIntensity 0.0
            transparency 0.0
            shininess 0.5
        }
    }
    geometry IndexedFaceSet {
        ccw TRUE
        solid FALSE
        coord DEF co Coordinate {
            point [
                -0.3571 4.029 0.6041, -0.3571 4.0251 0.6041, -0.3427 4.0251 0.6058, -0.3427 4.029 0.6058, -0.328 4.0251 0.6113, -0.328 4.029 0.6113, -0.3186 4.0251 0.617, -0.3186 4.029 0.617, -0.3186 4.029 0.5929, -0.3186 4.0251 0.5929, -0.3548 4.0251 0.585, -0.3548 4.029 0.585, -0.3414 4.0251 0.5866, -0.3329 4.029 0.5876, -0.3329 4.0251 0.5876, -0.3758 4.029 0.5875, -0.3683 4.0251 0.5866, -0.3758 4.0251 0.5875, -0.3881 4.0251 0.5922, -0.3881 4.029 0.5922, -0.3937 4.0251 0.5956, -0.3937 4.029 0.5956, -0.4004 4.0251 0.6015, -0.4004 4.029 0.6015, -0.4012 4.0251 0.6026, -0.4048 4.029 0.6077, -0.4048 4.0251 0.6077, -0.4076 4.0251 0.6151, -0.4076 4.029 0.6151, -0.4088 4.0251 0.6245, -0.4088 4.029 0.6245, -0.4009 4.0251 0.6465, -0.4009 4.029 0.6465, -0.4012 4.0251 0.6461, -0.4053 4.029 0.6401, -0.4053 4.0251 0.6401, -0.4078 4.029 0.6332, -0.4078 4.0251 0.6332, -0.3953 4.0251 0.6515, -0.3953 4.029 0.6515, -0.3798 4.0251 0.6602, -0.3798 4.029 0.6602, -0.3707 4.0251 0.6638, -0.3707 4.029 0.6638, -0.3563 4.0251 0.6701, -0.3563 4.029 0.6701, -0.348 4.0251 0.6753, -0.348 4.029 0.6753, -0.3457 4.0251 0.6778, -0.3457 4.029 0.6778, -0.344 4.0251 0.681, -0.344 4.029 0.681, -0.3431 4.0251 0.6846, -0.3431 4.029 0.6846, -0.3429 4.0251 0.6877, -0.3429 4.029 0.6877, -0.3433 4.0251 0.6914, -0.3433 4.029 0.6914, -0.3445 4.0251 0.6946, -0.3445 4.029 0.6946, -0.3465 4.0251 0.6976, -0.3465 4.029 0.6976, -0.35 4.0251 0.7007, -0.35 4.029 0.7007, -0.3553 4.0251 0.7035, -0.3553 4.029 0.7035, -0.3615 4.0251 0.7051, -0.3615 4.029 0.7051, -0.3685 4.0251 0.7057, -0.3685 4.029 0.7057, -0.4024 4.0251 0.696, -0.4024 4.029 0.696, -0.4012 4.0251 0.6967, -0.3967 4.029 0.6992, -0.3967 4.0251 0.6992, -0.3835 4.029 0.704, -0.3835 4.0251 0.704, -0.4024 4.029 0.7187, -0.4024 4.0251 0.7187, -0.3707 4.0251 0.7247, -0.3707 4.029 0.7247, -0.3872 4.029 0.7232, -0.4012 4.0251 0.7191, -0.3872 4.0251 0.7232, -0.3543 4.0251 0.723, -0.3543 4.029 0.723, -0.3413 4.0251 0.7185, -0.3413 4.029 0.7185, -0.3338 4.0251 0.7141, -0.3338 4.029 0.7141, -0.3268 4.0251 0.7078, -0.3268 4.029 0.7078, -0.3225 4.0251 0.7015, -0.3225 4.029 0.7015, -0.3197 4.0251 0.694, -0.3197 4.029 0.694, -0.3188 4.0251 0.6856, -0.3188 4.029 0.6856, -0.3198 4.0251 0.6765, -0.3198 4.029 0.6765, -0.3224 4.0251 0.6694, -0.3224 4.029 0.6694, -0.3254 4.0251 0.6645, -0.3254 4.029 0.6645, -0.3293 4.0251 0.6605, -0.3293 4.029 0.6605, -0.3403 4.0251 0.6532, -0.3403 4.029 0.6532, -0.3542 4.0251 0.6468, -0.3542 4.029 0.6468, -0.3696 4.0251 0.6404, -0.3696 4.029 0.6404, -0.3787 4.0251 0.6349, -0.3787 4.029 0.6349, -0.3816 4.0251 0.6318, -0.3816 4.029 0.6318, -0.3834 4.0251 0.6287, -0.3834 4.029 0.6287, -0.3845 4.0251 0.6251, -0.3845 4.029 0.6251, -0.3847 4.0251 0.6222, -0.3847 4.029 0.6222, -0.3843 4.0251 0.6177, -0.3843 4.029 0.6177, -0.3831 4.0251 0.6144, -0.3831 4.029 0.6144, -0.381 4.0251 0.6114, -0.381 4.029 0.6114, -0.3783 4.0251 0.609, -0.3783 4.029 0.609, -0.3762 4.0251 0.6077, -0.3762 4.029 0.6077, -0.3702 4.0251 0.6055, -0.3702 4.029 0.6055, -0.3582 4.0251 0.6041, -0.3582 4.029 0.6041, -0.5248 4.029 0.7216, -0.549 4.029 0.7216, -0.5248 4.0251 0.7216, -0.549 4.0251 0.7216, -0.4883 4.029 0.6211, -0.4883 4.0251 0.6211, -0.4865 4.0251 0.6149, -0.4865 4.029 0.6149, -0.4855 4.0251 0.6103, -0.4855 4.029 0.6103, -0.4848 4.029 0.6103, -0.4848 4.0251 0.6103, -0.482 4.029 0.6213, -0.482 4.0251 0.6213, -0.4471 4.029 0.7216, -0.4471 4.0251 0.7216, -0.4209 4.029 0.7216, -0.4209 4.0251 0.7216, -0.4733 4.029 0.5885, -0.4733 4.0251 0.5885, -0.463 4.0251 0.5642, -0.463 4.029 0.5642, -0.4725 4.0251 0.5866, -0.4584 4.0251 0.5557, -0.4584 4.029 0.5557, -0.454 4.0251 0.5509, -0.454 4.029 0.5509, -0.45 4.0251 0.5481, -0.45 4.029 0.5481, -0.4449 4.0251 0.5461, -0.4449 4.029 0.5461, -0.439 4.0251 0.5454, -0.439 4.029 0.5454, -0.4305 4.0251 0.5465, -0.4305 4.029 0.5465, -0.4258 4.0251 0.5481, -0.4258 4.029 0.5481, -0.4258 4.029 0.5272, -0.4258 4.0251 0.5272, -0.4357 4.0251 0.5255, -0.4357 4.029 0.5255, -0.4409 4.0251 0.5253, -0.4409 4.029 0.5253, -0.4503 4.0251 0.5264, -0.4503 4.029 0.5264, -0.4595 4.0251 0.5299, -0.4595 4.029 0.5299, -0.4677 4.0251 0.5356, -0.4677 4.029 0.5356, -0.4693 4.0251 0.5371, -0.4693 4.029 0.5371, -0.4779 4.0251 0.5474, -0.4779 4.029 0.5474, -0.4885 4.0251 0.568, -0.4885 4.029 0.568, -0.4958 4.0251 0.5866, -0.6747 4.029 0.6095, -0.6747 4.029 0.5882, -0.6747 4.0251 0.6095, -0.6747 4.0251 0.5882, -0.5984 4.0251 0.6095, -0.5984 4.029 0.6095, -0.6333 4.0251 0.6095, -0.5984 4.029 0.6723, -0.5984 4.0251 0.6723, -0.6652 4.0251 0.6723, -0.6652 4.029 0.6723, -0.6333 4.0251 0.6723, -0.6652 4.029 0.6937, -0.6652 4.0251 0.6937, -0.5984 4.0251 0.6937, -0.5984 4.029 0.6937, -0.6333 4.0251 0.6937, -0.5984 4.029 0.7535, -0.5984 4.0251 0.7535, -0.6705 4.0251 0.7535, -0.6705 4.029 0.7535, -0.6333 4.0251 0.7535, -0.6705 4.029 0.775, -0.6705 4.0251 0.775, -0.5742 4.0251 0.775, -0.5742 4.029 0.775, -0.6333 4.0251 0.775, -0.5742 4.029 0.5882, -0.5742 4.0251 0.5882, -0.6333 4.0251 0.5882, -0.8339 4.029 0.6143, -0.8146 4.029 0.6269, -0.8144 4.029 0.6003, -0.8025 4.029 0.6185, -0.7931 4.029 0.592, -0.7871 4.029 0.6126, -0.7614 4.029 0.5882, -0.7613 4.029 0.6095, -0.71 4.029 0.5882, -0.7341 4.029 0.6095, -0.71 4.029 0.775, -0.7341 4.029 0.7535, -0.7633 4.029 0.775, -0.7624 4.029 0.7535, -0.7641 4.029 0.7535, -0.7918 4.029 0.7719, -0.7881 4.029 0.7504, -0.8144 4.029 0.7636, -0.804 4.029 0.7443, -0.8339 4.029 0.7503, -0.8163 4.029 0.7359, -0.8406 4.029 0.7438, -0.8215 4.029 0.7308, -0.8521 4.029 0.7275, -0.8287 4.029 0.7203, -0.859 4.029 0.7097, -0.834 4.029 0.7066, -0.8621 4.029 0.684, -0.8368 4.029 0.6833, -0.8616 4.029 0.6721, -0.836 4.029 0.6706, -0.857 4.029 0.6502, -0.8323 4.029 0.6536, -0.8478 4.029 0.6309, -0.8257 4.029 0.6399, -0.8168 4.029 0.629, -0.7614 4.0251 0.5882, -0.71 4.0251 0.5882, -0.7931 4.0251 0.592, -0.8144 4.0251 0.6003, -0.8339 4.0251 0.6143, -0.8478 4.0251 0.6309, -0.857 4.0251 0.6502, -0.8616 4.0251 0.6721, -0.8621 4.0251 0.684, -0.859 4.0251 0.7097, -0.8521 4.0251 0.7275, -0.8406 4.0251 0.7438, -0.8339 4.0251 0.7503, -0.8144 4.0251 0.7636, -0.7918 4.0251 0.7719, -0.7633 4.0251 0.775, -0.71 4.0251 0.775, -0.7624 4.0251 0.7535, -0.7341 4.0251 0.7535, -0.7341 4.0251 0.6095, -0.7613 4.0251 0.6095, -0.8168 4.0251 0.629, -0.8146 4.0251 0.6269, -0.8025 4.0251 0.6185, -0.7871 4.0251 0.6126, -0.8368 4.0251 0.6833, -0.836 4.0251 0.6706, -0.8323 4.0251 0.6536, -0.8257 4.0251 0.6399, -0.8163 4.0251 0.7359, -0.8215 4.0251 0.7308, -0.8287 4.0251 0.7203, -0.834 4.0251 0.7066, -0.7641 4.0251 0.7535, -0.7881 4.0251 0.7504, -0.804 4.0251 0.7443
            ]
        }
        coordIndex [
            0,1,2,-1,0,2,3,-1,3,2,4,-1,3,4,5,-1,5,4,6,-1,5,6,7,-1,8,7,9,-1,9,7,6,-1,10,11,12,-1,12,11,13,-1,12,13,14,-1,14,13,8,-1,14,8,9,-1,11,10,15,-1,15,10,16,-1,16,17,15,-1,15,17,18,-1,15,18,19,-1,19,18,20,-1,19,20,21,-1,21,20,22,-1,21,22,23,-1,23,22,24,-1,23,24,25,-1,24,26,25,-1,25,26,27,-1,25,27,28,-1,28,27,29,-1,28,29,30,-1,31,32,33,-1,33,32,34,-1,33,34,35,-1,35,34,36,-1,35,36,37,-1,37,36,30,-1,37,30,29,-1,32,31,38,-1,32,38,39,-1,39,38,40,-1,39,40,41,-1,41,40,42,-1,41,42,43,-1,43,42,44,-1,43,44,45,-1,45,44,46,-1,45,46,47,-1,47,46,48,-1,47,48,49,-1,49,48,50,-1,49,50,51,-1,51,50,52,-1,51,52,53,-1,53,52,54,-1,53,54,55,-1,55,54,56,-1,55,56,57,-1,57,56,58,-1,57,58,59,-1,59,58,60,-1,59,60,61,-1,61,60,62,-1,61,62,63,-1,63,62,64,-1,63,64,65,-1,65,64,66,-1,65,66,67,-1,67,66,68,-1,67,68,69,-1,70,71,72,-1,72,71,73,-1,72,73,74,-1,74,73,75,-1,74,75,76,-1,76,75,69,-1,76,69,68,-1,77,71,78,-1,78,71,70,-1,79,80,81,-1,77,78,82,-1,77,82,81,-1,81,82,83,-1,81,83,79,-1,80,79,84,-1,80,84,85,-1,85,84,86,-1,85,86,87,-1,87,86,88,-1,87,88,89,-1,89,88,90,-1,89,90,91,-1,91,90,92,-1,91,92,93,-1,93,92,94,-1,93,94,95,-1,95,94,96,-1,95,96,97,-1,97,96,98,-1,97,98,99,-1,99,98,100,-1,99,100,101,-1,101,100,102,-1,101,102,103,-1,103,102,104,-1,103,104,105,-1,105,104,106,-1,105,106,107,-1,107,106,108,-1,107,108,109,-1,109,108,110,-1,109,110,111,-1,111,110,112,-1,111,112,113,-1,113,112,114,-1,113,114,115,-1,115,114,116,-1,115,116,117,-1,117,116,118,-1,117,118,119,-1,119,118,120,-1,119,120,121,-1,121,120,122,-1,121,122,123,-1,123,122,124,-1,123,124,125,-1,125,124,126,-1,125,126,127,-1,127,126,128,-1,127,128,129,-1,129,128,130,-1,129,130,131,-1,131,130,132,-1,131,132,133,-1,133,132,134,-1,133,134,135,-1,135,134,1,-1,135,1,0,-1,61,63,87,-1,87,63,85,-1,111,43,109,-1,109,43,45,-1,19,21,127,-1,127,21,23,-1,127,23,125,-1,125,23,25,-1,125,25,123,-1,123,25,28,-1,123,28,121,-1,121,28,30,-1,121,30,119,-1,119,30,36,-1,119,36,117,-1,117,36,34,-1,117,34,115,-1,115,34,32,-1,115,32,113,-1,113,32,39,-1,113,39,111,-1,111,39,41,-1,111,41,43,-1,11,0,13,-1,13,0,3,-1,13,3,8,-1,8,3,5,-1,8,5,7,-1,63,65,85,-1,85,65,67,-1,85,67,80,-1,80,67,69,-1,80,69,81,-1,81,69,75,-1,81,75,77,-1,77,75,73,-1,77,73,71,-1,127,129,19,-1,19,129,131,-1,19,131,15,-1,15,131,133,-1,15,133,11,-1,11,133,135,-1,11,135,0,-1,87,89,61,-1,61,89,91,-1,61,91,59,-1,59,91,93,-1,59,93,57,-1,57,93,95,-1,57,95,55,-1,55,95,97,-1,55,97,53,-1,53,97,99,-1,53,99,51,-1,51,99,101,-1,51,101,49,-1,49,101,103,-1,49,103,47,-1,47,103,105,-1,47,105,45,-1,45,105,107,-1,45,107,109,-1,136,137,138,-1,138,137,139,-1,140,136,141,-1,141,136,138,-1,140,141,142,-1,140,142,143,-1,143,142,144,-1,143,144,145,-1,146,145,147,-1,147,145,144,-1,148,146,149,-1,149,146,147,-1,150,148,151,-1,151,148,149,-1,152,150,153,-1,153,150,151,-1,154,152,155,-1,155,152,153,-1,156,157,158,-1,158,157,154,-1,158,154,155,-1,157,156,159,-1,157,159,160,-1,160,159,161,-1,160,161,162,-1,162,161,163,-1,162,163,164,-1,164,163,165,-1,164,165,166,-1,166,165,167,-1,166,167,168,-1,168,167,169,-1,168,169,170,-1,170,169,171,-1,170,171,172,-1,173,172,174,-1,174,172,171,-1,173,174,175,-1,173,175,176,-1,176,175,177,-1,176,177,178,-1,178,177,179,-1,178,179,180,-1,180,179,181,-1,180,181,182,-1,182,181,183,-1,182,183,184,-1,184,183,185,-1,184,185,186,-1,186,185,187,-1,186,187,188,-1,188,187,189,-1,188,189,190,-1,139,137,191,-1,191,137,190,-1,191,190,189,-1,143,145,190,-1,137,136,190,-1,190,136,140,-1,190,140,143,-1,150,152,148,-1,148,152,154,-1,148,154,146,-1,172,173,170,-1,170,173,176,-1,170,176,168,-1,168,176,178,-1,168,178,166,-1,166,178,180,-1,166,180,164,-1,164,180,182,-1,164,182,162,-1,145,146,190,-1,190,146,154,-1,190,154,188,-1,154,157,188,-1,188,157,160,-1,188,160,186,-1,186,160,162,-1,186,162,184,-1,184,162,182,-1,192,193,194,-1,194,193,195,-1,196,197,198,-1,198,197,192,-1,198,192,194,-1,199,197,200,-1,200,197,196,-1,201,202,203,-1,203,202,199,-1,203,199,200,-1,204,202,205,-1,205,202,201,-1,206,207,208,-1,208,207,204,-1,208,204,205,-1,209,207,210,-1,210,207,206,-1,211,212,213,-1,213,212,209,-1,213,209,210,-1,214,212,215,-1,215,212,211,-1,216,217,218,-1,218,217,214,-1,218,214,215,-1,219,217,220,-1,220,217,216,-1,195,193,221,-1,221,193,219,-1,221,219,220,-1,219,193,192,-1,192,197,219,-1,219,197,199,-1,219,199,217,-1,212,214,209,-1,209,214,217,-1,209,217,207,-1,207,217,199,-1,207,199,204,-1,204,199,202,-1,222,223,224,-1,224,223,225,-1,224,225,226,-1,226,225,227,-1,226,227,228,-1,228,227,229,-1,228,229,230,-1,230,229,231,-1,230,231,232,-1,232,231,233,-1,232,233,234,-1,233,235,234,-1,234,235,236,-1,234,236,237,-1,237,236,238,-1,237,238,239,-1,239,238,240,-1,239,240,241,-1,241,240,242,-1,241,242,243,-1,243,242,244,-1,243,244,245,-1,245,244,246,-1,245,246,247,-1,247,246,248,-1,247,248,249,-1,249,248,250,-1,249,250,251,-1,251,250,252,-1,251,252,253,-1,253,252,254,-1,253,254,255,-1,255,254,256,-1,255,256,222,-1,222,256,257,-1,222,257,223,-1,228,230,258,-1,258,230,259,-1,228,258,260,-1,228,260,226,-1,226,260,261,-1,226,261,224,-1,224,261,262,-1,224,262,222,-1,222,262,263,-1,222,263,255,-1,255,263,264,-1,255,264,253,-1,253,264,265,-1,253,265,251,-1,251,265,266,-1,251,266,249,-1,249,266,267,-1,249,267,247,-1,247,267,268,-1,247,268,245,-1,245,268,269,-1,245,269,243,-1,243,269,270,-1,243,270,241,-1,241,270,271,-1,241,271,239,-1,239,271,272,-1,239,272,237,-1,237,272,273,-1,237,273,234,-1,232,234,274,-1,274,234,273,-1,230,232,259,-1,259,232,274,-1,235,233,275,-1,275,233,276,-1,233,231,276,-1,276,231,277,-1,231,229,277,-1,277,229,278,-1,257,279,280,-1,257,280,223,-1,223,280,281,-1,223,281,225,-1,225,281,282,-1,225,282,227,-1,227,282,278,-1,227,278,229,-1,250,283,284,-1,250,284,252,-1,252,284,285,-1,252,285,254,-1,254,285,286,-1,254,286,256,-1,256,286,279,-1,256,279,257,-1,242,287,288,-1,242,288,244,-1,244,288,289,-1,244,289,246,-1,246,289,290,-1,246,290,248,-1,248,290,283,-1,248,283,250,-1,235,275,291,-1,235,291,236,-1,236,291,292,-1,236,292,238,-1,238,292,293,-1,238,293,240,-1,240,293,287,-1,240,287,242,-1,
        ]
    }
}
Shape{
    appearance Appearance {
        material  Material {
            diffuseColor 0.7529411764705882 0.7529411764705882 0.7529411764705882
            specularColor 0.3764705882352941 0.3764705882352941 0.3764705882352941
            ambientIntensity 0.7529
            transparency 0.0
            shininess 0.5
        }
    }
    geometry IndexedFaceSet {
        ccw TRUE
        solid FALSE
        coord DEF co Coordinate {
            point [
                -0.8025 4.0251 0.6185, -0.8146 4.0251 0.6269, -0.7641 4.0251 0.7535, -0.7341 4.0251 0.7535, -0.7341 4.0251 0.6095, -0.7624 4.0251 0.7535, -0.7613 4.0251 0.6095, -0.7871 4.0251 0.6126, -0.8168 4.0251 0.629, -0.8257 4.0251 0.6399, -0.8323 4.0251 0.6536, -0.8368 4.0251 0.6833, -0.8163 4.0251 0.7359, -0.804 4.0251 0.7443, -0.834 4.0251 0.7066, -0.8287 4.0251 0.7203, -0.8215 4.0251 0.7308, -0.836 4.0251 0.6706, -0.7881 4.0251 0.7504
            ]
        }
        coordIndex [
            0,1,2,-1,3,4,5,-1,5,4,6,-1,5,6,2,-1,2,6,7,-1,2,7,0,-1,1,8,2,-1,2,8,9,-1,2,9,10,-1,11,12,13,-1,14,15,11,-1,11,15,16,-1,11,16,12,-1,10,17,2,-1,2,17,11,-1,2,11,18,-1,18,11,13,-1,
        ]
    }
}
Shape{
    appearance Appearance {
        material  Material {
            diffuseColor 0.0 0.0 0.0
            specularColor 0.0 0.0 0.0
            ambientIntensity 0.0
            transparency 0.0
            shininess 0.5
        }
    }
    geometry IndexedFaceSet {
        ccw TRUE
        solid FALSE
        coord DEF co Coordinate {
            point [
                -0.9247 4.029 0.6604, -0.9527 4.029 0.738, -0.9436 4.029 0.775, -0.8725 4.029 0.5882, -0.8991 4.029 0.5882, -0.9171 4.029 0.6393, -0.9543 4.029 0.7436, -0.9557 4.029 0.7511, -0.9694 4.029 0.775, -0.9563 4.029 0.7511, -0.9578 4.029 0.7432, -0.9592 4.029 0.738, -0.9874 4.029 0.6604, -1.0406 4.029 0.5882, -1.0139 4.029 0.5882, -0.9949 4.029 0.6393, -0.9694 4.0251 0.775, -1.0406 4.0251 0.5882, -0.9436 4.0251 0.775, -0.8725 4.0251 0.5882, -0.8991 4.0251 0.5882, -0.9171 4.0251 0.6393, -0.9949 4.0251 0.6393, -1.0139 4.0251 0.5882, -0.9247 4.0251 0.6604, -0.9874 4.0251 0.6604, -0.9592 4.0251 0.738, -0.9563 4.0251 0.7511, -0.9578 4.0251 0.7432, -0.9557 4.0251 0.7511, -0.9527 4.0251 0.738, -0.9543 4.0251 0.7436
            ]
        }
        coordIndex [
            0,1,2,-1,3,4,5,-1,1,6,2,-1,2,6,7,-1,2,7,8,-1,8,7,9,-1,8,9,10,-1,10,11,8,-1,8,11,12,-1,8,12,13,-1,14,13,15,-1,15,13,12,-1,15,12,5,-1,5,12,0,-1,5,0,3,-1,3,0,2,-1,8,13,16,-1,16,13,17,-1,2,8,18,-1,18,8,16,-1,3,2,19,-1,19,2,18,-1,4,3,20,-1,20,3,19,-1,5,4,21,-1,21,4,20,-1,15,5,22,-1,22,5,21,-1,14,15,23,-1,23,15,22,-1,13,14,17,-1,17,14,23,-1,0,12,24,-1,24,12,25,-1,12,11,25,-1,25,11,26,-1,9,27,28,-1,9,28,10,-1,10,28,26,-1,10,26,11,-1,9,7,27,-1,27,7,29,-1,1,30,31,-1,1,31,6,-1,6,31,29,-1,6,29,7,-1,1,0,30,-1,30,0,24,-1,
        ]
    }
}
Shape{
    appearance Appearance {
        material  Material {
            diffuseColor 0.7529411764705882 0.7529411764705882 0.7529411764705882
            specularColor 0.3764705882352941 0.3764705882352941 0.3764705882352941
            ambientIntensity 0.7529
            transparency 0.0
            shininess 0.5
        }
    }
    geometry IndexedFaceSet {
        ccw TRUE
        solid FALSE
        coord DEF co Coordinate {
            point [
                -0.9563 4.0251 0.7511, -0.9557 4.0251 0.7511, -0.9578 4.0251 0.7432, -0.9543 4.0251 0.7436, -0.9592 4.0251 0.738, -0.9527 4.0251 0.738, -0.9874 4.0251 0.6604, -0.9247 4.0251 0.6604
            ]
        }
        coordIndex [
            0,1,2,-1,2,1,3,-1,2,3,4,-1,4,3,5,-1,4,5,6,-1,6,5,7,-1,
        ]
    }
}
Shape{
    appearance Appearance {
        material  Material {
            diffuseColor 0.0 0.0 0.0
            specularColor 0.0 0.0 0.0
            ambientIntensity 0.0
            transparency 0.0
            shininess 0.5
        }
    }
    geometry IndexedFaceSet {
        ccw TRUE
        solid FALSE
        coord DEF co Coordinate {
            point [
                0.7683 4.029 0.5617, 0.7485 4.029 0.5373, 0.7803 4.029 0.6792, 0.3366 4.029 0.7443, 0.3778 4.029 0.8147, 0.5558 4.029 0.7217, 0.6478 4.029 0.6824, 0.6353 4.029 0.6785, 0.8033 4.029 0.91, 0.7737 4.029 0.9257, 0.7808 4.029 1.0075, 0.6979 4.029 1.0113, 0.6567 4.029 0.9143, 0.6364 4.029 0.9563, 0.8092 4.029 0.697, 0.7984 4.029 0.5952, 0.7816 4.029 0.5902, 0.7285 4.029 1.0139, 0.6243 4.029 0.6717, 0.6153 4.029 0.6625, 0.5226 4.029 0.646, 0.6091 4.029 0.6518, 0.6056 4.029 0.6397, 0.5226 4.029 0.6327, 0.6051 4.029 0.6269, 0.6694 4.029 0.6816, 0.6871 4.029 0.7629, 0.681 4.029 0.6771, 0.7165 4.029 0.7517, 0.6914 4.029 0.6698, 0.7436 4.029 0.7329, 0.6976 4.029 0.6631, 0.7656 4.029 0.7077, 0.7043 4.029 0.652, 0.7079 4.029 0.6394, 0.6072 4.029 0.7579, 0.6392 4.029 0.7659, 0.6554 4.029 0.7669, 0.2928 4.029 0.8758, 0.2821 4.029 0.8758, 0.2277 4.029 0.9475, 0.2569 4.029 0.8727, 0.2211 4.029 0.9453, 0.2337 4.029 0.8637, 0.1816 4.029 0.9257, 0.1456 4.029 0.8952, 0.6707 4.029 1.043, 0.6067 4.029 0.9919, 0.6395 4.029 1.0697, 0.571 4.029 1.0179, 0.6019 4.029 1.0925, 0.7409 4.029 0.9335, 0.7271 4.029 0.9342, 0.7132 4.029 1.0131, 0.696 4.029 0.9304, 0.6662 4.029 0.9195, 0.1453 4.029 0.6473, 0.2073 4.029 0.7, 0.1815 4.029 0.6167, 0.2269 4.029 0.684, 0.222 4.029 0.5969, 0.2503 4.029 0.6731, 0.2662 4.029 0.5875, 0.2742 4.029 0.6686, 0.3446 4.029 0.5875, 0.334 4.029 0.6686, 0.3521 4.029 0.5887, 0.6567 4.029 0.6832, 0.579 4.029 0.7428, 0.2131 4.029 0.8493, 0.1978 4.029 0.8322, 0.1185 4.029 0.8574, 0.1854 4.029 0.8093, 0.1022 4.029 0.8168, 0.1792 4.029 0.7838, 0.0962 4.029 0.7735, 0.1785 4.029 0.7722, 0.1023 4.029 0.7261, 0.1817 4.029 0.7463, 0.119 4.029 0.684, 0.1909 4.029 0.7226, 0.2055 4.029 0.7019, 0.2994 4.029 1.0524, 0.3514 4.029 0.9914, 0.2536 4.029 0.9988, 0.3214 4.029 0.9556, 0.3009 4.029 0.9128, 0.856 4.029 0.8335, 0.9433 4.029 0.8115, 0.86 4.029 0.8014, 0.9437 4.029 0.7987, 0.8584 4.029 0.7809, 0.9372 4.029 0.7467, 0.8489 4.029 0.7484, 0.9182 4.029 0.6973, 0.833 4.029 0.7215, 0.8879 4.029 0.6539, 0.8464 4.029 0.6186, 0.6931 4.029 0.5945, 0.7001 4.029 0.603, 0.7056 4.029 0.6141, 0.7083 4.029 0.6264, 0.5403 4.029 1.1147, 0.5276 4.029 1.0355, 0.4801 4.029 1.1215, 0.4787 4.029 1.0418, 0.4174 4.029 1.114, 0.4337 4.029 1.0363, 0.3515 4.029 1.0885, 0.392 4.029 1.0203, 0.3547 4.029 0.9944, 0.83 4.029 0.9884, 0.8722 4.029 0.9587, 0.8262 4.029 0.8896, 0.8812 4.029 0.9502, 0.8446 4.029 0.8632, 0.9131 4.029 0.9092, 0.9344 4.029 0.8614, 0.3406 4.029 0.6698, 0.3725 4.029 0.6015, 0.3695 4.029 0.5983, 0.6829 4.029 0.5867, 0.7225 4.029 0.5177, 0.6709 4.029 0.5816, 0.6919 4.029 0.5048, 0.659 4.029 0.5796, 0.6605 4.029 0.5, 0.6567 4.029 0.5796, 0.6554 4.029 0.4999, 0.644 4.029 0.5811, 0.6233 4.029 0.5038, 0.6324 4.029 0.5856, 0.5936 4.029 0.5152, 0.6223 4.029 0.5927, 0.5672 4.029 0.5336, 0.6138 4.029 0.6024, 0.5468 4.029 0.5565, 0.6079 4.029 0.614, 0.5311 4.029 0.5861, 0.5233 4.029 0.6189, 0.3366 4.029 0.6689, 0.3608 4.029 0.5922, 0.3831 4.029 0.6287, 0.3818 4.029 0.6188, 0.3783 4.029 0.6098, 0.3522 4.029 0.6686, 0.3613 4.029 0.665, 0.3828 4.029 0.6339, 0.3695 4.029 0.6592, 0.375 4.029 0.6531, 0.3801 4.029 0.6441, 0.3419 4.029 0.6699, 0.0962 4.0251 0.7735, 0.1022 4.0251 0.8168, 0.1368 4.0251 0.883, 0.1068 4.0251 0.8282, 0.1185 4.0251 0.8574, 0.1456 4.0251 0.8952, 0.1816 4.0251 0.9257, 0.2211 4.0251 0.9453, 0.2277 4.0251 0.9475, 0.2536 4.0251 0.9988, 0.2994 4.0251 1.0524, 0.329 4.0251 1.073, 0.3515 4.0251 1.0885, 0.4174 4.0251 1.114, 0.4801 4.0251 1.1215, 0.5403 4.0251 1.1147, 0.6019 4.0251 1.0925, 0.6341 4.0251 1.073, 0.6395 4.0251 1.0697, 0.6707 4.0251 1.043, 0.6979 4.0251 1.0113, 0.7132 4.0251 1.0131, 0.7285 4.0251 1.0139, 0.7808 4.0251 1.0075, 0.83 4.0251 0.9884, 0.8722 4.0251 0.9587, 0.8812 4.0251 0.9502, 0.9437 4.0251 0.7987, 0.9131 4.0251 0.9092, 0.9248 4.0251 0.883, 0.9344 4.0251 0.8614, 0.9403 4.0251 0.8282, 0.9433 4.0251 0.8115, 0.9372 4.0251 0.7467, 0.9182 4.0251 0.6973, 0.8879 4.0251 0.6539, 0.8464 4.0251 0.6186, 0.7984 4.0251 0.5952, 0.7816 4.0251 0.5902, 0.7799 4.0251 0.5866, 0.7683 4.0251 0.5617, 0.7485 4.0251 0.5373, 0.7225 4.0251 0.5177, 0.7103 4.0251 0.5126, 0.6919 4.0251 0.5048, 0.6605 4.0251 0.5, 0.6554 4.0251 0.4999, 0.5226 4.0251 0.6327, 0.6233 4.0251 0.5038, 0.6004 4.0251 0.5126, 0.5936 4.0251 0.5152, 0.5672 4.0251 0.5336, 0.5468 4.0251 0.5565, 0.5311 4.0251 0.5861, 0.5309 4.0251 0.5866, 0.5233 4.0251 0.6189, 0.5226 4.0251 0.646, 0.3366 4.0251 0.7443, 0.3778 4.0251 0.8147, 0.5558 4.0251 0.7217, 0.579 4.0251 0.7428, 0.6072 4.0251 0.7579, 0.6392 4.0251 0.7659, 0.6554 4.0251 0.7669, 0.6871 4.0251 0.7629, 0.7165 4.0251 0.7517, 0.7436 4.0251 0.7329, 0.7656 4.0251 0.7077, 0.7803 4.0251 0.6792, 0.8092 4.0251 0.697, 0.833 4.0251 0.7215, 0.8489 4.0251 0.7484, 0.8584 4.0251 0.7809, 0.86 4.0251 0.8014, 0.8567 4.0251 0.8282, 0.856 4.0251 0.8335, 0.8446 4.0251 0.8632, 0.8308 4.0251 0.883, 0.8262 4.0251 0.8896, 0.8033 4.0251 0.91, 0.7737 4.0251 0.9257, 0.7409 4.0251 0.9335, 0.7271 4.0251 0.9342, 0.696 4.0251 0.9304, 0.6662 4.0251 0.9195, 0.6567 4.0251 0.9143, 0.6364 4.0251 0.9563, 0.6067 4.0251 0.9919, 0.571 4.0251 1.0179, 0.5276 4.0251 1.0355, 0.4787 4.0251 1.0418, 0.4337 4.0251 1.0363, 0.392 4.0251 1.0203, 0.3547 4.0251 0.9944, 0.3514 4.0251 0.9914, 0.3214 4.0251 0.9556, 0.3009 4.0251 0.9128, 0.2944 4.0251 0.883, 0.2928 4.0251 0.8758, 0.2821 4.0251 0.8758, 0.2569 4.0251 0.8727, 0.2337 4.0251 0.8637, 0.2131 4.0251 0.8493, 0.1978 4.0251 0.8322, 0.1956 4.0251 0.8282, 0.1854 4.0251 0.8093, 0.1792 4.0251 0.7838, 0.1785 4.0251 0.7722, 0.1817 4.0251 0.7463, 0.1909 4.0251 0.7226, 0.2055 4.0251 0.7019, 0.2073 4.0251 0.7, 0.2269 4.0251 0.684, 0.2503 4.0251 0.6731, 0.2742 4.0251 0.6686, 0.334 4.0251 0.6686, 0.3366 4.0251 0.6689, 0.3406 4.0251 0.6698, 0.3419 4.0251 0.6699, 0.3522 4.0251 0.6686, 0.3613 4.0251 0.665, 0.3695 4.0251 0.6592, 0.375 4.0251 0.6531, 0.3801 4.0251 0.6441, 0.3828 4.0251 0.6339, 0.3831 4.0251 0.6287, 0.3818 4.0251 0.6188, 0.3783 4.0251 0.6098, 0.3725 4.0251 0.6015, 0.3695 4.0251 0.5983, 0.3608 4.0251 0.5922, 0.3521 4.0251 0.5887, 0.3446 4.0251 0.5875, 0.2662 4.0251 0.5875, 0.222 4.0251 0.5969, 0.1815 4.0251 0.6167, 0.1453 4.0251 0.6473, 0.119 4.0251 0.684, 0.1023 4.0251 0.7261, 0.6567 4.0251 0.6832, 0.6478 4.0251 0.6824, 0.6353 4.0251 0.6785, 0.6243 4.0251 0.6717, 0.6153 4.0251 0.6625, 0.6091 4.0251 0.6518, 0.6056 4.0251 0.6397, 0.6051 4.0251 0.6269, 0.6079 4.0251 0.614, 0.6138 4.0251 0.6024, 0.6223 4.0251 0.5927, 0.6324 4.0251 0.5856, 0.644 4.0251 0.5811, 0.6567 4.0251 0.5796, 0.659 4.0251 0.5796, 0.6709 4.0251 0.5816, 0.6829 4.0251 0.5867, 0.6931 4.0251 0.5945, 0.7001 4.0251 0.603, 0.7056 4.0251 0.6141, 0.7083 4.0251 0.6264, 0.7079 4.0251 0.6394, 0.7043 4.0251 0.652, 0.6976 4.0251 0.6631, 0.6914 4.0251 0.6698, 0.681 4.0251 0.6771, 0.6694 4.0251 0.6816
            ]
        }
        coordIndex [
            0,1,2,-1,3,4,5,-1,6,7,3,-1,8,9,10,-1,11,12,13,-1,14,15,2,-1,2,15,16,-1,2,16,0,-1,10,9,17,-1,7,18,3,-1,3,18,19,-1,3,19,20,-1,19,21,20,-1,20,21,22,-1,20,22,23,-1,23,22,24,-1,25,26,27,-1,27,26,28,-1,27,28,29,-1,29,28,30,-1,29,30,31,-1,31,30,32,-1,31,32,33,-1,33,32,2,-1,33,2,34,-1,35,36,25,-1,25,36,37,-1,25,37,26,-1,38,39,40,-1,40,39,41,-1,40,41,42,-1,42,41,43,-1,42,43,44,-1,44,43,45,-1,11,13,46,-1,46,13,47,-1,46,47,48,-1,48,47,49,-1,48,49,50,-1,9,51,17,-1,17,51,52,-1,17,52,53,-1,53,52,54,-1,53,54,11,-1,11,54,55,-1,11,55,12,-1,56,57,58,-1,58,57,59,-1,58,59,60,-1,60,59,61,-1,60,61,62,-1,62,61,63,-1,62,63,64,-1,64,63,65,-1,64,65,66,-1,6,3,67,-1,67,3,5,-1,67,5,25,-1,25,5,68,-1,25,68,35,-1,43,69,45,-1,45,69,70,-1,45,70,71,-1,71,70,72,-1,71,72,73,-1,73,72,74,-1,73,74,75,-1,75,74,76,-1,75,76,77,-1,77,76,78,-1,77,78,79,-1,79,78,80,-1,79,80,56,-1,56,80,81,-1,56,81,57,-1,82,83,84,-1,84,83,85,-1,84,85,40,-1,40,85,86,-1,40,86,38,-1,87,88,89,-1,89,88,90,-1,89,90,91,-1,91,90,92,-1,91,92,93,-1,93,92,94,-1,93,94,95,-1,95,94,96,-1,95,96,14,-1,14,96,97,-1,14,97,15,-1,98,99,1,-1,1,99,100,-1,1,100,2,-1,2,100,101,-1,2,101,34,-1,50,49,102,-1,102,49,103,-1,102,103,104,-1,104,103,105,-1,104,105,106,-1,106,105,107,-1,106,107,108,-1,108,107,109,-1,108,109,82,-1,82,109,110,-1,82,110,83,-1,10,111,8,-1,8,111,112,-1,8,112,113,-1,113,112,114,-1,113,114,115,-1,115,114,116,-1,115,116,87,-1,87,116,117,-1,87,117,88,-1,118,119,120,-1,98,1,121,-1,121,1,122,-1,121,122,123,-1,123,122,124,-1,123,124,125,-1,125,124,126,-1,125,126,127,-1,127,126,128,-1,127,128,129,-1,129,128,130,-1,129,130,131,-1,131,130,132,-1,131,132,133,-1,133,132,134,-1,133,134,135,-1,135,134,136,-1,135,136,137,-1,137,136,138,-1,137,138,24,-1,24,138,139,-1,24,139,23,-1,65,140,66,-1,66,140,118,-1,66,118,141,-1,141,118,120,-1,142,143,118,-1,118,143,144,-1,118,144,119,-1,145,146,147,-1,146,148,147,-1,147,148,149,-1,147,149,150,-1,142,118,147,-1,147,118,151,-1,147,151,145,-1,75,152,153,-1,154,45,71,-1,75,153,73,-1,73,153,155,-1,73,155,71,-1,71,155,156,-1,71,156,154,-1,154,157,45,-1,45,157,158,-1,45,158,44,-1,44,158,159,-1,44,159,42,-1,42,159,160,-1,42,160,40,-1,40,160,161,-1,40,161,84,-1,84,161,162,-1,84,162,82,-1,108,82,163,-1,163,82,162,-1,163,164,108,-1,108,164,165,-1,108,165,106,-1,106,165,166,-1,106,166,104,-1,104,166,167,-1,104,167,102,-1,102,167,168,-1,102,168,50,-1,50,168,48,-1,48,168,169,-1,48,169,170,-1,48,170,171,-1,48,171,46,-1,46,171,172,-1,46,172,11,-1,11,172,173,-1,11,173,53,-1,53,173,174,-1,53,174,17,-1,17,174,175,-1,17,175,10,-1,10,175,176,-1,10,176,111,-1,111,176,177,-1,111,177,112,-1,112,177,178,-1,112,178,114,-1,179,90,88,-1,114,178,180,-1,114,180,116,-1,116,180,181,-1,116,181,117,-1,181,182,117,-1,117,182,183,-1,117,183,88,-1,88,183,184,-1,88,184,179,-1,90,179,185,-1,90,185,92,-1,92,185,186,-1,92,186,94,-1,94,186,187,-1,94,187,96,-1,96,187,188,-1,96,188,97,-1,97,188,189,-1,97,189,15,-1,15,189,190,-1,15,190,16,-1,16,190,191,-1,16,191,0,-1,191,192,0,-1,0,192,193,-1,0,193,1,-1,1,193,194,-1,1,194,122,-1,122,194,195,-1,122,195,124,-1,195,196,124,-1,124,196,197,-1,124,197,126,-1,126,197,198,-1,126,198,128,-1,199,23,139,-1,128,198,200,-1,201,132,200,-1,200,132,130,-1,200,130,128,-1,201,202,132,-1,132,202,203,-1,132,203,134,-1,134,203,204,-1,134,204,136,-1,136,204,205,-1,136,205,138,-1,138,205,206,-1,138,206,139,-1,139,206,207,-1,139,207,199,-1,20,23,208,-1,208,23,199,-1,3,20,209,-1,209,20,208,-1,4,3,210,-1,210,3,209,-1,5,4,211,-1,211,4,210,-1,5,211,212,-1,5,212,68,-1,68,212,213,-1,68,213,35,-1,35,213,214,-1,35,214,36,-1,36,214,215,-1,36,215,37,-1,37,215,216,-1,37,216,26,-1,26,216,217,-1,26,217,28,-1,28,217,218,-1,28,218,30,-1,30,218,219,-1,30,219,32,-1,32,219,220,-1,32,220,2,-1,2,220,221,-1,2,221,14,-1,14,221,222,-1,14,222,95,-1,95,222,223,-1,95,223,93,-1,93,223,224,-1,93,224,91,-1,91,224,225,-1,91,225,89,-1,87,89,225,-1,225,226,87,-1,87,226,227,-1,87,227,228,-1,229,113,228,-1,228,113,115,-1,228,115,87,-1,229,230,113,-1,113,230,231,-1,113,231,8,-1,8,231,232,-1,8,232,9,-1,9,232,233,-1,9,233,51,-1,51,233,234,-1,51,234,52,-1,52,234,235,-1,52,235,54,-1,54,235,236,-1,54,236,55,-1,55,236,237,-1,55,237,12,-1,12,237,238,-1,12,238,13,-1,13,238,239,-1,13,239,47,-1,47,239,240,-1,47,240,49,-1,49,240,241,-1,49,241,103,-1,103,241,242,-1,103,242,105,-1,105,242,243,-1,105,243,107,-1,107,243,244,-1,107,244,109,-1,109,244,245,-1,109,245,110,-1,110,245,246,-1,110,246,83,-1,83,246,247,-1,83,247,85,-1,85,247,248,-1,85,248,86,-1,86,248,38,-1,38,248,249,-1,38,249,250,-1,39,38,251,-1,251,38,250,-1,39,251,252,-1,39,252,41,-1,41,252,253,-1,41,253,43,-1,43,253,254,-1,43,254,69,-1,69,254,255,-1,69,255,70,-1,70,255,256,-1,70,256,72,-1,256,257,72,-1,72,257,258,-1,72,258,74,-1,74,258,259,-1,74,259,76,-1,76,259,260,-1,76,260,78,-1,78,260,261,-1,78,261,80,-1,80,261,262,-1,80,262,81,-1,81,262,263,-1,81,263,57,-1,57,263,264,-1,57,264,59,-1,59,264,265,-1,59,265,61,-1,61,265,266,-1,61,266,63,-1,65,63,267,-1,267,63,266,-1,65,267,268,-1,65,268,140,-1,140,268,269,-1,140,269,118,-1,118,269,270,-1,118,270,151,-1,151,270,271,-1,151,271,145,-1,145,271,272,-1,145,272,146,-1,146,272,273,-1,146,273,148,-1,148,273,274,-1,148,274,149,-1,149,274,275,-1,149,275,150,-1,150,275,276,-1,150,276,147,-1,147,276,277,-1,147,277,142,-1,142,277,278,-1,142,278,143,-1,143,278,279,-1,143,279,144,-1,144,279,280,-1,144,280,119,-1,119,280,281,-1,119,281,120,-1,120,281,282,-1,120,282,141,-1,141,282,283,-1,141,283,66,-1,66,283,284,-1,66,284,64,-1,62,64,285,-1,285,64,284,-1,62,285,286,-1,62,286,60,-1,60,286,287,-1,60,287,58,-1,58,287,288,-1,58,288,56,-1,56,288,289,-1,56,289,79,-1,79,289,290,-1,79,290,77,-1,77,290,152,-1,77,152,75,-1,67,291,292,-1,67,292,6,-1,6,292,293,-1,6,293,7,-1,7,293,294,-1,7,294,18,-1,18,294,295,-1,18,295,19,-1,19,295,296,-1,19,296,21,-1,21,296,297,-1,21,297,22,-1,22,297,298,-1,22,298,24,-1,24,298,299,-1,24,299,137,-1,137,299,300,-1,137,300,135,-1,135,300,301,-1,135,301,133,-1,133,301,302,-1,133,302,131,-1,131,302,303,-1,131,303,129,-1,129,303,304,-1,129,304,127,-1,127,304,305,-1,127,305,125,-1,125,305,306,-1,125,306,123,-1,123,306,307,-1,123,307,121,-1,121,307,308,-1,121,308,98,-1,98,308,309,-1,98,309,99,-1,99,309,310,-1,99,310,100,-1,100,310,311,-1,100,311,101,-1,101,311,312,-1,101,312,34,-1,34,312,313,-1,34,313,33,-1,33,313,314,-1,33,314,31,-1,31,314,315,-1,31,315,29,-1,29,315,316,-1,29,316,27,-1,27,316,317,-1,27,317,25,-1,25,317,291,-1,25,291,67,-1,
        ]
    }
}
Shape{
    appearance Appearance {
        material  Material {
            diffuseColor 0.7529411764705882 0.7529411764705882 0.7529411764705882
            specularColor 0.3764705882352941 0.3764705882352941 0.3764705882352941
            ambientIntensity 0.7529
            transparency 0.0
            shininess 0.5
        }
    }
    geometry IndexedFaceSet {
        ccw TRUE
        solid FALSE
        coord DEF co Coordinate {
            point [
                0.6694 4.0251 0.6816, 0.681 4.0251 0.6771, 0.659 4.0251 0.5796, 0.6914 4.0251 0.6698, 0.6976 4.0251 0.6631, 0.6478 4.0251 0.6824, 0.6567 4.0251 0.5796, 0.644 4.0251 0.5811, 0.6567 4.0251 0.6832, 0.7056 4.0251 0.6141, 0.7001 4.0251 0.603, 0.6931 4.0251 0.5945, 0.6223 4.0251 0.5927, 0.6153 4.0251 0.6625, 0.6243 4.0251 0.6717, 0.7043 4.0251 0.652, 0.7079 4.0251 0.6394, 0.7083 4.0251 0.6264, 0.6829 4.0251 0.5867, 0.6709 4.0251 0.5816, 0.6324 4.0251 0.5856, 0.6353 4.0251 0.6785, 0.6079 4.0251 0.614, 0.6051 4.0251 0.6269, 0.6138 4.0251 0.6024, 0.6056 4.0251 0.6397, 0.6091 4.0251 0.6518
            ]
        }
        coordIndex [
            0,1,2,-1,2,1,3,-1,2,3,4,-1,5,6,7,-1,6,5,2,-1,2,5,8,-1,2,8,0,-1,9,10,4,-1,4,10,11,-1,12,13,14,-1,15,16,4,-1,4,16,17,-1,4,17,9,-1,11,18,4,-1,4,18,19,-1,4,19,2,-1,7,20,5,-1,5,20,12,-1,5,12,21,-1,21,12,14,-1,22,23,24,-1,24,23,25,-1,24,25,12,-1,12,25,26,-1,12,26,13,-1,
        ]
    }
}