#VRML V2.0 utf8
# 3D model generated by kicad-lcsc-manager
# Based on easyeda2kicad.py v1.0.1

Shape{
    appearance Appearance {
        material  Material {
            diffuseColor 0.25098039215686274 0.25098039215686274 0.25098039215686274
            specularColor 0.12549019607843137 0.12549019607843137 0.12549019607843137
            ambientIntensity 0.251
            transparency 0.0
            shininess 0.5
        }
    }
    geometry IndexedFaceSet {
        ccw TRUE
        solid FALSE
        coord DEF co Coordinate {
            point [
                2.5571 -0.0131 0.0684, 2.5571 -0.0131 0.0578, 2.5571 0.0126 0.0578, 2.5571 -0.0131 0.1108, 2.5571 -0.0131 0.1029, 2.5571 0.0126 0.1029, 2.5571 0.0418 0.1346, 2.5571 0.0418 0.1261, 2.5571 0.049 0.1261, 2.5571 0.0431 0.0685, 2.5571 0.0426 0.0684, 2.5571 0.049 0.0684, 2.5571 0.0376 0.0685, 2.5571 0.0368 0.0688, 2.5571 0.0368 0.0684, 2.5571 0.0752 0.0923, 2.5571 0.0752 0.0837, 2.5571 0.0802 0.0837, 2.5571 -0.145 0.1007, 2.5571 -0.1446 0.1029, 2.5571 -0.1861 0.1029, 2.5571 -0.0362 0.1169, 2.5571 -0.0311 0.1125, 2.5571 -0.0131 0.1379, 2.5571 -0.0574 0.1379, 2.5571 -0.0531 0.135, 2.5571 -0.0469 0.1278, 2.5571 -0.0428 0.12, 2.5571 -0.0419 0.1197, 2.5571 -0.071 0.144, 2.5571 -0.0615 0.1407, 2.5571 -0.0131 0.3937, 2.5571 -0.0789 0.1448, 2.5571 -0.1362 0.1204, 2.5571 -0.1347 0.1218, 2.5571 -0.1861 0.1379, 2.5571 -0.0883 0.1437, 2.5571 -0.1772 0.3937, 2.5571 -0.097 0.1403, 2.5571 -0.1861 0.3937, 2.5571 -0.1009 0.1379, 2.5571 -0.1016 0.1374, 2.5571 -0.1283 0.1261, 2.5571 -0.1213 0.1287, 2.5571 -0.1143 0.1295, 2.5571 -0.1061 0.1336, 2.5571 -0.1122 0.1293, 2.5571 -0.11 0.1291, 2.5571 -0.1861 0.1108, 2.5571 -0.1436 0.1082, 2.5571 -0.1424 0.1108, 2.5571 -0.1405 0.115, 2.5571 -0.1219 0.0689, 2.5571 -0.125 0.0699, 2.5571 -0.1861 0.0684, 2.5571 -0.1317 0.0734, 2.5571 -0.1371 0.078, 2.5571 -0.1377 0.0787, 2.5571 -0.1417 0.0847, 2.5571 -0.1443 0.0918, 2.5571 -0.1451 0.0987, 2.5571 -0.1133 0.0585, 2.5571 -0.1171 0.0613, 2.5571 -0.1861 0.0578, 2.5571 -0.1199 0.0647, 2.5571 -0.1217 0.0684, 2.5571 -0.1772 0.0, 2.5571 -0.1089 0.0567, 2.5571 -0.1118 0.0578, 2.5571 -0.1861 0.0, 2.5571 -0.0961 0.0578, 2.5571 -0.0991 0.0566, 2.5571 -0.0131 0.0, 2.5571 -0.1039 0.056, 2.5571 -0.1045 0.056, 2.5571 -0.0862 0.0684, 2.5571 -0.0864 0.0678, 2.5571 -0.0888 0.0636, 2.5571 -0.0912 0.061, 2.5571 -0.0949 0.0583, 2.5571 -0.0249 0.1013, 2.5571 -0.024 0.0951, 2.5571 -0.0931 0.0908, 2.5571 -0.0897 0.0877, 2.5571 -0.0643 0.101, 2.5571 -0.031 0.0771, 2.5571 -0.0362 0.0727, 2.5571 -0.0273 0.0823, 2.5571 -0.0359 0.0971, 2.5571 -0.037 0.1007, 2.5571 -0.0383 0.1029, 2.5571 -0.1326 0.1029, 2.5571 -0.0606 0.0801, 2.5571 -0.0591 0.0803, 2.5571 -0.0584 0.0909, 2.5571 -0.0589 0.0803, 2.5571 -0.0249 0.0883, 2.5571 -0.0639 0.0779, 2.5571 -0.0631 0.0788, 2.5571 -0.0619 0.0796, 2.5571 -0.1086 0.0936, 2.5571 -0.1039 0.0942, 2.5571 -0.1018 0.0941, 2.5571 -0.0972 0.093, 2.5571 -0.0584 0.0802, 2.5571 -0.058 0.0801, 2.5571 -0.0495 0.0801, 2.5571 -0.0606 0.0687, 2.5571 -0.0618 0.0692, 2.5571 -0.0631 0.0701, 2.5571 -0.0646 0.0766, 2.5571 -0.0849 0.0769, 2.5571 -0.065 0.0752, 2.5571 -0.1198 0.0856, 2.5571 -0.1328 0.0956, 2.5571 -0.1313 0.091, 2.5571 -0.1294 0.0878, 2.5571 -0.126 0.0843, 2.5571 -0.1217 0.0816, 2.5571 -0.1331 0.0991, 2.5571 -0.1167 0.0892, 2.5571 -0.1128 0.0919, 2.5571 -0.0397 0.0848, 2.5571 -0.0376 0.0877, 2.5571 -0.0363 0.0911, 2.5571 -0.0358 0.0949, 2.5571 -0.0635 0.0705, 2.5571 -0.0643 0.0717, 2.5571 -0.0648 0.073, 2.5571 -0.065 0.0744, 2.5571 -0.0849 0.075, 2.5571 -0.0851 0.0724, 2.5571 -0.042 0.0699, 2.5571 -0.0483 0.0686, 2.5571 -0.0595 0.0686, 2.5571 -0.0458 0.0809, 2.5571 -0.0425 0.0825, 2.5571 -0.0521 0.1097, 2.5571 -0.1308 0.1081, 2.5571 -0.1325 0.1039, 2.5571 -0.0506 0.1097, 2.5571 -0.0388 0.1039, 2.5571 -0.0406 0.1058, 2.5571 -0.0435 0.1079, 2.5571 -0.0468 0.1092, 2.5571 -0.0602 0.126, 2.5571 -0.061 0.1267, 2.5571 -0.1041 0.1152, 2.5571 -0.056 0.1209, 2.5571 -0.129 0.1108, 2.5571 -0.1055 0.116, 2.5571 -0.0523 0.1108, 2.5571 -0.0532 0.1147, 2.5571 -0.1098 0.1175, 2.5571 -0.1142 0.1181, 2.5571 -0.1168 0.1179, 2.5571 -0.0664 0.1304, 2.5571 -0.0723 0.1327, 2.5571 -0.1013 0.1211, 2.5571 -0.0787 0.1335, 2.5571 -0.1214 0.1166, 2.5571 -0.1255 0.1143, 2.5571 -0.1282 0.1119, 2.5571 -0.0856 0.1326, 2.5571 -0.0918 0.1301, 2.5571 -0.0971 0.1262, 2.5571 -0.0298 0.1108, 2.5571 -0.0272 0.1071, 2.5571 -0.0255 0.1029, 2.5571 0.0855 0.0953, 2.5571 0.0855 0.0923, 2.5571 0.0886 0.1029, 2.5571 0.0861 0.0717, 2.5571 0.0886 0.0684, 2.5571 0.0861 0.0686, 2.5571 0.0802 0.0684, 2.5571 0.0752 0.0717, 2.5571 0.0802 0.0717, 2.5571 0.0752 0.0807, 2.5571 0.0802 0.0807, 2.5571 0.0847 0.0807, 2.5571 0.0847 0.0837, 2.5571 0.0802 0.0923, 2.5571 0.0802 0.0686, 2.5571 0.0718 0.0686, 2.5571 0.07 0.0684, 2.5571 0.0718 0.0953, 2.5571 0.0168 0.0778, 2.5571 0.0173 0.0831, 2.5571 0.0161 0.0768, 2.5571 0.0156 0.0757, 2.5571 0.0352 0.0728, 2.5571 0.0307 0.0809, 2.5571 0.0352 0.0693, 2.5571 0.0307 0.0686, 2.5571 0.0257 0.0697, 2.5571 0.0245 0.0689, 2.5571 0.0274 0.0686, 2.5571 0.0233 0.0684, 2.5571 0.0142 0.0684, 2.5571 0.016 0.0711, 2.5571 0.0156 0.0722, 2.5571 0.0142 0.0578, 2.5571 0.0195 0.0684, 2.5571 0.0194 0.0684, 2.5571 0.0182 0.0689, 2.5571 0.0207 0.0878, 2.5571 0.0142 0.1029, 2.5571 0.0182 0.0869, 2.5571 0.0173 0.0864, 2.5571 0.0178 0.0787, 2.5571 0.0193 0.0794, 2.5571 0.0194 0.0845, 2.5571 0.0217 0.08, 2.5571 0.0246 0.0853, 2.5571 0.0235 0.0854, 2.5571 0.0215 0.0852, 2.5571 0.017 0.0697, 2.5571 0.0167 0.0701, 2.5571 0.0274 0.0716, 2.5571 0.0273 0.0716, 2.5571 0.0268 0.0708, 2.5571 0.0365 0.072, 2.5571 0.0368 0.0719, 2.5571 0.0368 0.079, 2.5571 0.0354 0.0838, 2.5571 0.0358 0.0848, 2.5571 0.0293 0.086, 2.5571 0.0238 0.0881, 2.5571 0.0259 0.088, 2.5571 0.0273 0.0875, 2.5571 0.0154 0.0737, 2.5571 0.0154 0.0742, 2.5571 0.0305 0.0834, 2.5571 0.0354 0.0813, 2.5571 0.0274 0.0808, 2.5571 0.0272 0.0822, 2.5571 0.0269 0.0834, 2.5571 0.0265 0.0841, 2.5571 0.0299 0.0849, 2.5571 0.0353 0.0826, 2.5571 0.0368 0.079, 2.5571 0.0362 0.0795, 2.5571 0.0358 0.0802, 2.5571 0.026 0.0847, 2.5571 0.0254 0.085, 2.5571 0.0382 0.0684, 2.5571 0.0368 0.0578, 2.5571 0.0404 0.0682, 2.5571 0.049 0.0578, 2.5571 0.0472 0.0873, 2.5571 0.0472 0.084, 2.5571 0.048 0.0725, 2.5571 0.0475 0.0714, 2.5571 0.0469 0.0705, 2.5571 0.0364 0.0857, 2.5571 0.0368 0.0861, 2.5571 0.0368 0.1029, 2.5571 0.0374 0.0866, 2.5571 0.0384 0.0872, 2.5571 0.0402 0.0879, 2.5571 0.0427 0.0881, 2.5571 0.049 0.1029, 2.5571 0.0445 0.088, 2.5571 0.047 0.077, 2.5571 0.0476 0.0761, 2.5571 0.048 0.0751, 2.5571 0.0481 0.0738, 2.5571 0.046 0.0697, 2.5571 0.045 0.0691, 2.5571 0.0424 0.0854, 2.5571 0.0414 0.0854, 2.5571 0.0387 0.0829, 2.5571 0.0405 0.0851, 2.5571 0.0397 0.0847, 2.5571 0.0387 0.0824, 2.5571 0.0389 0.0819, 2.5571 0.0391 0.0814, 2.5571 0.0394 0.0811, 2.5571 0.0406 0.0804, 2.5571 0.0445 0.0852, 2.5571 0.0427 0.0795, 2.5571 0.0464 0.0845, 2.5571 0.044 0.0789, 2.5571 0.0462 0.0777, 2.5571 0.0392 0.0843, 2.5571 0.0389 0.0838, 2.5571 0.0388 0.0834, 2.5571 0.0386 0.0712, 2.5571 0.0403 0.077, 2.5571 0.0383 0.0779, 2.5571 0.0407 0.0709, 2.5571 0.0409 0.0709, 2.5571 0.0425 0.0761, 2.5571 0.0426 0.0711, 2.5571 0.0447 0.0735, 2.5571 0.0446 0.0739, 2.5571 0.0435 0.0714, 2.5571 0.0438 0.0716, 2.5571 0.0441 0.072, 2.5571 0.0444 0.0724, 2.5571 0.0446 0.0729, 2.5571 0.0445 0.0744, 2.5571 0.0442 0.0749, 2.5571 0.0438 0.0753, 2.5571 0.0984 0.1183, 2.5571 0.0886 0.1183, 2.5571 0.1011 0.111, 2.5571 0.0886 0.1108, 2.5571 0.105 0.111, 2.5571 0.2271 0.1108, 2.5571 0.2271 0.1379, 2.5571 0.0948 0.1377, 2.5571 0.0886 0.1379, 2.5571 0.0873 0.1183, 2.5571 0.0847 0.111, 2.5571 0.0802 0.1108, 2.5571 0.0809 0.111, 2.5571 0.0802 0.1379, 2.5571 0.0886 0.1312, 2.5571 0.0911 0.1377, 2.5571 0.07 0.1108, 2.5571 0.0692 0.1114, 2.5571 0.0651 0.111, 2.5571 0.0653 0.1377, 2.5571 0.07 0.1379, 2.5571 0.0552 0.1379, 2.5571 0.0552 0.1108, 2.5571 0.0577 0.111, 2.5571 0.0577 0.1377, 2.5571 0.0765 0.133, 2.5571 0.0781 0.1307, 2.5571 0.0787 0.1197, 2.5571 0.0773 0.1169, 2.5571 0.0754 0.1341, 2.5571 0.0696 0.1372, 2.5571 0.07 0.137, 2.5571 0.0728 0.136, 2.5571 0.0723 0.1126, 2.5571 0.07 0.1117, 2.5571 0.0754 0.1147, 2.5571 0.0749 0.1143, 2.5571 0.0791 0.1281, 2.5571 0.0795 0.1247, 2.5571 0.0794 0.1228, 2.5571 0.049 0.1379, 2.5571 0.0521 0.1377, 2.5571 0.049 0.1377, 2.5571 0.0418 0.114, 2.5571 0.049 0.114, 2.5571 0.0418 0.123, 2.5571 0.049 0.123, 2.5571 0.0513 0.123, 2.5571 0.0527 0.114, 2.5571 0.0513 0.1261, 2.5571 0.0521 0.1346, 2.5571 0.049 0.1346, 2.5571 0.0383 0.111, 2.5571 0.0368 0.1108, 2.5571 0.049 0.1108, 2.5571 0.0527 0.111, 2.5571 0.049 0.111, 2.5571 0.0383 0.1377, 2.5571 0.0368 0.1379, 2.5571 0.0294 0.1379, 2.5571 0.0304 0.1378, 2.5571 0.033 0.137, 2.5571 0.033 0.1334, 2.5571 0.033 0.1154, 2.5571 0.033 0.1121, 2.5571 0.0327 0.1119, 2.5571 0.0299 0.111, 2.5571 0.0278 0.1108, 2.5571 0.0272 0.1136, 2.5571 0.0303 0.1142, 2.5571 0.0166 0.1238, 2.5571 0.0166 0.124, 2.5571 0.0191 0.1316, 2.5571 0.0178 0.1297, 2.5571 0.017 0.1274, 2.5571 0.0298 0.1347, 2.5571 0.0267 0.135, 2.5571 0.0255 0.135, 2.5571 0.0232 0.1345, 2.5571 0.017 0.1205, 2.5571 0.0179 0.1183, 2.5571 0.0192 0.1164, 2.5571 0.0217 0.1146, 2.5571 0.0236 0.1139, 2.5571 0.0261 0.1136, 2.5571 0.0326 0.1337, 2.5571 0.0211 0.1335, 2.5571 0.0194 0.1321, 2.5571 0.0199 0.1158, 2.5571 0.0246 0.1379, 2.5571 0.0267 0.1381, 2.5571 0.0142 0.3937, 2.5571 0.0368 0.3937, 2.5571 0.0269 0.1381, 2.5571 0.0142 0.1379, 2.5571 0.0231 0.1377, 2.5571 0.0203 0.1367, 2.5571 0.015 0.1318, 2.5571 0.0169 0.1342, 2.5571 0.0176 0.1349, 2.5571 0.0142 0.1177, 2.5571 0.0134 0.1199, 2.5571 0.0126 0.1108, 2.5571 0.013 0.1238, 2.5571 0.0131 0.1254, 2.5571 0.0126 0.1379, 2.5571 0.0137 0.1289, 2.5571 0.0142 0.13, 2.5571 0.0184 0.1125, 2.5571 0.0164 0.1142, 2.5571 0.0142 0.1108, 2.5571 0.016 0.1147, 2.5571 0.0144 0.117, 2.5571 0.0256 0.1105, 2.5571 0.0238 0.1106, 2.5571 0.0232 0.1108, 2.5571 0.0209 0.1113, 2.5571 0.0284 0.0869, 2.5571 0.0232 0.0684, 2.5571 0.0214 0.0682, 2.5571 0.0647 0.0877, 2.5571 0.0681 0.0877, 2.5571 0.07 0.1029, 2.5571 0.0802 0.0953, 2.5571 0.0802 0.1029, 2.5571 0.0605 0.0684, 2.5571 0.0586 0.0734, 2.5571 0.059 0.0718, 2.5571 0.0591 0.0718, 2.5571 0.0552 0.1029, 2.5571 0.0552 0.0831, 2.5571 0.0595 0.0734, 2.5571 0.0592 0.0725, 2.5571 0.0552 0.0741, 2.5571 0.0499 0.0877, 2.5571 0.0536 0.0877, 2.5571 0.0572 0.0684, 2.5571 0.0573 0.0687, 2.5571 0.0552 0.064, 2.5571 0.0552 0.064, 2.5571 0.0552 0.0684, 2.5571 0.0559 0.0652, 2.5571 0.0505 0.0629, 2.5571 0.0505 0.0599, 2.5571 0.0512 0.0627, 2.5571 0.0524 0.0625, 2.5571 0.0532 0.0626, 2.5571 0.0552 0.0603, 2.5571 0.054 0.0598, 2.5571 0.0552 0.0578, 2.5571 0.0527 0.0597, 2.5571 0.052 0.0597, 2.5571 0.054 0.0629, 2.5571 0.0546 0.0633, 2.5571 0.0595 0.0658, 2.5571 0.058 0.0628, 2.5571 0.07 0.0578, 2.5571 0.0568 0.0613, 2.5571 0.0565 0.0611, 2.5571 0.0554 0.0603, 2.5571 -0.2271 0.0, 2.5571 -0.2271 0.0578, 2.5571 -0.2271 0.0684, 2.5571 -0.2271 0.1029, 2.5571 -0.2271 0.1108, 2.5571 -0.2271 0.1379, 2.5571 -0.2271 0.3937, 2.5571 0.0119 0.114, 2.5571 0.0119 0.111, 2.5571 -0.0022 0.111, 2.5571 0.0013 0.1377, 2.5571 0.0013 0.114, 2.5571 -0.0022 0.1377, 2.5571 0.0116 0.0923, 2.5571 0.0126 0.0684, 2.5571 0.0122 0.0717, 2.5571 0.0122 0.0686, 2.5571 -0.0022 0.0686, 2.5571 0.0013 0.0807, 2.5571 0.0013 0.0717, 2.5571 0.0108 0.0807, 2.5571 0.0108 0.0837, 2.5571 0.0013 0.0837, 2.5571 0.0013 0.0923, 2.5571 -0.0022 0.0953, 2.5571 0.0116 0.0953, 2.5571 0.0126 0.3937, 2.5571 0.049 0.3937, 2.5571 0.0552 0.3937, 2.5571 0.07 0.3937, 2.5571 0.0802 0.3937, 2.5571 0.0886 0.3937, 2.5571 0.2271 0.3937, 2.5571 0.1346 0.0686, 2.5571 0.1384 0.0686, 2.5571 0.2271 0.0684, 2.5571 0.1282 0.0953, 2.5571 0.2271 0.1029, 2.5571 0.1318 0.0759, 2.5571 0.1207 0.0759, 2.5571 0.1182 0.0686, 2.5571 0.1144 0.0686, 2.5571 0.1245 0.0953, 2.5571 0.1089 0.0918, 2.5571 0.11 0.0907, 2.5571 0.1116 0.0883, 2.5571 0.1125 0.0857, 2.5571 0.0911 0.0953, 2.5571 0.0911 0.0686, 2.5571 0.0985 0.0686, 2.5571 0.1026 0.0691, 2.5571 0.1057 0.0702, 2.5571 0.0988 0.0953, 2.5571 0.103 0.0948, 2.5571 0.1062 0.0936, 2.5571 0.1107 0.0746, 2.5571 0.1089 0.0724, 2.5571 0.1084 0.0719, 2.5571 0.1129 0.0823, 2.5571 0.1128 0.0804, 2.5571 0.1121 0.0773, 2.5571 0.0802 0.0578, 2.5571 0.0886 0.0578, 2.5571 0.2271 0.0578, 2.5571 0.0126 0.0, 2.5571 0.0142 0.0, 2.5571 0.0368 0.0, 2.5571 0.049 0.0, 2.5571 0.0552 0.0, 2.5571 0.07 0.0, 2.5571 0.0802 0.0, 2.5571 0.0886 0.0, 2.5571 0.2271 0.0, 1.9075 0.0591 0.3937, 2.0256 0.0591 0.3937, 2.1634 0.2271 0.3937, -1.2421 0.0591 0.3937, -1.124 0.0591 0.3937, -0.9862 0.2271 0.3937, -1.7736 -0.2271 0.3937, -1.7736 -0.1772 0.3937, -2.1673 -0.1772 0.3937, 2.1634 -0.2271 0.3937, 2.2028 -0.2953 0.3937, 2.5177 -0.2953 0.3937, 1.8091 -0.2953 0.3937, 2.124 -0.2953 0.3937, 1.7697 -0.2271 0.3937, 1.4154 -0.2953 0.3937, 1.7303 -0.2953 0.3937, 1.376 -0.2271 0.3937, 1.0217 -0.2953 0.3937, 1.3366 -0.2953 0.3937, 0.9823 -0.2271 0.3937, 1.376 -0.1772 0.3937, 1.7697 -0.1772 0.3937, 2.1634 -0.1772 0.3937, 0.9823 -0.1772 0.3937, 0.5886 -0.1772 0.3937, 0.5886 -0.2271 0.3937, 0.628 -0.2953 0.3937, 0.9429 -0.2953 0.3937, 0.2343 -0.2953 0.3937, 0.5492 -0.2953 0.3937, 0.1949 -0.2271 0.3937, 0.1949 -0.1772 0.3937, -0.1594 -0.2953 0.3937, 0.1555 -0.2953 0.3937, -0.1988 -0.2271 0.3937, -0.1988 -0.1772 0.3937, -0.5925 -0.2271 0.3937, -0.5531 -0.2953 0.3937, -0.2382 -0.2953 0.3937, -0.9469 -0.2953 0.3937, -0.6319 -0.2953 0.3937, -0.9862 -0.2271 0.3937, -0.9862 -0.1772 0.3937, -1.3799 -0.1772 0.3937, -1.3799 -0.2271 0.3937, -1.3406 -0.2953 0.3937, -1.0256 -0.2953 0.3937, -1.7343 -0.2953 0.3937, -1.4193 -0.2953 0.3937, -2.1673 -0.2271 0.3937, -2.128 -0.2953 0.3937, -1.813 -0.2953 0.3937, -2.2067 -0.2953 0.3937, -2.4921 -0.1772 0.3937, -2.561 -0.1772 0.3937, -2.561 -0.2271 0.3937, -2.4921 -0.2953 0.3937, -2.5217 -0.2953 0.3937, -2.561 0.2271 0.3937, -2.4921 0.2953 0.3937, -2.5217 0.2953 0.3937, -2.1673 0.2271 0.3937, -2.3051 0.0591 0.3937, -2.3051 -0.0591 0.3937, -2.4232 -0.0591 0.3937, -2.4232 0.0591 0.3937, -2.2067 0.2953 0.3937, -1.813 0.2953 0.3937, -2.128 0.2953 0.3937, -1.7736 0.2271 0.3937, -2.0295 0.0591 0.3937, -2.0295 -0.0591 0.3937, -1.9114 -0.0591 0.3937, -1.9114 0.0591 0.3937, -1.4193 0.2953 0.3937, -1.7343 0.2953 0.3937, -1.3799 0.2271 0.3937, -1.6358 0.0591 0.3937, -1.6358 -0.0591 0.3937, -1.5177 -0.0591 0.3937, -1.5177 0.0591 0.3937, -1.0256 0.2953 0.3937, -1.3406 0.2953 0.3937, -1.2421 -0.0591 0.3937, -1.124 -0.0591 0.3937, -0.7303 -0.0591 0.3937, -0.8484 -0.0591 0.3937, -0.5531 0.2953 0.3937, -0.5925 0.2271 0.3937, -0.2382 0.2953 0.3937, -0.4547 0.0591 0.3937, -0.1988 0.2271 0.3937, -0.3366 0.0591 0.3937, -0.3366 -0.0591 0.3937, -0.4547 -0.0591 0.3937, -0.8484 0.0591 0.3937, -0.7303 0.0591 0.3937, -0.6319 0.2953 0.3937, -0.9469 0.2953 0.3937, 0.1555 0.2953 0.3937, -0.1594 0.2953 0.3937, 0.1949 0.2271 0.3937, -0.061 0.0591 0.3937, -0.061 -0.0591 0.3937, 0.0571 -0.0591 0.3937, 0.0571 0.0591 0.3937, 0.5492 0.2953 0.3937, 0.2343 0.2953 0.3937, 0.5886 0.2271 0.3937, 0.3327 0.0591 0.3937, 0.3327 -0.0591 0.3937, 0.4508 -0.0591 0.3937, 0.4508 0.0591 0.3937, 0.9429 0.2953 0.3937, 0.628 0.2953 0.3937, 0.9823 0.2271 0.3937, 0.7264 0.0591 0.3937, 0.7264 -0.0591 0.3937, 0.8445 -0.0591 0.3937, 0.8445 0.0591 0.3937, 1.3366 0.2953 0.3937, 1.0217 0.2953 0.3937, 1.376 0.2271 0.3937, 1.1201 0.0591 0.3937, 1.1201 -0.0591 0.3937, 1.2382 -0.0591 0.3937, 1.2382 0.0591 0.3937, 1.7303 0.2953 0.3937, 1.4154 0.2953 0.3937, 1.7697 0.2271 0.3937, 1.5138 0.0591 0.3937, 1.5138 -0.0591 0.3937, 1.6319 -0.0591 0.3937, 1.6319 0.0591 0.3937, 2.124 0.2953 0.3937, 1.8091 0.2953 0.3937, 1.9075 -0.0591 0.3937, 2.0256 -0.0591 0.3937, 2.4193 -0.0591 0.3937, 2.3012 -0.0591 0.3937, 2.3012 0.0591 0.3937, 2.4193 0.0591 0.3937, 2.2028 0.2953 0.3937, 2.5177 0.2953 0.3937, 2.1634 0.2271 0.0, 2.3012 0.0591 0.0, 2.1634 -0.1772 0.0, 2.3012 -0.0591 0.0, 2.2028 0.2953 0.0, 2.5177 0.2953 0.0, 2.4193 0.0591 0.0, 2.4193 -0.0591 0.0, 1.7697 -0.1772 0.0, 1.7697 0.2271 0.0, 1.9075 0.0591 0.0, 1.8091 0.2953 0.0, 2.124 0.2953 0.0, 2.0256 0.0591 0.0, 2.0256 -0.0591 0.0, 1.9075 -0.0591 0.0, 1.376 -0.1772 0.0, 1.376 0.2271 0.0, 1.5138 0.0591 0.0, 1.4154 0.2953 0.0, 1.7303 0.2953 0.0, 1.6319 0.0591 0.0, 1.6319 -0.0591 0.0, 1.5138 -0.0591 0.0, 1.2382 0.0591 0.0, 1.2382 -0.0591 0.0, 1.1201 -0.0591 0.0, 1.3366 0.2953 0.0, 1.0217 0.2953 0.0, 0.9823 0.2271 0.0, 1.1201 0.0591 0.0, 0.9823 -0.1772 0.0, 0.8445 0.0591 0.0, 0.8445 -0.0591 0.0, 0.7264 -0.0591 0.0, 0.9429 0.2953 0.0, 0.628 0.2953 0.0, 0.5886 0.2271 0.0, 0.7264 0.0591 0.0, 0.5886 -0.1772 0.0, 0.4508 0.0591 0.0, 0.4508 -0.0591 0.0, 0.3327 -0.0591 0.0, 0.5492 0.2953 0.0, 0.2343 0.2953 0.0, 0.1949 0.2271 0.0, 0.3327 0.0591 0.0, 0.1949 -0.1772 0.0, -0.1988 -0.1772 0.0, -0.1988 0.2271 0.0, -0.061 0.0591 0.0, -0.1594 0.2953 0.0, 0.1555 0.2953 0.0, 0.0571 0.0591 0.0, 0.0571 -0.0591 0.0, -0.061 -0.0591 0.0, -0.4547 -0.0591 0.0, -0.3366 -0.0591 0.0, -0.7303 -0.0591 0.0, -0.7303 0.0591 0.0, -0.5925 0.2271 0.0, -0.3366 0.0591 0.0, -0.2382 0.2953 0.0, -0.4547 0.0591 0.0, -0.5531 0.2953 0.0, -0.6319 0.2953 0.0, -0.9469 0.2953 0.0, -0.9862 0.2271 0.0, -0.8484 0.0591 0.0, -0.9862 -0.1772 0.0, -0.8484 -0.0591 0.0, -1.0256 0.2953 0.0, -1.3406 0.2953 0.0, -1.124 0.0591 0.0, -1.3799 0.2271 0.0, -1.2421 0.0591 0.0, -1.3799 -0.1772 0.0, -1.2421 -0.0591 0.0, -1.124 -0.0591 0.0, -1.7736 0.2271 0.0, -1.7343 0.2953 0.0, -1.6358 0.0591 0.0, -1.4193 0.2953 0.0, -1.5177 0.0591 0.0, -1.5177 -0.0591 0.0, -1.6358 -0.0591 0.0, -1.7736 -0.1772 0.0, -2.1673 -0.1772 0.0, -2.1673 0.2271 0.0, -2.0295 0.0591 0.0, -2.128 0.2953 0.0, -1.813 0.2953 0.0, -1.9114 0.0591 0.0, -1.9114 -0.0591 0.0, -2.0295 -0.0591 0.0, -2.4921 -0.1772 0.0, -2.4921 0.2953 0.0, -2.4232 0.0591 0.0, -2.2067 0.2953 0.0, -2.3051 0.0591 0.0, -2.3051 -0.0591 0.0, -2.4232 -0.0591 0.0, -2.5217 -0.2953 0.0, -2.561 -0.2271 0.0, -2.561 -0.1772 0.0, -2.561 0.2271 0.0, -2.5217 0.2953 0.0, -2.4921 -0.2953 0.0, -2.1673 -0.2271 0.0, -2.2067 -0.2953 0.0, -1.813 -0.2953 0.0, -2.128 -0.2953 0.0, -1.7736 -0.2271 0.0, -1.4193 -0.2953 0.0, -1.7343 -0.2953 0.0, -1.3799 -0.2271 0.0, -1.0256 -0.2953 0.0, -1.3406 -0.2953 0.0, -0.9862 -0.2271 0.0, -0.2382 -0.2953 0.0, -0.5531 -0.2953 0.0, -0.1988 -0.2271 0.0, -0.5925 -0.2271 0.0, -0.6319 -0.2953 0.0, -0.9469 -0.2953 0.0, 0.1555 -0.2953 0.0, -0.1594 -0.2953 0.0, 0.1949 -0.2271 0.0, 0.5492 -0.2953 0.0, 0.2343 -0.2953 0.0, 0.5886 -0.2271 0.0, 0.9429 -0.2953 0.0, 0.628 -0.2953 0.0, 0.9823 -0.2271 0.0, 1.3366 -0.2953 0.0, 1.0217 -0.2953 0.0, 1.376 -0.2271 0.0, 1.7303 -0.2953 0.0, 1.4154 -0.2953 0.0, 1.7697 -0.2271 0.0, 2.124 -0.2953 0.0, 1.8091 -0.2953 0.0, 2.1634 -0.2271 0.0, 2.5177 -0.2953 0.0, 2.2028 -0.2953 0.0
            ]
        }
        coordIndex [
            0,1,2,-1,3,4,5,-1,6,7,8,-1,9,10,11,-1,12,13,14,-1,15,16,17,-1,18,19,20,-1,21,22,23,-1,23,22,3,-1,24,25,23,-1,23,25,26,-1,26,27,23,-1,23,27,28,-1,23,28,21,-1,29,30,31,-1,29,31,32,-1,33,34,35,-1,32,31,36,-1,36,31,37,-1,36,37,38,-1,38,37,39,-1,38,39,40,-1,40,39,35,-1,40,35,41,-1,34,42,35,-1,35,42,43,-1,35,43,41,-1,41,43,44,-1,41,44,45,-1,45,44,46,-1,45,46,47,-1,20,19,48,-1,19,49,48,-1,48,49,50,-1,48,50,35,-1,35,50,51,-1,35,51,33,-1,52,53,54,-1,53,55,54,-1,54,55,56,-1,54,56,57,-1,57,58,54,-1,54,58,59,-1,54,59,20,-1,20,59,60,-1,20,60,18,-1,61,62,63,-1,63,62,64,-1,63,64,54,-1,54,64,65,-1,54,65,52,-1,66,67,68,-1,61,63,68,-1,68,63,69,-1,68,69,66,-1,70,71,72,-1,72,71,73,-1,72,73,66,-1,66,73,74,-1,66,74,67,-1,0,75,1,-1,1,75,76,-1,1,76,77,-1,77,78,1,-1,1,78,79,-1,1,79,70,-1,80,81,4,-1,82,83,84,-1,85,86,0,-1,85,0,87,-1,88,89,84,-1,84,89,90,-1,84,90,91,-1,92,93,94,-1,94,93,95,-1,4,81,0,-1,0,81,96,-1,0,96,87,-1,97,98,94,-1,94,98,99,-1,94,99,92,-1,100,101,91,-1,91,101,102,-1,91,102,84,-1,84,102,103,-1,84,103,82,-1,95,104,94,-1,94,104,105,-1,94,105,106,-1,107,108,75,-1,75,108,109,-1,97,94,110,-1,110,94,111,-1,110,111,112,-1,113,114,115,-1,115,116,113,-1,113,116,117,-1,113,117,118,-1,114,113,119,-1,119,113,120,-1,119,120,91,-1,91,120,121,-1,91,121,100,-1,122,123,94,-1,94,123,124,-1,94,124,84,-1,84,124,125,-1,84,125,88,-1,109,126,75,-1,75,126,127,-1,75,127,128,-1,112,111,129,-1,129,111,130,-1,129,130,128,-1,128,130,131,-1,128,131,75,-1,86,132,0,-1,0,132,133,-1,0,133,75,-1,75,133,134,-1,75,134,107,-1,106,135,94,-1,94,135,136,-1,94,136,122,-1,137,138,139,-1,139,91,137,-1,137,91,90,-1,137,90,140,-1,140,90,141,-1,141,142,140,-1,140,142,143,-1,140,143,144,-1,145,146,147,-1,145,147,148,-1,149,147,150,-1,138,137,149,-1,149,137,151,-1,149,151,147,-1,147,151,152,-1,147,152,148,-1,150,153,149,-1,149,153,154,-1,149,154,155,-1,146,156,147,-1,147,156,157,-1,147,157,158,-1,158,157,159,-1,160,161,155,-1,155,161,162,-1,155,162,149,-1,163,164,159,-1,159,164,165,-1,159,165,158,-1,22,166,3,-1,3,166,167,-1,3,167,4,-1,4,167,168,-1,4,168,80,-1,169,170,171,-1,171,170,172,-1,171,172,173,-1,173,172,174,-1,173,174,175,-1,176,177,178,-1,178,177,179,-1,179,177,180,-1,180,177,172,-1,180,172,181,-1,181,172,170,-1,181,170,17,-1,17,170,182,-1,17,182,15,-1,174,183,175,-1,175,183,184,-1,175,184,185,-1,185,184,186,-1,187,188,189,-1,189,188,190,-1,191,192,193,-1,193,192,194,-1,193,194,13,-1,195,196,197,-1,197,196,198,-1,197,198,194,-1,199,200,201,-1,202,203,199,-1,199,203,204,-1,199,204,205,-1,206,207,208,-1,208,207,209,-1,187,210,188,-1,188,210,211,-1,188,211,212,-1,212,211,213,-1,214,215,213,-1,213,215,216,-1,213,216,212,-1,205,217,199,-1,199,217,218,-1,199,218,200,-1,219,220,197,-1,197,220,221,-1,197,221,195,-1,222,223,224,-1,225,226,227,-1,206,228,207,-1,207,228,229,-1,207,229,230,-1,201,231,199,-1,199,231,232,-1,199,232,207,-1,207,232,190,-1,207,190,209,-1,209,190,188,-1,233,192,234,-1,235,236,213,-1,213,236,237,-1,213,237,238,-1,222,224,191,-1,227,239,225,-1,225,239,233,-1,225,233,240,-1,240,233,234,-1,224,241,191,-1,191,241,242,-1,191,242,192,-1,192,242,243,-1,192,243,234,-1,238,244,213,-1,213,244,245,-1,213,245,214,-1,12,14,246,-1,246,14,247,-1,246,247,248,-1,248,247,10,-1,10,247,249,-1,10,249,11,-1,250,251,11,-1,252,253,11,-1,11,253,254,-1,255,256,257,-1,257,256,258,-1,257,258,259,-1,259,260,257,-1,257,260,261,-1,257,261,262,-1,262,261,263,-1,262,263,250,-1,264,265,251,-1,251,265,266,-1,251,266,11,-1,11,266,267,-1,11,267,252,-1,254,268,11,-1,11,268,269,-1,11,269,9,-1,270,271,272,-1,272,271,273,-1,272,273,274,-1,272,275,270,-1,270,275,276,-1,270,276,277,-1,277,278,270,-1,270,278,279,-1,270,279,280,-1,280,279,281,-1,280,281,282,-1,282,281,283,-1,282,283,251,-1,251,283,284,-1,251,284,264,-1,285,286,274,-1,274,286,287,-1,274,287,272,-1,288,289,223,-1,223,289,290,-1,223,290,224,-1,288,291,289,-1,289,291,292,-1,289,292,293,-1,293,292,294,-1,293,295,296,-1,294,297,293,-1,293,297,298,-1,293,298,299,-1,299,300,293,-1,293,300,301,-1,293,301,295,-1,296,302,293,-1,293,302,303,-1,293,303,304,-1,305,306,307,-1,307,306,308,-1,307,308,309,-1,310,311,312,-1,312,311,313,-1,306,314,308,-1,308,314,315,-1,308,315,316,-1,316,315,317,-1,316,317,318,-1,318,317,319,-1,318,319,313,-1,313,319,320,-1,313,320,312,-1,321,322,323,-1,324,325,326,-1,321,323,327,-1,327,323,328,-1,327,328,326,-1,326,328,329,-1,326,329,324,-1,330,331,318,-1,332,333,316,-1,330,318,334,-1,324,335,325,-1,325,335,336,-1,325,336,318,-1,318,336,337,-1,318,337,334,-1,316,338,321,-1,321,338,339,-1,321,339,322,-1,333,340,316,-1,316,340,341,-1,316,341,338,-1,331,342,318,-1,318,342,343,-1,318,343,316,-1,316,343,344,-1,316,344,332,-1,326,345,346,-1,346,345,347,-1,348,349,350,-1,350,349,351,-1,351,349,352,-1,352,349,353,-1,352,353,354,-1,354,353,355,-1,354,355,8,-1,8,355,356,-1,8,356,6,-1,357,358,359,-1,346,355,326,-1,326,355,353,-1,326,353,327,-1,327,353,360,-1,327,360,359,-1,359,360,361,-1,359,361,357,-1,347,345,362,-1,362,345,363,-1,362,363,357,-1,364,365,363,-1,363,365,366,-1,363,366,367,-1,368,369,358,-1,369,370,358,-1,358,370,371,-1,358,371,372,-1,373,374,375,-1,375,374,368,-1,375,368,376,-1,377,378,368,-1,368,378,379,-1,368,379,376,-1,380,381,368,-1,368,381,382,-1,368,382,383,-1,384,385,386,-1,387,388,375,-1,375,388,389,-1,375,389,373,-1,357,363,358,-1,358,363,367,-1,358,367,368,-1,368,367,390,-1,368,390,380,-1,383,391,368,-1,368,391,392,-1,368,392,377,-1,384,386,375,-1,375,386,393,-1,375,393,387,-1,394,395,396,-1,396,395,397,-1,397,395,398,-1,397,398,364,-1,394,399,400,-1,400,399,401,-1,402,403,399,-1,399,403,404,-1,399,404,401,-1,405,406,407,-1,408,409,410,-1,410,409,411,-1,410,411,399,-1,399,411,412,-1,399,412,402,-1,413,414,415,-1,415,414,416,-1,415,416,417,-1,418,419,207,-1,207,419,420,-1,207,420,415,-1,415,420,421,-1,415,421,413,-1,372,418,257,-1,257,418,207,-1,257,207,255,-1,255,207,230,-1,255,230,226,-1,226,230,422,-1,226,422,227,-1,13,194,14,-1,14,194,198,-1,14,198,247,-1,247,198,423,-1,247,423,202,-1,202,423,424,-1,202,424,203,-1,425,426,427,-1,169,171,428,-1,428,171,429,-1,428,429,186,-1,186,429,427,-1,186,427,185,-1,185,427,426,-1,185,426,430,-1,431,432,433,-1,427,434,425,-1,425,434,435,-1,425,435,436,-1,436,435,431,-1,436,431,437,-1,437,431,433,-1,438,439,11,-1,250,11,262,-1,262,11,439,-1,262,439,434,-1,434,439,440,-1,434,440,435,-1,441,442,438,-1,443,444,445,-1,445,444,446,-1,445,446,441,-1,441,438,445,-1,445,438,11,-1,445,11,447,-1,447,11,249,-1,447,249,448,-1,447,449,445,-1,445,449,450,-1,445,450,451,-1,452,453,454,-1,454,453,455,-1,454,455,249,-1,249,455,456,-1,249,456,448,-1,451,457,445,-1,445,457,458,-1,445,458,443,-1,459,460,461,-1,459,461,430,-1,460,462,461,-1,461,462,463,-1,461,463,454,-1,454,463,464,-1,454,464,452,-1,465,69,466,-1,466,69,63,-1,466,63,467,-1,467,63,54,-1,467,54,468,-1,468,54,20,-1,468,20,469,-1,469,20,48,-1,469,48,470,-1,470,48,35,-1,470,35,471,-1,471,35,39,-1,472,473,407,-1,407,473,474,-1,475,410,23,-1,406,408,407,-1,407,408,410,-1,407,410,472,-1,472,410,475,-1,472,475,476,-1,5,407,3,-1,3,407,474,-1,3,474,23,-1,23,474,477,-1,23,477,475,-1,478,479,5,-1,478,480,479,-1,479,480,481,-1,479,481,482,-1,483,484,485,-1,485,484,480,-1,485,480,486,-1,486,480,478,-1,486,478,487,-1,487,478,488,-1,2,479,0,-1,0,479,482,-1,0,482,4,-1,4,482,489,-1,4,489,5,-1,5,489,490,-1,5,490,478,-1,394,396,399,-1,399,396,491,-1,399,491,410,-1,410,491,31,-1,410,31,23,-1,23,31,30,-1,23,30,24,-1,2,202,479,-1,479,202,199,-1,479,199,5,-1,5,199,207,-1,5,207,407,-1,407,207,415,-1,407,415,405,-1,405,415,417,-1,372,257,358,-1,358,257,262,-1,358,262,359,-1,359,262,434,-1,359,434,327,-1,327,434,427,-1,327,427,321,-1,321,427,429,-1,321,429,316,-1,316,429,171,-1,316,171,308,-1,364,363,397,-1,397,363,345,-1,397,345,492,-1,492,345,326,-1,492,326,493,-1,493,326,325,-1,493,325,494,-1,494,325,318,-1,494,318,495,-1,495,318,313,-1,495,313,496,-1,496,313,311,-1,496,311,497,-1,498,173,499,-1,499,173,500,-1,499,500,501,-1,501,500,502,-1,503,504,498,-1,498,504,505,-1,498,505,173,-1,173,505,506,-1,312,309,310,-1,310,309,308,-1,310,308,502,-1,502,308,171,-1,502,171,501,-1,501,171,507,-1,508,509,507,-1,507,509,510,-1,507,510,511,-1,512,171,513,-1,513,171,173,-1,513,173,514,-1,514,173,506,-1,514,506,515,-1,515,506,516,-1,512,517,171,-1,171,517,518,-1,171,518,507,-1,507,518,519,-1,507,519,508,-1,520,521,506,-1,506,521,522,-1,506,522,516,-1,511,523,507,-1,507,523,524,-1,507,524,506,-1,506,524,525,-1,506,525,520,-1,430,461,185,-1,185,461,526,-1,185,526,175,-1,175,526,527,-1,175,527,173,-1,173,527,528,-1,173,528,500,-1,70,72,1,-1,1,72,529,-1,1,529,2,-1,2,529,530,-1,2,530,202,-1,202,530,531,-1,202,531,247,-1,247,531,532,-1,247,532,249,-1,249,532,533,-1,249,533,454,-1,454,533,534,-1,454,534,461,-1,461,534,535,-1,461,535,526,-1,526,535,536,-1,526,536,527,-1,527,536,537,-1,527,537,528,-1,538,539,540,-1,541,542,543,-1,544,545,546,-1,547,548,549,-1,550,551,552,-1,552,551,547,-1,553,554,555,-1,555,554,552,-1,556,557,558,-1,558,557,555,-1,558,555,559,-1,559,555,552,-1,559,552,560,-1,560,552,547,-1,560,547,561,-1,562,563,564,-1,565,566,564,-1,564,566,558,-1,564,558,562,-1,562,558,559,-1,567,568,569,-1,569,568,564,-1,569,564,570,-1,570,564,563,-1,571,572,573,-1,573,572,569,-1,573,569,574,-1,574,569,570,-1,575,576,577,-1,578,579,580,-1,580,579,575,-1,581,582,583,-1,584,585,583,-1,583,585,580,-1,583,580,581,-1,581,580,575,-1,586,587,544,-1,544,587,583,-1,544,583,545,-1,545,583,582,-1,588,589,590,-1,591,588,592,-1,592,593,594,-1,591,592,595,-1,595,592,594,-1,595,594,596,-1,593,592,597,-1,597,592,598,-1,597,598,599,-1,600,601,546,-1,546,601,602,-1,590,544,588,-1,588,544,546,-1,588,546,592,-1,592,546,602,-1,602,603,592,-1,592,603,604,-1,592,604,598,-1,598,604,601,-1,598,601,605,-1,605,601,600,-1,606,607,600,-1,608,606,609,-1,609,606,600,-1,609,600,610,-1,610,600,546,-1,610,546,611,-1,611,546,545,-1,611,545,612,-1,612,545,608,-1,612,608,609,-1,613,614,608,-1,615,613,616,-1,616,613,608,-1,616,608,617,-1,617,608,545,-1,617,545,618,-1,618,545,582,-1,618,582,619,-1,619,582,615,-1,619,615,616,-1,620,621,615,-1,543,620,541,-1,541,620,615,-1,541,615,622,-1,622,615,582,-1,622,582,623,-1,623,582,581,-1,623,581,542,-1,624,625,581,-1,626,627,628,-1,628,627,629,-1,628,629,630,-1,630,629,631,-1,630,631,574,-1,574,631,632,-1,574,632,633,-1,542,581,543,-1,543,581,625,-1,543,625,634,-1,577,573,575,-1,575,573,574,-1,575,574,581,-1,581,574,633,-1,581,633,624,-1,624,633,629,-1,624,629,635,-1,635,629,627,-1,635,627,634,-1,634,627,636,-1,634,636,543,-1,543,636,637,-1,638,639,630,-1,640,638,641,-1,641,638,630,-1,641,630,642,-1,642,630,574,-1,642,574,643,-1,643,574,570,-1,643,570,644,-1,644,570,640,-1,644,640,641,-1,645,646,640,-1,647,645,648,-1,648,645,640,-1,648,640,649,-1,649,640,570,-1,649,570,650,-1,650,570,563,-1,650,563,651,-1,651,563,647,-1,651,647,648,-1,652,653,647,-1,654,652,655,-1,655,652,647,-1,655,647,656,-1,656,647,563,-1,656,563,657,-1,657,563,562,-1,657,562,658,-1,658,562,654,-1,658,654,655,-1,659,660,654,-1,661,659,662,-1,662,659,654,-1,662,654,663,-1,663,654,562,-1,663,562,664,-1,664,562,559,-1,664,559,665,-1,665,559,661,-1,665,661,662,-1,666,667,661,-1,668,666,669,-1,669,666,661,-1,669,661,670,-1,670,661,559,-1,670,559,671,-1,671,559,560,-1,671,560,672,-1,672,560,668,-1,672,668,669,-1,673,674,668,-1,540,673,538,-1,538,673,668,-1,538,668,675,-1,675,668,560,-1,675,560,676,-1,676,560,561,-1,676,561,539,-1,677,678,561,-1,539,561,540,-1,540,561,678,-1,540,678,679,-1,549,471,547,-1,547,471,39,-1,547,39,561,-1,561,39,37,-1,561,37,677,-1,677,37,31,-1,677,31,680,-1,680,31,491,-1,491,396,680,-1,680,396,397,-1,680,397,492,-1,492,493,680,-1,680,493,494,-1,680,494,495,-1,681,540,682,-1,682,540,679,-1,682,679,497,-1,497,679,680,-1,497,680,496,-1,496,680,495,-1,683,684,685,-1,685,684,686,-1,683,687,684,-1,684,687,688,-1,684,688,689,-1,689,688,537,-1,689,537,536,-1,536,535,689,-1,689,535,534,-1,689,534,533,-1,533,532,689,-1,689,532,531,-1,689,531,530,-1,66,690,72,-1,72,690,689,-1,72,689,529,-1,529,689,530,-1,691,692,693,-1,692,694,693,-1,693,694,695,-1,693,695,696,-1,696,695,683,-1,696,683,697,-1,697,683,685,-1,697,685,698,-1,699,700,701,-1,700,702,701,-1,701,702,703,-1,701,703,704,-1,704,703,692,-1,704,692,705,-1,705,692,691,-1,705,691,706,-1,707,700,708,-1,708,700,699,-1,708,699,709,-1,710,700,711,-1,711,700,707,-1,711,707,712,-1,712,707,713,-1,712,713,714,-1,715,712,716,-1,716,712,714,-1,716,714,717,-1,718,712,719,-1,719,712,715,-1,719,715,720,-1,720,715,721,-1,720,721,722,-1,723,720,724,-1,724,720,722,-1,724,722,725,-1,726,720,727,-1,727,720,723,-1,727,723,728,-1,728,723,729,-1,728,729,730,-1,731,732,733,-1,732,734,733,-1,733,734,735,-1,733,735,736,-1,736,735,728,-1,736,728,737,-1,737,728,730,-1,737,730,738,-1,739,740,731,-1,741,742,743,-1,731,740,732,-1,732,740,744,-1,732,744,745,-1,745,744,746,-1,745,746,747,-1,748,743,749,-1,749,743,742,-1,749,742,750,-1,750,742,751,-1,750,751,752,-1,752,751,753,-1,752,753,741,-1,754,750,755,-1,755,750,756,-1,755,756,757,-1,757,756,758,-1,757,758,759,-1,759,758,760,-1,759,760,752,-1,752,760,761,-1,752,761,750,-1,750,761,756,-1,762,763,764,-1,764,763,765,-1,764,765,766,-1,766,765,757,-1,766,757,767,-1,767,757,759,-1,767,759,768,-1,768,759,769,-1,768,769,764,-1,764,769,762,-1,770,771,772,-1,771,773,772,-1,772,773,774,-1,772,774,775,-1,775,774,762,-1,775,762,776,-1,776,762,769,-1,776,769,777,-1,778,779,780,-1,779,781,771,-1,780,779,782,-1,782,779,771,-1,782,771,783,-1,783,771,770,-1,783,770,784,-1,785,786,778,-1,778,786,787,-1,778,787,779,-1,779,787,788,-1,779,788,789,-1,785,778,790,-1,790,778,791,-1,790,791,792,-1,793,794,795,-1,795,794,791,-1,795,791,770,-1,770,791,778,-1,770,778,784,-1,784,778,780,-1,796,797,798,-1,798,797,795,-1,799,800,801,-1,801,800,798,-1,802,803,804,-1,804,803,805,-1,804,805,731,-1,731,805,752,-1,731,752,739,-1,739,752,741,-1,739,741,746,-1,746,741,743,-1,746,743,747,-1,806,807,805,-1,805,807,801,-1,805,801,752,-1,752,801,798,-1,752,798,759,-1,759,798,795,-1,759,795,769,-1,769,795,770,-1,769,770,777,-1,777,770,772,-1,808,809,810,-1,810,809,804,-1,810,804,730,-1,730,804,731,-1,730,731,738,-1,738,731,733,-1,811,812,813,-1,813,812,810,-1,813,810,722,-1,722,810,730,-1,722,730,725,-1,725,730,729,-1,814,815,816,-1,816,815,813,-1,816,813,714,-1,714,813,722,-1,714,722,717,-1,717,722,721,-1,817,818,819,-1,819,818,816,-1,819,816,699,-1,699,816,714,-1,699,714,709,-1,709,714,713,-1,820,821,822,-1,822,821,819,-1,822,819,691,-1,691,819,699,-1,691,699,706,-1,706,699,701,-1,823,824,825,-1,825,824,822,-1,825,822,685,-1,685,822,691,-1,685,691,698,-1,698,691,693,-1,826,827,465,-1,465,827,825,-1,465,825,69,-1,69,825,685,-1,69,685,66,-1,66,685,686,-1,66,686,690,-1,597,788,593,-1,593,788,787,-1,593,787,594,-1,594,787,786,-1,548,827,549,-1,549,827,826,-1,550,824,551,-1,551,824,823,-1,553,821,554,-1,554,821,820,-1,556,818,557,-1,557,818,817,-1,565,815,566,-1,566,815,814,-1,576,803,577,-1,577,803,802,-1,808,572,809,-1,809,572,571,-1,578,807,579,-1,579,807,806,-1,584,800,585,-1,585,800,799,-1,586,797,587,-1,587,797,796,-1,567,812,568,-1,568,812,811,-1,792,591,790,-1,790,591,595,-1,790,595,785,-1,785,595,596,-1,793,590,794,-1,794,590,589,-1,748,749,636,-1,636,749,637,-1,754,755,620,-1,620,755,621,-1,765,763,613,-1,613,763,614,-1,774,773,606,-1,606,773,607,-1,605,781,598,-1,598,781,779,-1,598,779,599,-1,599,779,789,-1,626,628,747,-1,747,628,745,-1,695,694,673,-1,673,694,674,-1,703,702,666,-1,666,702,667,-1,710,711,659,-1,659,711,660,-1,726,727,645,-1,645,727,646,-1,653,652,719,-1,719,652,718,-1,639,638,734,-1,734,638,735,-1,688,687,682,-1,682,687,681,-1,
        ]
    }
}
Shape{
    appearance Appearance {
        material  Material {
            diffuseColor 0.7529411764705882 0.7529411764705882 0.7529411764705882
            specularColor 0.3764705882352941 0.3764705882352941 0.3764705882352941
            ambientIntensity 0.7529
            transparency 0.0
            shininess 0.5
        }
    }
    geometry IndexedFaceSet {
        ccw TRUE
        solid FALSE
        coord DEF co Coordinate {
            point [
                -0.0324 -0.0304 -0.7874, -0.0324 0.0304 -0.7874, 0.0284 -0.0304 -0.7874, 0.0284 0.0304 -0.7874, -0.061 -0.0591 -0.7087, -0.061 -0.0591 0.0, -0.061 0.0591 -0.7087, -0.061 0.0591 0.0, 0.0571 0.0591 -0.7087, 0.0571 0.0591 0.0, 0.0571 -0.0591 -0.7087, 0.0571 -0.0591 0.0, -0.061 -0.0591 1.1024, -0.061 -0.0591 0.3937, 0.0571 -0.0591 1.1024, 0.0571 -0.0591 0.3937, 0.0571 0.0591 1.1024, 0.0571 0.0591 0.3937, -0.061 0.0591 1.1024, -0.061 0.0591 0.3937, -0.0324 0.0304 1.1811, -0.0324 -0.0304 1.1811, 0.0284 0.0304 1.1811, 0.0284 -0.0304 1.1811, -0.4261 -0.0304 -0.7874, -0.4261 0.0304 -0.7874, -0.3653 -0.0304 -0.7874, -0.3653 0.0304 -0.7874, -0.4547 -0.0591 -0.7087, -0.4547 -0.0591 0.0, -0.4547 0.0591 -0.7087, -0.4547 0.0591 0.0, -0.3366 0.0591 -0.7087, -0.3366 0.0591 0.0, -0.3366 -0.0591 -0.7087, -0.3366 -0.0591 0.0, -0.4547 -0.0591 1.1024, -0.4547 -0.0591 0.3937, -0.3366 -0.0591 1.1024, -0.3366 -0.0591 0.3937, -0.3366 0.0591 1.1024, -0.3366 0.0591 0.3937, -0.4547 0.0591 1.1024, -0.4547 0.0591 0.3937, -0.4261 0.0304 1.1811, -0.4261 -0.0304 1.1811, -0.3653 0.0304 1.1811, -0.3653 -0.0304 1.1811, -0.8198 -0.0304 -0.7874, -0.8198 0.0304 -0.7874, -0.759 -0.0304 -0.7874, -0.759 0.0304 -0.7874, -0.8484 -0.0591 -0.7087, -0.8484 -0.0591 0.0, -0.8484 0.0591 -0.7087, -0.8484 0.0591 0.0, -0.7303 0.0591 -0.7087, -0.7303 0.0591 0.0, -0.7303 -0.0591 -0.7087, -0.7303 -0.0591 0.0, -0.8484 -0.0591 1.1024, -0.8484 -0.0591 0.3937, -0.7303 -0.0591 1.1024, -0.7303 -0.0591 0.3937, -0.7303 0.0591 1.1024, -0.7303 0.0591 0.3937, -0.8484 0.0591 1.1024, -0.8484 0.0591 0.3937, -0.8198 0.0304 1.1811, -0.8198 -0.0304 1.1811, -0.759 0.0304 1.1811, -0.759 -0.0304 1.1811, -1.2135 -0.0304 -0.7874, -1.2135 0.0304 -0.7874, -1.1527 -0.0304 -0.7874, -1.1527 0.0304 -0.7874, -1.2421 -0.0591 -0.7087, -1.2421 -0.0591 0.0, -1.2421 0.0591 -0.7087, -1.2421 0.0591 0.0, -1.124 0.0591 -0.7087, -1.124 0.0591 0.0, -1.124 -0.0591 -0.7087, -1.124 -0.0591 0.0, -1.2421 -0.0591 1.1024, -1.2421 -0.0591 0.3937, -1.124 -0.0591 1.1024, -1.124 -0.0591 0.3937, -1.124 0.0591 1.1024, -1.124 0.0591 0.3937, -1.2421 0.0591 1.1024, -1.2421 0.0591 0.3937, -1.2135 0.0304 1.1811, -1.2135 -0.0304 1.1811, -1.1527 0.0304 1.1811, -1.1527 -0.0304 1.1811, -1.6072 -0.0304 -0.7874, -1.6072 0.0304 -0.7874, -1.5464 -0.0304 -0.7874, -1.5464 0.0304 -0.7874, -1.6358 -0.0591 -0.7087, -1.6358 -0.0591 0.0, -1.6358 0.0591 -0.7087, -1.6358 0.0591 0.0, -1.5177 0.0591 -0.7087, -1.5177 0.0591 0.0, -1.5177 -0.0591 -0.7087, -1.5177 -0.0591 0.0, -1.6358 -0.0591 1.1024, -1.6358 -0.0591 0.3937, -1.5177 -0.0591 1.1024, -1.5177 -0.0591 0.3937, -1.5177 0.0591 1.1024, -1.5177 0.0591 0.3937, -1.6358 0.0591 1.1024, -1.6358 0.0591 0.3937, -1.6072 0.0304 1.1811, -1.6072 -0.0304 1.1811, -1.5464 0.0304 1.1811, -1.5464 -0.0304 1.1811, -2.0009 -0.0304 -0.7874, -2.0009 0.0304 -0.7874, -1.9401 -0.0304 -0.7874, -1.9401 0.0304 -0.7874, -2.0295 -0.0591 -0.7087, -2.0295 -0.0591 0.0, -2.0295 0.0591 -0.7087, -2.0295 0.0591 0.0, -1.9114 0.0591 -0.7087, -1.9114 0.0591 0.0, -1.9114 -0.0591 -0.7087, -1.9114 -0.0591 0.0, -2.0295 -0.0591 1.1024, -2.0295 -0.0591 0.3937, -1.9114 -0.0591 1.1024, -1.9114 -0.0591 0.3937, -1.9114 0.0591 1.1024, -1.9114 0.0591 0.3937, -2.0295 0.0591 1.1024, -2.0295 0.0591 0.3937, -2.0009 0.0304 1.1811, -2.0009 -0.0304 1.1811, -1.9401 0.0304 1.1811, -1.9401 -0.0304 1.1811, -2.3946 -0.0304 -0.7874, -2.3946 0.0304 -0.7874, -2.3338 -0.0304 -0.7874, -2.3338 0.0304 -0.7874, -2.4232 -0.0591 -0.7087, -2.4232 -0.0591 0.0, -2.4232 0.0591 -0.7087, -2.4232 0.0591 0.0, -2.3051 0.0591 -0.7087, -2.3051 0.0591 0.0, -2.3051 -0.0591 -0.7087, -2.3051 -0.0591 0.0, -2.4232 -0.0591 1.1024, -2.4232 -0.0591 0.3937, -2.3051 -0.0591 1.1024, -2.3051 -0.0591 0.3937, -2.3051 0.0591 1.1024, -2.3051 0.0591 0.3937, -2.4232 0.0591 1.1024, -2.4232 0.0591 0.3937, -2.3946 0.0304 1.1811, -2.3946 -0.0304 1.1811, -2.3338 0.0304 1.1811, -2.3338 -0.0304 1.1811, 0.3613 -0.0304 -0.7874, 0.3613 0.0304 -0.7874, 0.4221 -0.0304 -0.7874, 0.4221 0.0304 -0.7874, 0.3327 -0.0591 -0.7087, 0.3327 -0.0591 0.0, 0.3327 0.0591 -0.7087, 0.3327 0.0591 0.0, 0.4508 0.0591 -0.7087, 0.4508 0.0591 0.0, 0.4508 -0.0591 -0.7087, 0.4508 -0.0591 0.0, 0.3327 -0.0591 1.1024, 0.3327 -0.0591 0.3937, 0.4508 -0.0591 1.1024, 0.4508 -0.0591 0.3937, 0.4508 0.0591 1.1024, 0.4508 0.0591 0.3937, 0.3327 0.0591 1.1024, 0.3327 0.0591 0.3937, 0.3613 0.0304 1.1811, 0.3613 -0.0304 1.1811, 0.4221 0.0304 1.1811, 0.4221 -0.0304 1.1811, 0.755 -0.0304 -0.7874, 0.755 0.0304 -0.7874, 0.8158 -0.0304 -0.7874, 0.8158 0.0304 -0.7874, 0.7264 -0.0591 -0.7087, 0.7264 -0.0591 0.0, 0.7264 0.0591 -0.7087, 0.7264 0.0591 0.0, 0.8445 0.0591 -0.7087, 0.8445 0.0591 0.0, 0.8445 -0.0591 -0.7087, 0.8445 -0.0591 0.0, 0.7264 -0.0591 1.1024, 0.7264 -0.0591 0.3937, 0.8445 -0.0591 1.1024, 0.8445 -0.0591 0.3937, 0.8445 0.0591 1.1024, 0.8445 0.0591 0.3937, 0.7264 0.0591 1.1024, 0.7264 0.0591 0.3937, 0.755 0.0304 1.1811, 0.755 -0.0304 1.1811, 0.8158 0.0304 1.1811, 0.8158 -0.0304 1.1811, 1.1487 -0.0304 -0.7874, 1.1487 0.0304 -0.7874, 1.2095 -0.0304 -0.7874, 1.2095 0.0304 -0.7874, 1.1201 -0.0591 -0.7087, 1.1201 -0.0591 0.0, 1.1201 0.0591 -0.7087, 1.1201 0.0591 0.0, 1.2382 0.0591 -0.7087, 1.2382 0.0591 0.0, 1.2382 -0.0591 -0.7087, 1.2382 -0.0591 0.0, 1.1201 -0.0591 1.1024, 1.1201 -0.0591 0.3937, 1.2382 -0.0591 1.1024, 1.2382 -0.0591 0.3937, 1.2382 0.0591 1.1024, 1.2382 0.0591 0.3937, 1.1201 0.0591 1.1024, 1.1201 0.0591 0.3937, 1.1487 0.0304 1.1811, 1.1487 -0.0304 1.1811, 1.2095 0.0304 1.1811, 1.2095 -0.0304 1.1811, 1.5424 -0.0304 -0.7874, 1.5424 0.0304 -0.7874, 1.6032 -0.0304 -0.7874, 1.6032 0.0304 -0.7874, 1.5138 -0.0591 -0.7087, 1.5138 -0.0591 0.0, 1.5138 0.0591 -0.7087, 1.5138 0.0591 0.0, 1.6319 0.0591 -0.7087, 1.6319 0.0591 0.0, 1.6319 -0.0591 -0.7087, 1.6319 -0.0591 0.0, 1.5138 -0.0591 1.1024, 1.5138 -0.0591 0.3937, 1.6319 -0.0591 1.1024, 1.6319 -0.0591 0.3937, 1.6319 0.0591 1.1024, 1.6319 0.0591 0.3937, 1.5138 0.0591 1.1024, 1.5138 0.0591 0.3937, 1.5424 0.0304 1.1811, 1.5424 -0.0304 1.1811, 1.6032 0.0304 1.1811, 1.6032 -0.0304 1.1811, 1.9361 -0.0304 -0.7874, 1.9361 0.0304 -0.7874, 1.9969 -0.0304 -0.7874, 1.9969 0.0304 -0.7874, 1.9075 -0.0591 -0.7087, 1.9075 -0.0591 0.0, 1.9075 0.0591 -0.7087, 1.9075 0.0591 0.0, 2.0256 0.0591 -0.7087, 2.0256 0.0591 0.0, 2.0256 -0.0591 -0.7087, 2.0256 -0.0591 0.0, 1.9075 -0.0591 1.1024, 1.9075 -0.0591 0.3937, 2.0256 -0.0591 1.1024, 2.0256 -0.0591 0.3937, 2.0256 0.0591 1.1024, 2.0256 0.0591 0.3937, 1.9075 0.0591 1.1024, 1.9075 0.0591 0.3937, 1.9361 0.0304 1.1811, 1.9361 -0.0304 1.1811, 1.9969 0.0304 1.1811, 1.9969 -0.0304 1.1811, 2.3298 -0.0304 -0.7874, 2.3298 0.0304 -0.7874, 2.3906 -0.0304 -0.7874, 2.3906 0.0304 -0.7874, 2.3012 -0.0591 -0.7087, 2.3012 -0.0591 0.0, 2.3012 0.0591 -0.7087, 2.3012 0.0591 0.0, 2.4193 0.0591 -0.7087, 2.4193 0.0591 0.0, 2.4193 -0.0591 -0.7087, 2.4193 -0.0591 0.0, 2.3012 -0.0591 1.1024, 2.3012 -0.0591 0.3937, 2.4193 -0.0591 1.1024, 2.4193 -0.0591 0.3937, 2.4193 0.0591 1.1024, 2.4193 0.0591 0.3937, 2.3012 0.0591 1.1024, 2.3012 0.0591 0.3937, 2.3298 0.0304 1.1811, 2.3298 -0.0304 1.1811, 2.3906 0.0304 1.1811, 2.3906 -0.0304 1.1811
            ]
        }
        coordIndex [
            0,1,2,-1,2,1,3,-1,4,5,6,-1,6,5,7,-1,8,9,10,-1,10,9,11,-1,6,7,8,-1,8,7,9,-1,10,11,4,-1,4,11,5,-1,12,13,14,-1,14,13,15,-1,16,17,18,-1,18,17,19,-1,20,21,22,-1,22,21,23,-1,14,15,16,-1,16,15,17,-1,18,19,12,-1,12,19,13,-1,8,3,6,-1,6,3,1,-1,10,2,8,-1,8,2,3,-1,0,4,1,-1,1,4,6,-1,4,0,10,-1,10,0,2,-1,14,23,12,-1,12,23,21,-1,16,22,14,-1,14,22,23,-1,20,18,21,-1,21,18,12,-1,18,20,16,-1,16,20,22,-1,24,25,26,-1,26,25,27,-1,28,29,30,-1,30,29,31,-1,32,33,34,-1,34,33,35,-1,30,31,32,-1,32,31,33,-1,34,35,28,-1,28,35,29,-1,36,37,38,-1,38,37,39,-1,40,41,42,-1,42,41,43,-1,44,45,46,-1,46,45,47,-1,38,39,40,-1,40,39,41,-1,42,43,36,-1,36,43,37,-1,48,49,50,-1,50,49,51,-1,52,53,54,-1,54,53,55,-1,56,57,58,-1,58,57,59,-1,54,55,56,-1,56,55,57,-1,58,59,52,-1,52,59,53,-1,60,61,62,-1,62,61,63,-1,64,65,66,-1,66,65,67,-1,68,69,70,-1,70,69,71,-1,62,63,64,-1,64,63,65,-1,66,67,60,-1,60,67,61,-1,72,73,74,-1,74,73,75,-1,76,77,78,-1,78,77,79,-1,80,81,82,-1,82,81,83,-1,78,79,80,-1,80,79,81,-1,82,83,76,-1,76,83,77,-1,84,85,86,-1,86,85,87,-1,88,89,90,-1,90,89,91,-1,92,93,94,-1,94,93,95,-1,86,87,88,-1,88,87,89,-1,90,91,84,-1,84,91,85,-1,96,97,98,-1,98,97,99,-1,100,101,102,-1,102,101,103,-1,104,105,106,-1,106,105,107,-1,102,103,104,-1,104,103,105,-1,106,107,100,-1,100,107,101,-1,108,109,110,-1,110,109,111,-1,112,113,114,-1,114,113,115,-1,116,117,118,-1,118,117,119,-1,110,111,112,-1,112,111,113,-1,114,115,108,-1,108,115,109,-1,120,121,122,-1,122,121,123,-1,124,125,126,-1,126,125,127,-1,128,129,130,-1,130,129,131,-1,126,127,128,-1,128,127,129,-1,130,131,124,-1,124,131,125,-1,132,133,134,-1,134,133,135,-1,136,137,138,-1,138,137,139,-1,140,141,142,-1,142,141,143,-1,134,135,136,-1,136,135,137,-1,138,139,132,-1,132,139,133,-1,144,145,146,-1,146,145,147,-1,148,149,150,-1,150,149,151,-1,152,153,154,-1,154,153,155,-1,150,151,152,-1,152,151,153,-1,154,155,148,-1,148,155,149,-1,156,157,158,-1,158,157,159,-1,160,161,162,-1,162,161,163,-1,164,165,166,-1,166,165,167,-1,158,159,160,-1,160,159,161,-1,162,163,156,-1,156,163,157,-1,168,169,170,-1,170,169,171,-1,172,173,174,-1,174,173,175,-1,176,177,178,-1,178,177,179,-1,174,175,176,-1,176,175,177,-1,178,179,172,-1,172,179,173,-1,180,181,182,-1,182,181,183,-1,184,185,186,-1,186,185,187,-1,188,189,190,-1,190,189,191,-1,182,183,184,-1,184,183,185,-1,186,187,180,-1,180,187,181,-1,192,193,194,-1,194,193,195,-1,196,197,198,-1,198,197,199,-1,200,201,202,-1,202,201,203,-1,198,199,200,-1,200,199,201,-1,202,203,196,-1,196,203,197,-1,204,205,206,-1,206,205,207,-1,208,209,210,-1,210,209,211,-1,212,213,214,-1,214,213,215,-1,206,207,208,-1,208,207,209,-1,210,211,204,-1,204,211,205,-1,216,217,218,-1,218,217,219,-1,220,221,222,-1,222,221,223,-1,224,225,226,-1,226,225,227,-1,222,223,224,-1,224,223,225,-1,226,227,220,-1,220,227,221,-1,228,229,230,-1,230,229,231,-1,232,233,234,-1,234,233,235,-1,236,237,238,-1,238,237,239,-1,230,231,232,-1,232,231,233,-1,234,235,228,-1,228,235,229,-1,240,241,242,-1,242,241,243,-1,244,245,246,-1,246,245,247,-1,248,249,250,-1,250,249,251,-1,246,247,248,-1,248,247,249,-1,250,251,244,-1,244,251,245,-1,252,253,254,-1,254,253,255,-1,256,257,258,-1,258,257,259,-1,260,261,262,-1,262,261,263,-1,254,255,256,-1,256,255,257,-1,258,259,252,-1,252,259,253,-1,264,265,266,-1,266,265,267,-1,268,269,270,-1,270,269,271,-1,272,273,274,-1,274,273,275,-1,270,271,272,-1,272,271,273,-1,274,275,268,-1,268,275,269,-1,276,277,278,-1,278,277,279,-1,280,281,282,-1,282,281,283,-1,284,285,286,-1,286,285,287,-1,278,279,280,-1,280,279,281,-1,282,283,276,-1,276,283,277,-1,288,289,290,-1,290,289,291,-1,292,293,294,-1,294,293,295,-1,296,297,298,-1,298,297,299,-1,294,295,296,-1,296,295,297,-1,298,299,292,-1,292,299,293,-1,300,301,302,-1,302,301,303,-1,304,305,306,-1,306,305,307,-1,308,309,310,-1,310,309,311,-1,302,303,304,-1,304,303,305,-1,306,307,300,-1,300,307,301,-1,32,27,30,-1,30,27,25,-1,34,26,32,-1,32,26,27,-1,24,28,25,-1,25,28,30,-1,28,24,34,-1,34,24,26,-1,38,47,36,-1,36,47,45,-1,40,46,38,-1,38,46,47,-1,44,42,45,-1,45,42,36,-1,42,44,40,-1,40,44,46,-1,56,51,54,-1,54,51,49,-1,58,50,56,-1,56,50,51,-1,48,52,49,-1,49,52,54,-1,52,48,58,-1,58,48,50,-1,62,71,60,-1,60,71,69,-1,64,70,62,-1,62,70,71,-1,68,66,69,-1,69,66,60,-1,66,68,64,-1,64,68,70,-1,80,75,78,-1,78,75,73,-1,82,74,80,-1,80,74,75,-1,72,76,73,-1,73,76,78,-1,76,72,82,-1,82,72,74,-1,86,95,84,-1,84,95,93,-1,88,94,86,-1,86,94,95,-1,92,90,93,-1,93,90,84,-1,90,92,88,-1,88,92,94,-1,104,99,102,-1,102,99,97,-1,106,98,104,-1,104,98,99,-1,96,100,97,-1,97,100,102,-1,100,96,106,-1,106,96,98,-1,110,119,108,-1,108,119,117,-1,112,118,110,-1,110,118,119,-1,116,114,117,-1,117,114,108,-1,114,116,112,-1,112,116,118,-1,128,123,126,-1,126,123,121,-1,130,122,128,-1,128,122,123,-1,120,124,121,-1,121,124,126,-1,124,120,130,-1,130,120,122,-1,134,143,132,-1,132,143,141,-1,136,142,134,-1,134,142,143,-1,140,138,141,-1,141,138,132,-1,138,140,136,-1,136,140,142,-1,152,147,150,-1,150,147,145,-1,154,146,152,-1,152,146,147,-1,144,148,145,-1,145,148,150,-1,148,144,154,-1,154,144,146,-1,158,167,156,-1,156,167,165,-1,160,166,158,-1,158,166,167,-1,164,162,165,-1,165,162,156,-1,162,164,160,-1,160,164,166,-1,176,171,174,-1,174,171,169,-1,178,170,176,-1,176,170,171,-1,168,172,169,-1,169,172,174,-1,172,168,178,-1,178,168,170,-1,182,191,180,-1,180,191,189,-1,184,190,182,-1,182,190,191,-1,188,186,189,-1,189,186,180,-1,186,188,184,-1,184,188,190,-1,200,195,198,-1,198,195,193,-1,202,194,200,-1,200,194,195,-1,192,196,193,-1,193,196,198,-1,196,192,202,-1,202,192,194,-1,206,215,204,-1,204,215,213,-1,208,214,206,-1,206,214,215,-1,212,210,213,-1,213,210,204,-1,210,212,208,-1,208,212,214,-1,224,219,222,-1,222,219,217,-1,226,218,224,-1,224,218,219,-1,216,220,217,-1,217,220,222,-1,220,216,226,-1,226,216,218,-1,230,239,228,-1,228,239,237,-1,232,238,230,-1,230,238,239,-1,236,234,237,-1,237,234,228,-1,234,236,232,-1,232,236,238,-1,248,243,246,-1,246,243,241,-1,250,242,248,-1,248,242,243,-1,240,244,241,-1,241,244,246,-1,244,240,250,-1,250,240,242,-1,254,263,252,-1,252,263,261,-1,256,262,254,-1,254,262,263,-1,260,258,261,-1,261,258,252,-1,258,260,256,-1,256,260,262,-1,272,267,270,-1,270,267,265,-1,274,266,272,-1,272,266,267,-1,264,268,265,-1,265,268,270,-1,268,264,274,-1,274,264,266,-1,278,287,276,-1,276,287,285,-1,280,286,278,-1,278,286,287,-1,284,282,285,-1,285,282,276,-1,282,284,280,-1,280,284,286,-1,296,291,294,-1,294,291,289,-1,298,290,296,-1,296,290,291,-1,288,292,289,-1,289,292,294,-1,292,288,298,-1,298,288,290,-1,302,311,300,-1,300,311,309,-1,304,310,302,-1,302,310,311,-1,308,306,309,-1,309,306,300,-1,306,308,304,-1,304,308,310,-1,
        ]
    }
}
Shape{
    appearance Appearance {
        material  Material {
            diffuseColor 0.25098039215686274 0.25098039215686274 0.25098039215686274
            specularColor 0.12549019607843137 0.12549019607843137 0.12549019607843137
            ambientIntensity 0.251
            transparency 0.0
            shininess 0.5
        }
    }
    geometry IndexedFaceSet {
        ccw TRUE
        solid FALSE
        coord DEF co Coordinate {
            point [
                0.1949 0.2271 0.3937, 0.1949 0.2271 0.0, 0.1555 0.2953 0.3937, 0.1555 0.2953 0.0, 0.2343 0.2953 0.3937, 0.2343 0.2953 0.0, -2.5217 0.2953 0.3937, -2.5217 0.2953 0.0, -2.561 0.2271 0.3937, -2.561 0.2271 0.0, 0.9823 0.2271 0.3937, 0.9823 0.2271 0.0, 0.9429 0.2953 0.3937, 0.9429 0.2953 0.0, 1.0217 0.2953 0.3937, 1.0217 0.2953 0.0, 0.5886 0.2271 0.3937, 0.5886 0.2271 0.0, 0.5492 0.2953 0.3937, 0.5492 0.2953 0.0, 0.628 0.2953 0.3937, 0.628 0.2953 0.0, 1.376 0.2271 0.3937, 1.376 0.2271 0.0, 1.3366 0.2953 0.3937, 1.3366 0.2953 0.0, 1.4154 0.2953 0.3937, 1.4154 0.2953 0.0, 1.7697 0.2271 0.3937, 1.7697 0.2271 0.0, 1.7303 0.2953 0.3937, 1.7303 0.2953 0.0, 1.8091 0.2953 0.3937, 1.8091 0.2953 0.0, 2.1634 0.2271 0.3937, 2.1634 0.2271 0.0, 2.124 0.2953 0.3937, 2.124 0.2953 0.0, 2.2028 0.2953 0.3937, 2.2028 0.2953 0.0, 2.5177 0.2953 0.0, 2.5177 0.2953 0.3937, 2.5571 0.2271 0.3937, 2.5571 0.2271 0.1379, 2.5571 0.2271 0.1108, 2.5571 0.2271 0.1029, 2.5571 0.2271 0.0684, 2.5571 0.2271 0.0578, 2.5571 0.2271 0.0, -0.1988 0.2271 0.3937, -0.1988 0.2271 0.0, -0.2382 0.2953 0.3937, -0.2382 0.2953 0.0, -0.1594 0.2953 0.3937, -0.1594 0.2953 0.0, -2.1673 0.2271 0.3937, -2.1673 0.2271 0.0, -2.2067 0.2953 0.3937, -2.2067 0.2953 0.0, -2.128 0.2953 0.3937, -2.128 0.2953 0.0, -1.7736 0.2271 0.3937, -1.7736 0.2271 0.0, -1.813 0.2953 0.3937, -1.813 0.2953 0.0, -1.7343 0.2953 0.3937, -1.7343 0.2953 0.0, -1.3799 0.2271 0.3937, -1.3799 0.2271 0.0, -1.4193 0.2953 0.3937, -1.4193 0.2953 0.0, -1.3406 0.2953 0.3937, -1.3406 0.2953 0.0, -0.9862 0.2271 0.3937, -0.9862 0.2271 0.0, -1.0256 0.2953 0.3937, -1.0256 0.2953 0.0, -0.9469 0.2953 0.3937, -0.9469 0.2953 0.0, -0.5925 0.2271 0.3937, -0.5925 0.2271 0.0, -0.6319 0.2953 0.3937, -0.6319 0.2953 0.0, -0.5531 0.2953 0.3937, -0.5531 0.2953 0.0, 0.1949 -0.2271 0.3937, 0.1555 -0.2953 0.3937, 0.1949 -0.2271 0.0, 0.1555 -0.2953 0.0, 0.2343 -0.2953 0.3937, 0.2343 -0.2953 0.0, -1.7736 -0.2271 0.3937, -1.813 -0.2953 0.3937, -1.7736 -0.2271 0.0, -1.813 -0.2953 0.0, -1.7343 -0.2953 0.3937, -1.7343 -0.2953 0.0, -2.1673 -0.2271 0.3937, -2.2067 -0.2953 0.3937, -2.1673 -0.2271 0.0, -2.2067 -0.2953 0.0, -2.128 -0.2953 0.3937, -2.128 -0.2953 0.0, -2.5217 -0.2953 0.3937, -2.561 -0.2271 0.3937, -2.5217 -0.2953 0.0, -2.561 -0.2271 0.0, 0.5886 -0.2271 0.3937, 0.5492 -0.2953 0.3937, 0.5886 -0.2271 0.0, 0.5492 -0.2953 0.0, 0.628 -0.2953 0.3937, 0.628 -0.2953 0.0, -1.3799 -0.2271 0.3937, -1.4193 -0.2953 0.3937, -1.3799 -0.2271 0.0, -1.4193 -0.2953 0.0, -1.3406 -0.2953 0.3937, -1.3406 -0.2953 0.0, -0.9862 -0.2271 0.3937, -1.0256 -0.2953 0.3937, -0.9862 -0.2271 0.0, -1.0256 -0.2953 0.0, -0.9469 -0.2953 0.3937, -0.9469 -0.2953 0.0, -0.5925 -0.2271 0.3937, -0.6319 -0.2953 0.3937, -0.5925 -0.2271 0.0, -0.6319 -0.2953 0.0, -0.5531 -0.2953 0.3937, -0.5531 -0.2953 0.0, -0.1988 -0.2271 0.3937, -0.2382 -0.2953 0.3937, -0.1988 -0.2271 0.0, -0.2382 -0.2953 0.0, -0.1594 -0.2953 0.3937, -0.1594 -0.2953 0.0, 0.9823 -0.2271 0.3937, 0.9429 -0.2953 0.3937, 0.9823 -0.2271 0.0, 0.9429 -0.2953 0.0, 1.0217 -0.2953 0.3937, 1.0217 -0.2953 0.0, 1.376 -0.2271 0.3937, 1.3366 -0.2953 0.3937, 1.376 -0.2271 0.0, 1.3366 -0.2953 0.0, 1.4154 -0.2953 0.3937, 1.4154 -0.2953 0.0, 1.7697 -0.2271 0.3937, 1.7303 -0.2953 0.3937, 1.7697 -0.2271 0.0, 1.7303 -0.2953 0.0, 1.8091 -0.2953 0.3937, 1.8091 -0.2953 0.0, 2.1634 -0.2271 0.3937, 2.124 -0.2953 0.3937, 2.1634 -0.2271 0.0, 2.124 -0.2953 0.0, 2.2028 -0.2953 0.3937, 2.2028 -0.2953 0.0, 2.5571 -0.2271 0.0, 2.5571 -0.2271 0.0578, 2.5177 -0.2953 0.0, 2.5571 -0.2271 0.0684, 2.5571 -0.2271 0.1029, 2.5571 -0.2271 0.3937, 2.5177 -0.2953 0.3937, 2.5571 -0.2271 0.1379, 2.5571 -0.2271 0.1108
            ]
        }
        coordIndex [
            0,1,2,-1,2,1,3,-1,4,5,0,-1,0,5,1,-1,6,7,8,-1,8,7,9,-1,10,11,12,-1,12,11,13,-1,14,15,10,-1,10,15,11,-1,16,17,18,-1,18,17,19,-1,20,21,16,-1,16,21,17,-1,22,23,24,-1,24,23,25,-1,26,27,22,-1,22,27,23,-1,28,29,30,-1,30,29,31,-1,32,33,28,-1,28,33,29,-1,34,35,36,-1,36,35,37,-1,38,39,34,-1,34,39,35,-1,40,41,42,-1,42,43,40,-1,40,43,44,-1,40,44,45,-1,45,46,40,-1,40,46,47,-1,40,47,48,-1,49,50,51,-1,51,50,52,-1,53,54,49,-1,49,54,50,-1,55,56,57,-1,57,56,58,-1,59,60,55,-1,55,60,56,-1,61,62,63,-1,63,62,64,-1,65,66,61,-1,61,66,62,-1,67,68,69,-1,69,68,70,-1,71,72,67,-1,67,72,68,-1,73,74,75,-1,75,74,76,-1,77,78,73,-1,73,78,74,-1,79,80,81,-1,81,80,82,-1,83,84,79,-1,79,84,80,-1,85,86,87,-1,87,86,88,-1,89,85,90,-1,90,85,87,-1,91,92,93,-1,93,92,94,-1,95,91,96,-1,96,91,93,-1,97,98,99,-1,99,98,100,-1,101,97,102,-1,102,97,99,-1,103,104,105,-1,105,104,106,-1,107,108,109,-1,109,108,110,-1,111,107,112,-1,112,107,109,-1,113,114,115,-1,115,114,116,-1,117,113,118,-1,118,113,115,-1,119,120,121,-1,121,120,122,-1,123,119,124,-1,124,119,121,-1,125,126,127,-1,127,126,128,-1,129,125,130,-1,130,125,127,-1,131,132,133,-1,133,132,134,-1,135,131,136,-1,136,131,133,-1,137,138,139,-1,139,138,140,-1,141,137,142,-1,142,137,139,-1,143,144,145,-1,145,144,146,-1,147,143,148,-1,148,143,145,-1,149,150,151,-1,151,150,152,-1,153,149,154,-1,154,149,151,-1,155,156,157,-1,157,156,158,-1,159,155,160,-1,160,155,157,-1,161,162,163,-1,163,162,164,-1,163,164,165,-1,166,167,168,-1,168,167,163,-1,168,163,169,-1,169,163,165,-1,
        ]
    }
}
Shape{
    appearance Appearance {
        material  Material {
            diffuseColor 1.0 1.0 1.0
            specularColor 0.5019607843137255 0.5019607843137255 0.5019607843137255
            ambientIntensity 1.0
            transparency 0.0
            shininess 0.5
        }
    }
    geometry IndexedFaceSet {
        ccw TRUE
        solid FALSE
        coord DEF co Coordinate {
            point [
                2.561 0.0119 0.114, 2.561 0.0119 0.111, 2.5571 0.0119 0.114, 2.5571 0.0119 0.111, 2.561 0.0013 0.114, 2.5571 0.0013 0.114, 2.561 0.0013 0.1377, 2.5571 0.0013 0.1377, 2.561 -0.0022 0.1377, 2.5571 -0.0022 0.1377, 2.561 -0.0022 0.111, 2.5571 -0.0022 0.111, 2.5571 0.0256 0.1105, 2.5571 0.0278 0.1108, 2.561 0.0256 0.1105, 2.561 0.0299 0.111, 2.5571 0.0299 0.111, 2.5571 0.0327 0.1119, 2.561 0.0327 0.1119, 2.5571 0.033 0.1121, 2.561 0.033 0.1121, 2.561 0.033 0.1154, 2.5571 0.033 0.1154, 2.5571 0.0303 0.1142, 2.561 0.0303 0.1142, 2.5571 0.0272 0.1136, 2.561 0.0272 0.1136, 2.5571 0.0261 0.1136, 2.561 0.0261 0.1136, 2.5571 0.0236 0.1139, 2.561 0.0236 0.1139, 2.5571 0.0217 0.1146, 2.561 0.0217 0.1146, 2.5571 0.0199 0.1158, 2.561 0.0199 0.1158, 2.5571 0.0192 0.1164, 2.561 0.0192 0.1164, 2.5571 0.0179 0.1183, 2.561 0.0179 0.1183, 2.5571 0.017 0.1205, 2.561 0.017 0.1205, 2.5571 0.0166 0.1238, 2.561 0.0166 0.1238, 2.5571 0.0166 0.124, 2.561 0.0166 0.124, 2.5571 0.017 0.1274, 2.561 0.017 0.1274, 2.5571 0.0178 0.1297, 2.561 0.0178 0.1297, 2.5571 0.0191 0.1316, 2.561 0.0191 0.1316, 2.5571 0.0194 0.1321, 2.561 0.0194 0.1321, 2.5571 0.0211 0.1335, 2.561 0.0211 0.1335, 2.5571 0.0232 0.1345, 2.561 0.0232 0.1345, 2.5571 0.0255 0.135, 2.561 0.0255 0.135, 2.5571 0.0267 0.135, 2.561 0.0267 0.135, 2.5571 0.0298 0.1347, 2.561 0.0298 0.1347, 2.5571 0.0326 0.1337, 2.561 0.0326 0.1337, 2.5571 0.033 0.1334, 2.561 0.033 0.1334, 2.561 0.033 0.137, 2.5571 0.033 0.137, 2.5571 0.0267 0.1381, 2.561 0.0267 0.1381, 2.561 0.0269 0.1381, 2.5571 0.0304 0.1378, 2.561 0.0304 0.1378, 2.5571 0.0294 0.1379, 2.5571 0.0269 0.1381, 2.5571 0.0246 0.1379, 2.561 0.0231 0.1377, 2.5571 0.0231 0.1377, 2.5571 0.0203 0.1367, 2.561 0.0203 0.1367, 2.5571 0.0176 0.1349, 2.561 0.0176 0.1349, 2.5571 0.0169 0.1342, 2.561 0.0169 0.1342, 2.5571 0.015 0.1318, 2.561 0.015 0.1318, 2.5571 0.0142 0.13, 2.561 0.0137 0.1289, 2.5571 0.0137 0.1289, 2.5571 0.0131 0.1254, 2.561 0.0131 0.1254, 2.5571 0.013 0.1238, 2.561 0.013 0.1238, 2.5571 0.0134 0.1199, 2.561 0.0134 0.1199, 2.5571 0.0142 0.1177, 2.561 0.0144 0.117, 2.5571 0.0144 0.117, 2.5571 0.016 0.1147, 2.561 0.016 0.1147, 2.5571 0.0164 0.1142, 2.561 0.0164 0.1142, 2.561 0.0238 0.1106, 2.5571 0.0184 0.1125, 2.561 0.0184 0.1125, 2.5571 0.0209 0.1113, 2.561 0.0209 0.1113, 2.5571 0.0232 0.1108, 2.5571 0.0238 0.1106, 2.561 0.0527 0.114, 2.561 0.0527 0.111, 2.5571 0.0527 0.114, 2.5571 0.0527 0.111, 2.5571 0.0418 0.114, 2.561 0.0418 0.114, 2.5571 0.049 0.114, 2.561 0.0418 0.123, 2.5571 0.0418 0.123, 2.561 0.0513 0.123, 2.5571 0.049 0.123, 2.5571 0.0513 0.123, 2.561 0.0513 0.1261, 2.5571 0.0513 0.1261, 2.5571 0.0418 0.1261, 2.561 0.0418 0.1261, 2.5571 0.049 0.1261, 2.561 0.0418 0.1346, 2.5571 0.0418 0.1346, 2.561 0.0521 0.1346, 2.5571 0.049 0.1346, 2.5571 0.0521 0.1346, 2.561 0.0521 0.1377, 2.5571 0.0521 0.1377, 2.5571 0.0383 0.1377, 2.561 0.0383 0.1377, 2.5571 0.049 0.1377, 2.561 0.0383 0.111, 2.5571 0.0383 0.111, 2.5571 0.049 0.111, 2.561 0.0758 0.1231, 2.561 0.0794 0.1228, 2.561 0.0758 0.1246, 2.561 0.0795 0.1247, 2.561 0.0755 0.1276, 2.561 0.0791 0.1281, 2.561 0.0748 0.1296, 2.561 0.0781 0.1307, 2.561 0.0738 0.1312, 2.561 0.0765 0.133, 2.561 0.0729 0.1321, 2.561 0.0754 0.1341, 2.561 0.0709 0.1334, 2.561 0.0728 0.136, 2.561 0.0685 0.1343, 2.561 0.0696 0.1372, 2.561 0.0652 0.1346, 2.561 0.0653 0.1377, 2.561 0.0612 0.1346, 2.561 0.0577 0.1377, 2.561 0.0612 0.114, 2.561 0.0577 0.111, 2.561 0.065 0.114, 2.561 0.0651 0.111, 2.561 0.0684 0.1144, 2.561 0.0692 0.1114, 2.561 0.0707 0.1152, 2.561 0.0723 0.1126, 2.561 0.0725 0.1163, 2.561 0.0749 0.1143, 2.561 0.073 0.1168, 2.561 0.0754 0.1147, 2.561 0.0744 0.1186, 2.561 0.0773 0.1169, 2.561 0.0753 0.1206, 2.561 0.0787 0.1197, 2.5571 0.0651 0.111, 2.5571 0.0577 0.111, 2.5571 0.0692 0.1114, 2.5571 0.07 0.1117, 2.5571 0.0723 0.1126, 2.5571 0.0749 0.1143, 2.5571 0.0754 0.1147, 2.5571 0.0773 0.1169, 2.5571 0.0787 0.1197, 2.5571 0.0794 0.1228, 2.5571 0.0795 0.1247, 2.5571 0.0791 0.1281, 2.5571 0.0781 0.1307, 2.5571 0.0765 0.133, 2.5571 0.0754 0.1341, 2.5571 0.0653 0.1377, 2.5571 0.0728 0.136, 2.5571 0.07 0.137, 2.5571 0.0696 0.1372, 2.5571 0.0577 0.1377, 2.5571 0.0652 0.1346, 2.5571 0.0612 0.1346, 2.5571 0.0612 0.114, 2.5571 0.065 0.114, 2.5571 0.073 0.1168, 2.5571 0.0725 0.1163, 2.5571 0.0707 0.1152, 2.5571 0.0684 0.1144, 2.5571 0.0758 0.1246, 2.5571 0.0758 0.1231, 2.5571 0.0753 0.1206, 2.5571 0.0744 0.1186, 2.5571 0.0729 0.1321, 2.5571 0.0738 0.1312, 2.5571 0.0748 0.1296, 2.5571 0.0755 0.1276, 2.5571 0.0685 0.1343, 2.5571 0.0709 0.1334
            ]
        }
        coordIndex [
            0,1,2,-1,2,1,3,-1,4,0,5,-1,5,0,2,-1,6,4,7,-1,7,4,5,-1,8,6,9,-1,9,6,7,-1,10,8,11,-1,11,8,9,-1,1,10,3,-1,3,10,11,-1,6,8,4,-1,4,8,10,-1,4,10,0,-1,0,10,1,-1,12,13,14,-1,14,13,15,-1,13,16,15,-1,15,16,17,-1,15,17,18,-1,18,17,19,-1,18,19,20,-1,21,20,22,-1,22,20,19,-1,21,22,23,-1,21,23,24,-1,24,23,25,-1,24,25,26,-1,26,25,27,-1,26,27,28,-1,28,27,29,-1,28,29,30,-1,30,29,31,-1,30,31,32,-1,32,31,33,-1,32,33,34,-1,34,33,35,-1,34,35,36,-1,36,35,37,-1,36,37,38,-1,38,37,39,-1,38,39,40,-1,40,39,41,-1,40,41,42,-1,42,41,43,-1,42,43,44,-1,44,43,45,-1,44,45,46,-1,46,45,47,-1,46,47,48,-1,48,47,49,-1,48,49,50,-1,50,49,51,-1,50,51,52,-1,52,51,53,-1,52,53,54,-1,54,53,55,-1,54,55,56,-1,56,55,57,-1,56,57,58,-1,58,57,59,-1,58,59,60,-1,60,59,61,-1,60,61,62,-1,62,61,63,-1,62,63,64,-1,64,63,65,-1,64,65,66,-1,67,66,68,-1,68,66,65,-1,69,70,71,-1,67,68,72,-1,67,72,73,-1,73,72,74,-1,73,74,71,-1,71,74,75,-1,71,75,69,-1,69,76,70,-1,70,76,77,-1,76,78,77,-1,77,78,79,-1,77,79,80,-1,80,79,81,-1,80,81,82,-1,82,81,83,-1,82,83,84,-1,84,83,85,-1,84,85,86,-1,86,85,87,-1,86,87,88,-1,87,89,88,-1,88,89,90,-1,88,90,91,-1,91,90,92,-1,91,92,93,-1,93,92,94,-1,93,94,95,-1,95,94,96,-1,95,96,97,-1,96,98,97,-1,97,98,99,-1,97,99,100,-1,100,99,101,-1,100,101,102,-1,12,14,103,-1,102,101,104,-1,102,104,105,-1,105,104,106,-1,105,106,107,-1,107,106,108,-1,107,108,103,-1,103,108,109,-1,103,109,12,-1,64,66,67,-1,38,40,95,-1,46,48,86,-1,95,40,93,-1,86,48,84,-1,64,67,62,-1,62,67,73,-1,62,73,60,-1,60,73,71,-1,60,71,58,-1,58,71,70,-1,58,70,56,-1,56,70,77,-1,56,77,54,-1,20,21,18,-1,18,21,24,-1,18,24,15,-1,15,24,14,-1,77,80,54,-1,54,80,82,-1,54,82,52,-1,52,82,84,-1,52,84,50,-1,50,84,48,-1,95,97,38,-1,38,97,100,-1,38,100,36,-1,36,100,102,-1,36,102,34,-1,34,102,105,-1,34,105,32,-1,32,105,107,-1,32,107,30,-1,30,107,103,-1,30,103,28,-1,28,103,14,-1,28,14,26,-1,26,14,24,-1,40,42,93,-1,93,42,44,-1,93,44,91,-1,91,44,46,-1,91,46,88,-1,88,46,86,-1,110,111,112,-1,112,111,113,-1,114,115,116,-1,116,115,110,-1,116,110,112,-1,117,115,118,-1,118,115,114,-1,117,118,119,-1,119,118,120,-1,119,120,121,-1,122,119,123,-1,123,119,121,-1,124,125,126,-1,126,125,122,-1,126,122,123,-1,127,125,128,-1,128,125,124,-1,127,128,129,-1,129,128,130,-1,129,130,131,-1,132,129,133,-1,133,129,131,-1,134,135,136,-1,136,135,132,-1,136,132,133,-1,137,135,138,-1,138,135,134,-1,137,138,111,-1,111,138,139,-1,111,139,113,-1,137,111,110,-1,110,115,137,-1,137,115,117,-1,137,117,135,-1,129,132,127,-1,127,132,135,-1,127,135,125,-1,125,135,117,-1,125,117,122,-1,122,117,119,-1,140,141,142,-1,142,141,143,-1,142,143,144,-1,144,143,145,-1,144,145,146,-1,146,145,147,-1,146,147,148,-1,148,147,149,-1,148,149,150,-1,150,149,151,-1,150,151,152,-1,152,151,153,-1,152,153,154,-1,154,153,155,-1,154,155,156,-1,156,155,157,-1,156,157,158,-1,158,157,159,-1,158,159,160,-1,160,159,161,-1,160,161,162,-1,162,161,163,-1,162,163,164,-1,164,163,165,-1,164,165,166,-1,166,165,167,-1,166,167,168,-1,168,167,169,-1,168,169,170,-1,170,169,171,-1,170,171,172,-1,172,171,173,-1,172,173,174,-1,174,173,175,-1,174,175,140,-1,140,175,141,-1,163,161,176,-1,176,161,177,-1,163,176,178,-1,163,178,165,-1,165,178,179,-1,165,179,167,-1,179,180,167,-1,167,180,181,-1,167,181,169,-1,169,181,182,-1,169,182,171,-1,171,182,183,-1,171,183,173,-1,173,183,184,-1,173,184,175,-1,175,184,185,-1,175,185,141,-1,141,185,186,-1,141,186,143,-1,143,186,187,-1,143,187,145,-1,145,187,188,-1,145,188,147,-1,147,188,189,-1,147,189,149,-1,149,189,190,-1,149,190,151,-1,191,157,155,-1,151,190,192,-1,151,192,153,-1,153,192,193,-1,153,193,155,-1,155,193,194,-1,155,194,191,-1,159,157,195,-1,195,157,191,-1,161,159,177,-1,177,159,195,-1,156,158,196,-1,196,158,197,-1,158,160,197,-1,197,160,198,-1,160,162,198,-1,198,162,199,-1,170,200,201,-1,170,201,168,-1,168,201,202,-1,168,202,166,-1,166,202,203,-1,166,203,164,-1,164,203,199,-1,164,199,162,-1,142,204,205,-1,142,205,140,-1,140,205,206,-1,140,206,174,-1,174,206,207,-1,174,207,172,-1,172,207,200,-1,172,200,170,-1,150,208,209,-1,150,209,148,-1,148,209,210,-1,148,210,146,-1,146,210,211,-1,146,211,144,-1,144,211,204,-1,144,204,142,-1,156,196,212,-1,156,212,154,-1,154,212,213,-1,154,213,152,-1,152,213,208,-1,152,208,150,-1,
        ]
    }
}
Shape{
    appearance Appearance {
        material  Material {
            diffuseColor 0.25098039215686274 0.25098039215686274 0.25098039215686274
            specularColor 0.12549019607843137 0.12549019607843137 0.12549019607843137
            ambientIntensity 0.251
            transparency 0.0
            shininess 0.5
        }
    }
    geometry IndexedFaceSet {
        ccw TRUE
        solid FALSE
        coord DEF co Coordinate {
            point [
                2.5571 0.0612 0.1346, 2.5571 0.0612 0.114, 2.5571 0.0652 0.1346, 2.5571 0.065 0.114, 2.5571 0.0684 0.1144, 2.5571 0.0707 0.1152, 2.5571 0.0725 0.1163, 2.5571 0.073 0.1168, 2.5571 0.0744 0.1186, 2.5571 0.0753 0.1206, 2.5571 0.0758 0.1231, 2.5571 0.0758 0.1246, 2.5571 0.0755 0.1276, 2.5571 0.0748 0.1296, 2.5571 0.0738 0.1312, 2.5571 0.0729 0.1321, 2.5571 0.0685 0.1343, 2.5571 0.0709 0.1334
            ]
        }
        coordIndex [
            0,1,2,-1,2,1,3,-1,2,3,4,-1,4,5,2,-1,2,5,6,-1,2,6,7,-1,7,8,2,-1,2,8,9,-1,2,9,10,-1,10,11,2,-1,2,11,12,-1,2,12,13,-1,13,14,2,-1,2,14,15,-1,2,15,16,-1,16,15,17,-1,
        ]
    }
}
Shape{
    appearance Appearance {
        material  Material {
            diffuseColor 1.0 1.0 1.0
            specularColor 0.5019607843137255 0.5019607843137255 0.5019607843137255
            ambientIntensity 1.0
            transparency 0.0
            shininess 0.5
        }
    }
    geometry IndexedFaceSet {
        ccw TRUE
        solid FALSE
        coord DEF co Coordinate {
            point [
                2.561 0.0884 0.1213, 2.561 0.0873 0.1183, 2.561 0.0974 0.1213, 2.561 0.0984 0.1183, 2.561 0.0924 0.1324, 2.561 0.0911 0.1377, 2.561 0.0809 0.111, 2.561 0.0847 0.111, 2.561 0.0926 0.1332, 2.561 0.0928 0.1343, 2.561 0.0948 0.1377, 2.561 0.0929 0.1343, 2.561 0.0931 0.1331, 2.561 0.0933 0.1324, 2.561 0.105 0.111, 2.561 0.1011 0.111, 2.5571 0.0948 0.1377, 2.5571 0.105 0.111, 2.5571 0.0911 0.1377, 2.5571 0.0809 0.111, 2.5571 0.0886 0.1312, 2.5571 0.0847 0.111, 2.5571 0.0873 0.1183, 2.5571 0.0984 0.1183, 2.5571 0.0886 0.1183, 2.5571 0.1011 0.111, 2.5571 0.0884 0.1213, 2.5571 0.0974 0.1213, 2.5571 0.0933 0.1324, 2.5571 0.0929 0.1343, 2.5571 0.0931 0.1331, 2.5571 0.0928 0.1343, 2.5571 0.0924 0.1324, 2.5571 0.0926 0.1332
            ]
        }
        coordIndex [
            0,1,2,-1,2,1,3,-1,4,5,0,-1,0,5,6,-1,0,6,1,-1,1,6,7,-1,4,8,5,-1,5,8,9,-1,5,9,10,-1,10,9,11,-1,10,11,12,-1,12,13,10,-1,10,13,2,-1,10,2,14,-1,14,2,3,-1,14,3,15,-1,10,14,16,-1,16,14,17,-1,5,10,18,-1,18,10,16,-1,19,6,20,-1,20,6,5,-1,20,5,18,-1,7,6,21,-1,21,6,19,-1,1,7,22,-1,22,7,21,-1,23,3,24,-1,24,3,1,-1,24,1,22,-1,15,3,25,-1,25,3,23,-1,14,15,17,-1,17,15,25,-1,0,2,26,-1,26,2,27,-1,2,13,27,-1,27,13,28,-1,11,29,30,-1,11,30,12,-1,12,30,28,-1,12,28,13,-1,11,9,29,-1,29,9,31,-1,4,32,33,-1,4,33,8,-1,8,33,31,-1,8,31,9,-1,4,0,32,-1,32,0,26,-1,
        ]
    }
}
Shape{
    appearance Appearance {
        material  Material {
            diffuseColor 0.25098039215686274 0.25098039215686274 0.25098039215686274
            specularColor 0.12549019607843137 0.12549019607843137 0.12549019607843137
            ambientIntensity 0.251
            transparency 0.0
            shininess 0.5
        }
    }
    geometry IndexedFaceSet {
        ccw TRUE
        solid FALSE
        coord DEF co Coordinate {
            point [
                2.5571 0.0929 0.1343, 2.5571 0.0928 0.1343, 2.5571 0.0931 0.1331, 2.5571 0.0926 0.1332, 2.5571 0.0933 0.1324, 2.5571 0.0924 0.1324, 2.5571 0.0974 0.1213, 2.5571 0.0884 0.1213
            ]
        }
        coordIndex [
            0,1,2,-1,2,1,3,-1,2,3,4,-1,4,3,5,-1,4,5,6,-1,6,5,7,-1,
        ]
    }
}
Shape{
    appearance Appearance {
        material  Material {
            diffuseColor 1.0 1.0 1.0
            specularColor 0.5019607843137255 0.5019607843137255 0.5019607843137255
            ambientIntensity 1.0
            transparency 0.0
            shininess 0.5
        }
    }
    geometry IndexedFaceSet {
        ccw TRUE
        solid FALSE
        coord DEF co Coordinate {
            point [
                2.561 0.0122 0.0717, 2.561 0.0122 0.0686, 2.5571 0.0122 0.0717, 2.5571 0.0122 0.0686, 2.561 0.0013 0.0717, 2.5571 0.0013 0.0717, 2.561 0.0013 0.0807, 2.5571 0.0013 0.0807, 2.561 0.0108 0.0807, 2.5571 0.0108 0.0807, 2.561 0.0108 0.0837, 2.5571 0.0108 0.0837, 2.561 0.0013 0.0837, 2.5571 0.0013 0.0837, 2.561 0.0013 0.0923, 2.5571 0.0013 0.0923, 2.561 0.0116 0.0923, 2.5571 0.0116 0.0923, 2.561 0.0116 0.0953, 2.5571 0.0116 0.0953, 2.561 -0.0022 0.0953, 2.5571 -0.0022 0.0953, 2.561 -0.0022 0.0686, 2.5571 -0.0022 0.0686, 2.561 0.0273 0.0716, 2.561 0.0274 0.0716, 2.561 0.0271 0.0747, 2.561 0.0193 0.0794, 2.561 0.0178 0.0787, 2.561 0.0197 0.0764, 2.561 0.0274 0.0762, 2.561 0.0307 0.0809, 2.561 0.0274 0.0764, 2.561 0.0274 0.0782, 2.561 0.0274 0.0686, 2.561 0.0307 0.0686, 2.561 0.0267 0.0735, 2.561 0.0259 0.0725, 2.561 0.0268 0.0708, 2.561 0.0255 0.0721, 2.561 0.0257 0.0697, 2.561 0.0246 0.0714, 2.561 0.0245 0.0689, 2.561 0.0236 0.0711, 2.561 0.0232 0.0684, 2.561 0.0223 0.0709, 2.561 0.0214 0.0682, 2.561 0.0212 0.0711, 2.561 0.0194 0.0684, 2.561 0.0204 0.0713, 2.561 0.0182 0.0689, 2.561 0.0198 0.0718, 2.561 0.017 0.0697, 2.561 0.0195 0.0721, 2.561 0.0193 0.0759, 2.561 0.0168 0.0778, 2.561 0.019 0.0753, 2.561 0.0161 0.0768, 2.561 0.0188 0.0746, 2.561 0.0201 0.0768, 2.561 0.0209 0.0772, 2.561 0.0217 0.08, 2.561 0.0229 0.0776, 2.561 0.0274 0.0808, 2.561 0.0173 0.0864, 2.561 0.0173 0.0831, 2.561 0.0182 0.0869, 2.561 0.0194 0.0845, 2.561 0.0207 0.0878, 2.561 0.0215 0.0852, 2.561 0.0238 0.0881, 2.561 0.0235 0.0854, 2.561 0.0259 0.088, 2.561 0.0246 0.0853, 2.561 0.0273 0.0875, 2.561 0.0254 0.085, 2.561 0.0284 0.0869, 2.561 0.026 0.0847, 2.561 0.0293 0.086, 2.561 0.0265 0.0841, 2.561 0.0299 0.0849, 2.561 0.0269 0.0834, 2.561 0.0305 0.0834, 2.561 0.0272 0.0822, 2.561 0.0156 0.0757, 2.561 0.0154 0.0742, 2.561 0.0188 0.074, 2.561 0.0154 0.0737, 2.561 0.0189 0.0733, 2.561 0.0156 0.0722, 2.561 0.0191 0.0726, 2.561 0.016 0.0711, 2.561 0.0167 0.0701, 2.5571 0.0238 0.0881, 2.5571 0.0207 0.0878, 2.5571 0.0182 0.0869, 2.5571 0.0173 0.0864, 2.5571 0.0173 0.0831, 2.5571 0.0194 0.0845, 2.5571 0.0215 0.0852, 2.5571 0.0235 0.0854, 2.5571 0.0246 0.0853, 2.5571 0.0254 0.085, 2.5571 0.026 0.0847, 2.5571 0.0265 0.0841, 2.5571 0.0269 0.0834, 2.5571 0.0272 0.0822, 2.5571 0.0274 0.0808, 2.5571 0.0217 0.08, 2.5571 0.0193 0.0794, 2.5571 0.0178 0.0787, 2.5571 0.0168 0.0778, 2.5571 0.0161 0.0768, 2.5571 0.0156 0.0757, 2.5571 0.0154 0.0742, 2.5571 0.0154 0.0737, 2.5571 0.0156 0.0722, 2.5571 0.016 0.0711, 2.5571 0.0167 0.0701, 2.5571 0.017 0.0697, 2.5571 0.0214 0.0682, 2.5571 0.0195 0.0684, 2.5571 0.0194 0.0684, 2.5571 0.0182 0.0689, 2.5571 0.0232 0.0684, 2.5571 0.0233 0.0684, 2.5571 0.0245 0.0689, 2.5571 0.0257 0.0697, 2.5571 0.0268 0.0708, 2.5571 0.0273 0.0716, 2.5571 0.0274 0.0716, 2.5571 0.0274 0.0686, 2.5571 0.0307 0.0686, 2.5571 0.0307 0.0809, 2.5571 0.0305 0.0834, 2.5571 0.0299 0.0849, 2.5571 0.0293 0.086, 2.5571 0.0284 0.0869, 2.5571 0.0273 0.0875, 2.5571 0.0259 0.088, 2.5571 0.0197 0.0764, 2.5571 0.0201 0.0768, 2.5571 0.0209 0.0772, 2.5571 0.0229 0.0776, 2.5571 0.0188 0.074, 2.5571 0.0188 0.0746, 2.5571 0.019 0.0753, 2.5571 0.0193 0.0759, 2.5571 0.0198 0.0718, 2.5571 0.0195 0.0721, 2.5571 0.0191 0.0726, 2.5571 0.0189 0.0733, 2.5571 0.0223 0.0709, 2.5571 0.0212 0.0711, 2.5571 0.0204 0.0713, 2.5571 0.0259 0.0725, 2.5571 0.0255 0.0721, 2.5571 0.0246 0.0714, 2.5571 0.0236 0.0711, 2.5571 0.0274 0.0764, 2.5571 0.0274 0.0762, 2.5571 0.0271 0.0747, 2.5571 0.0267 0.0735, 2.5571 0.0274 0.0782
            ]
        }
        coordIndex [
            0,1,2,-1,2,1,3,-1,4,0,5,-1,5,0,2,-1,6,4,7,-1,7,4,5,-1,8,6,9,-1,9,6,7,-1,10,8,11,-1,11,8,9,-1,12,10,13,-1,13,10,11,-1,14,12,15,-1,15,12,13,-1,16,14,17,-1,17,14,15,-1,18,16,19,-1,19,16,17,-1,20,18,21,-1,21,18,19,-1,22,20,23,-1,23,20,21,-1,1,22,3,-1,3,22,23,-1,22,1,0,-1,0,4,22,-1,22,4,6,-1,22,6,20,-1,16,18,14,-1,14,18,20,-1,14,20,12,-1,12,20,6,-1,12,6,10,-1,10,6,8,-1,24,25,26,-1,27,28,29,-1,30,31,32,-1,32,31,33,-1,34,35,25,-1,25,35,31,-1,25,31,26,-1,26,31,30,-1,26,36,24,-1,24,36,37,-1,24,37,38,-1,38,37,39,-1,38,39,40,-1,40,39,41,-1,40,41,42,-1,42,41,43,-1,42,43,44,-1,44,43,45,-1,44,45,46,-1,46,45,47,-1,46,47,48,-1,48,47,49,-1,48,49,50,-1,50,49,51,-1,50,51,52,-1,52,51,53,-1,29,28,54,-1,54,28,55,-1,54,55,56,-1,56,55,57,-1,56,57,58,-1,29,59,27,-1,27,59,60,-1,27,60,61,-1,61,60,62,-1,61,62,63,-1,64,65,66,-1,66,65,67,-1,66,67,68,-1,68,67,69,-1,68,69,70,-1,70,69,71,-1,70,71,72,-1,72,71,73,-1,72,73,74,-1,74,73,75,-1,74,75,76,-1,76,75,77,-1,76,77,78,-1,78,77,79,-1,78,79,80,-1,80,79,81,-1,80,81,82,-1,82,81,83,-1,82,83,31,-1,31,83,63,-1,31,63,33,-1,33,63,62,-1,57,84,58,-1,58,84,85,-1,58,85,86,-1,86,85,87,-1,86,87,88,-1,88,87,89,-1,88,89,90,-1,90,89,91,-1,90,91,53,-1,53,91,92,-1,53,92,52,-1,70,93,94,-1,70,94,68,-1,68,94,95,-1,68,95,66,-1,66,95,96,-1,66,96,64,-1,65,64,97,-1,97,64,96,-1,65,97,98,-1,65,98,67,-1,67,98,99,-1,67,99,69,-1,69,99,100,-1,69,100,71,-1,71,100,101,-1,71,101,73,-1,73,101,102,-1,73,102,75,-1,75,102,103,-1,75,103,77,-1,77,103,104,-1,77,104,79,-1,79,104,105,-1,79,105,81,-1,81,105,106,-1,81,106,83,-1,83,106,107,-1,83,107,63,-1,61,63,108,-1,108,63,107,-1,61,108,109,-1,61,109,27,-1,27,109,110,-1,27,110,28,-1,28,110,111,-1,28,111,55,-1,55,111,112,-1,55,112,57,-1,57,112,113,-1,57,113,84,-1,84,113,114,-1,84,114,85,-1,85,114,115,-1,85,115,87,-1,87,115,116,-1,87,116,89,-1,89,116,117,-1,89,117,91,-1,91,117,118,-1,91,118,92,-1,92,118,119,-1,92,119,52,-1,120,46,121,-1,121,46,48,-1,121,48,122,-1,122,48,50,-1,122,50,123,-1,123,50,52,-1,123,52,119,-1,46,120,124,-1,46,124,44,-1,44,124,125,-1,44,125,42,-1,125,126,42,-1,42,126,127,-1,42,127,40,-1,40,127,128,-1,40,128,38,-1,38,128,129,-1,38,129,24,-1,25,24,130,-1,130,24,129,-1,34,25,131,-1,131,25,130,-1,35,34,132,-1,132,34,131,-1,31,35,133,-1,133,35,132,-1,31,133,134,-1,31,134,82,-1,82,134,135,-1,82,135,80,-1,80,135,136,-1,80,136,78,-1,78,136,137,-1,78,137,76,-1,76,137,138,-1,76,138,74,-1,74,138,139,-1,74,139,72,-1,72,139,93,-1,72,93,70,-1,29,140,141,-1,29,141,59,-1,59,141,142,-1,59,142,60,-1,60,142,143,-1,60,143,62,-1,86,144,145,-1,86,145,58,-1,58,145,146,-1,58,146,56,-1,56,146,147,-1,56,147,54,-1,54,147,140,-1,54,140,29,-1,51,148,149,-1,51,149,53,-1,53,149,150,-1,53,150,90,-1,90,150,151,-1,90,151,88,-1,88,151,144,-1,88,144,86,-1,45,152,153,-1,45,153,47,-1,47,153,154,-1,47,154,49,-1,49,154,148,-1,49,148,51,-1,37,155,156,-1,37,156,39,-1,39,156,157,-1,39,157,41,-1,41,157,158,-1,41,158,43,-1,43,158,152,-1,43,152,45,-1,32,159,160,-1,32,160,30,-1,30,160,161,-1,30,161,26,-1,26,161,162,-1,26,162,36,-1,36,162,155,-1,36,155,37,-1,32,33,159,-1,159,33,163,-1,33,62,163,-1,163,62,143,-1,
        ]
    }
}
Shape{
    appearance Appearance {
        material  Material {
            diffuseColor 0.25098039215686274 0.25098039215686274 0.25098039215686274
            specularColor 0.12549019607843137 0.12549019607843137 0.12549019607843137
            ambientIntensity 0.251
            transparency 0.0
            shininess 0.5
        }
    }
    geometry IndexedFaceSet {
        ccw TRUE
        solid FALSE
        coord DEF co Coordinate {
            point [
                2.5571 0.0274 0.0782, 2.5571 0.0229 0.0776, 2.5571 0.0274 0.0764, 2.5571 0.0209 0.0772, 2.5571 0.0201 0.0768, 2.5571 0.0197 0.0764, 2.5571 0.0274 0.0762, 2.5571 0.0271 0.0747, 2.5571 0.0193 0.0759, 2.5571 0.0267 0.0735, 2.5571 0.0195 0.0721, 2.5571 0.0198 0.0718, 2.5571 0.0255 0.0721, 2.5571 0.0191 0.0726, 2.5571 0.0246 0.0714, 2.5571 0.0236 0.0711, 2.5571 0.0223 0.0709, 2.5571 0.019 0.0753, 2.5571 0.0188 0.0746, 2.5571 0.0259 0.0725, 2.5571 0.0188 0.074, 2.5571 0.0189 0.0733, 2.5571 0.0204 0.0713, 2.5571 0.0212 0.0711
            ]
        }
        coordIndex [
            0,1,2,-1,2,1,3,-1,3,4,2,-1,2,4,5,-1,2,5,6,-1,6,5,7,-1,7,5,8,-1,7,8,9,-1,10,11,12,-1,10,12,13,-1,14,12,15,-1,15,12,16,-1,8,17,9,-1,9,17,18,-1,9,18,19,-1,19,18,20,-1,19,20,12,-1,12,20,21,-1,12,21,13,-1,11,22,12,-1,12,22,23,-1,12,23,16,-1,
        ]
    }
}
Shape{
    appearance Appearance {
        material  Material {
            diffuseColor 1.0 1.0 1.0
            specularColor 0.5019607843137255 0.5019607843137255 0.5019607843137255
            ambientIntensity 1.0
            transparency 0.0
            shininess 0.5
        }
    }
    geometry IndexedFaceSet {
        ccw TRUE
        solid FALSE
        coord DEF co Coordinate {
            point [
                2.5571 0.0352 0.0728, 2.561 0.0352 0.0728, 2.561 0.0365 0.072, 2.561 0.0407 0.0709, 2.5571 0.0407 0.0709, 2.5571 0.0386 0.0712, 2.561 0.0386 0.0712, 2.5571 0.0368 0.0719, 2.5571 0.0365 0.072, 2.561 0.0352 0.0693, 2.5571 0.0352 0.0693, 2.5571 0.0368 0.0688, 2.561 0.0376 0.0685, 2.5571 0.0404 0.0682, 2.561 0.0404 0.0682, 2.5571 0.0382 0.0684, 2.5571 0.0376 0.0685, 2.5571 0.0426 0.0684, 2.561 0.0431 0.0685, 2.5571 0.0431 0.0685, 2.5571 0.045 0.0691, 2.561 0.045 0.0691, 2.5571 0.046 0.0697, 2.561 0.046 0.0697, 2.5571 0.0469 0.0705, 2.561 0.0469 0.0705, 2.5571 0.0475 0.0714, 2.561 0.0475 0.0714, 2.5571 0.048 0.0725, 2.561 0.048 0.0725, 2.5571 0.0481 0.0738, 2.561 0.0481 0.0738, 2.5571 0.048 0.0751, 2.561 0.048 0.0751, 2.5571 0.0476 0.0761, 2.561 0.0476 0.0761, 2.5571 0.047 0.077, 2.561 0.047 0.077, 2.5571 0.0462 0.0777, 2.561 0.0462 0.0777, 2.5571 0.044 0.0789, 2.561 0.044 0.0789, 2.5571 0.0427 0.0795, 2.561 0.0427 0.0795, 2.5571 0.0406 0.0804, 2.561 0.0406 0.0804, 2.5571 0.0394 0.0811, 2.561 0.0394 0.0811, 2.5571 0.0391 0.0814, 2.561 0.0391 0.0814, 2.5571 0.0389 0.0819, 2.561 0.0389 0.0819, 2.5571 0.0387 0.0824, 2.561 0.0387 0.0824, 2.5571 0.0387 0.0829, 2.561 0.0387 0.0829, 2.5571 0.0388 0.0834, 2.561 0.0388 0.0834, 2.5571 0.0389 0.0838, 2.561 0.0389 0.0838, 2.5571 0.0392 0.0843, 2.561 0.0392 0.0843, 2.5571 0.0397 0.0847, 2.561 0.0397 0.0847, 2.5571 0.0405 0.0851, 2.561 0.0405 0.0851, 2.5571 0.0414 0.0854, 2.561 0.0414 0.0854, 2.5571 0.0424 0.0854, 2.561 0.0424 0.0854, 2.5571 0.0445 0.0852, 2.561 0.0445 0.0852, 2.5571 0.0464 0.0845, 2.561 0.0464 0.0845, 2.5571 0.0472 0.084, 2.561 0.0472 0.084, 2.561 0.0472 0.0873, 2.5571 0.0472 0.0873, 2.5571 0.0445 0.088, 2.561 0.0445 0.088, 2.5571 0.0427 0.0881, 2.561 0.0427 0.0881, 2.5571 0.0402 0.0879, 2.561 0.0402 0.0879, 2.5571 0.0384 0.0872, 2.561 0.0384 0.0872, 2.5571 0.0374 0.0866, 2.561 0.0374 0.0866, 2.5571 0.0368 0.0861, 2.561 0.0364 0.0857, 2.5571 0.0364 0.0857, 2.5571 0.0358 0.0848, 2.561 0.0358 0.0848, 2.5571 0.0354 0.0838, 2.561 0.0354 0.0838, 2.5571 0.0353 0.0826, 2.561 0.0353 0.0826, 2.5571 0.0354 0.0813, 2.561 0.0354 0.0813, 2.5571 0.0358 0.0802, 2.561 0.0358 0.0802, 2.5571 0.0362 0.0795, 2.561 0.0362 0.0795, 2.5571 0.0403 0.077, 2.561 0.0403 0.077, 2.561 0.0383 0.0779, 2.5571 0.0368 0.079, 2.561 0.0368 0.079, 2.5571 0.0368 0.079, 2.5571 0.0383 0.0779, 2.5571 0.0425 0.0761, 2.561 0.0425 0.0761, 2.5571 0.0438 0.0753, 2.561 0.0438 0.0753, 2.5571 0.0442 0.0749, 2.561 0.0442 0.0749, 2.5571 0.0445 0.0744, 2.561 0.0445 0.0744, 2.5571 0.0446 0.0739, 2.561 0.0446 0.0739, 2.5571 0.0447 0.0735, 2.561 0.0447 0.0735, 2.5571 0.0446 0.0729, 2.561 0.0446 0.0729, 2.5571 0.0444 0.0724, 2.561 0.0444 0.0724, 2.5571 0.0441 0.072, 2.561 0.0441 0.072, 2.5571 0.0438 0.0716, 2.561 0.0438 0.0716, 2.5571 0.0435 0.0714, 2.561 0.0435 0.0714, 2.5571 0.0426 0.0711, 2.561 0.0426 0.0711, 2.5571 0.0409 0.0709, 2.561 0.0409 0.0709, 2.561 0.0647 0.0877, 2.561 0.0681 0.0877, 2.5571 0.0647 0.0877, 2.5571 0.0681 0.0877, 2.561 0.0595 0.0734, 2.5571 0.0595 0.0734, 2.5571 0.0592 0.0725, 2.561 0.0592 0.0725, 2.5571 0.0591 0.0718, 2.561 0.0591 0.0718, 2.561 0.059 0.0718, 2.5571 0.059 0.0718, 2.561 0.0586 0.0734, 2.5571 0.0586 0.0734, 2.561 0.0536 0.0877, 2.5571 0.0552 0.0831, 2.5571 0.0536 0.0877, 2.561 0.0499 0.0877, 2.5571 0.0499 0.0877, 2.561 0.0573 0.0687, 2.5571 0.0552 0.0741, 2.5571 0.0573 0.0687, 2.5571 0.0559 0.0652, 2.561 0.0559 0.0652, 2.5571 0.0572 0.0684, 2.5571 0.0552 0.064, 2.561 0.0552 0.064, 2.5571 0.0552 0.064, 2.561 0.0546 0.0633, 2.5571 0.0546 0.0633, 2.5571 0.054 0.0629, 2.561 0.054 0.0629, 2.5571 0.0532 0.0626, 2.561 0.0532 0.0626, 2.5571 0.0524 0.0625, 2.561 0.0524 0.0625, 2.5571 0.0512 0.0627, 2.561 0.0512 0.0627, 2.5571 0.0505 0.0629, 2.561 0.0505 0.0629, 2.561 0.0505 0.0599, 2.5571 0.0505 0.0599, 2.5571 0.052 0.0597, 2.561 0.052 0.0597, 2.5571 0.0527 0.0597, 2.561 0.0527 0.0597, 2.5571 0.054 0.0598, 2.561 0.054 0.0598, 2.5571 0.0552 0.0603, 2.561 0.0554 0.0603, 2.5571 0.0554 0.0603, 2.5571 0.0565 0.0611, 2.561 0.0565 0.0611, 2.5571 0.0568 0.0613, 2.561 0.0568 0.0613, 2.5571 0.058 0.0628, 2.561 0.058 0.0628, 2.5571 0.0595 0.0658, 2.561 0.0595 0.0658, 2.5571 0.0605 0.0684, 2.561 0.0861 0.0717, 2.561 0.0861 0.0686, 2.5571 0.0861 0.0717, 2.5571 0.0861 0.0686, 2.561 0.0752 0.0717, 2.5571 0.0802 0.0717, 2.5571 0.0752 0.0717, 2.561 0.0752 0.0807, 2.5571 0.0752 0.0807, 2.561 0.0847 0.0807, 2.5571 0.0802 0.0807, 2.5571 0.0847 0.0807, 2.561 0.0847 0.0837, 2.5571 0.0847 0.0837, 2.5571 0.0752 0.0837, 2.561 0.0752 0.0837, 2.5571 0.0802 0.0837, 2.561 0.0752 0.0923, 2.5571 0.0752 0.0923, 2.5571 0.0855 0.0923, 2.561 0.0855 0.0923, 2.5571 0.0802 0.0923, 2.561 0.0855 0.0953, 2.5571 0.0855 0.0953, 2.5571 0.0718 0.0953, 2.561 0.0718 0.0953, 2.5571 0.0802 0.0953, 2.561 0.0718 0.0686, 2.5571 0.0718 0.0686, 2.5571 0.0802 0.0686, 2.561 0.1092 0.0807, 2.561 0.1128 0.0804, 2.561 0.1093 0.0822, 2.561 0.1129 0.0823, 2.561 0.1089 0.0852, 2.561 0.1125 0.0857, 2.561 0.1082 0.0873, 2.561 0.1116 0.0883, 2.561 0.1072 0.0888, 2.561 0.11 0.0907, 2.561 0.1063 0.0898, 2.561 0.1089 0.0918, 2.561 0.1043 0.0911, 2.561 0.1062 0.0936, 2.561 0.1019 0.0919, 2.561 0.103 0.0948, 2.561 0.0986 0.0923, 2.561 0.0988 0.0953, 2.561 0.0946 0.0923, 2.561 0.0911 0.0953, 2.561 0.0946 0.0717, 2.561 0.0911 0.0686, 2.561 0.0985 0.0717, 2.561 0.0985 0.0686, 2.561 0.1018 0.072, 2.561 0.1026 0.0691, 2.561 0.1041 0.0728, 2.561 0.1057 0.0702, 2.561 0.1059 0.074, 2.561 0.1084 0.0719, 2.561 0.1064 0.0745, 2.561 0.1089 0.0724, 2.561 0.1078 0.0762, 2.561 0.1107 0.0746, 2.561 0.1087 0.0782, 2.561 0.1121 0.0773, 2.5571 0.0985 0.0686, 2.5571 0.0911 0.0686, 2.5571 0.1026 0.0691, 2.5571 0.1057 0.0702, 2.5571 0.1084 0.0719, 2.5571 0.1089 0.0724, 2.5571 0.1107 0.0746, 2.5571 0.1121 0.0773, 2.5571 0.1128 0.0804, 2.5571 0.1129 0.0823, 2.5571 0.1125 0.0857, 2.5571 0.1116 0.0883, 2.5571 0.11 0.0907, 2.5571 0.1089 0.0918, 2.5571 0.1062 0.0936, 2.5571 0.103 0.0948, 2.5571 0.0988 0.0953, 2.5571 0.0911 0.0953, 2.5571 0.0986 0.0923, 2.5571 0.0946 0.0923, 2.5571 0.0946 0.0717, 2.5571 0.0985 0.0717, 2.5571 0.1064 0.0745, 2.5571 0.1059 0.074, 2.5571 0.1041 0.0728, 2.5571 0.1018 0.072, 2.5571 0.1093 0.0822, 2.5571 0.1092 0.0807, 2.5571 0.1087 0.0782, 2.5571 0.1078 0.0762, 2.5571 0.1063 0.0898, 2.5571 0.1072 0.0888, 2.5571 0.1082 0.0873, 2.5571 0.1089 0.0852, 2.5571 0.1019 0.0919, 2.5571 0.1043 0.0911
            ]
        }
        coordIndex [
            0,1,2,-1,3,4,5,-1,3,5,6,-1,6,5,7,-1,6,7,2,-1,2,7,8,-1,2,8,0,-1,9,1,10,-1,10,1,0,-1,10,11,9,-1,9,11,12,-1,13,14,15,-1,15,14,12,-1,15,12,16,-1,16,12,11,-1,13,17,14,-1,14,17,18,-1,17,19,18,-1,18,19,20,-1,18,20,21,-1,21,20,22,-1,21,22,23,-1,23,22,24,-1,23,24,25,-1,25,24,26,-1,25,26,27,-1,27,26,28,-1,27,28,29,-1,29,28,30,-1,29,30,31,-1,31,30,32,-1,31,32,33,-1,33,32,34,-1,33,34,35,-1,35,34,36,-1,35,36,37,-1,37,36,38,-1,37,38,39,-1,39,38,40,-1,39,40,41,-1,41,40,42,-1,41,42,43,-1,43,42,44,-1,43,44,45,-1,45,44,46,-1,45,46,47,-1,47,46,48,-1,47,48,49,-1,49,48,50,-1,49,50,51,-1,51,50,52,-1,51,52,53,-1,53,52,54,-1,53,54,55,-1,55,54,56,-1,55,56,57,-1,57,56,58,-1,57,58,59,-1,59,58,60,-1,59,60,61,-1,61,60,62,-1,61,62,63,-1,63,62,64,-1,63,64,65,-1,65,64,66,-1,65,66,67,-1,67,66,68,-1,67,68,69,-1,69,68,70,-1,69,70,71,-1,71,70,72,-1,71,72,73,-1,73,72,74,-1,73,74,75,-1,76,75,77,-1,77,75,74,-1,76,77,78,-1,76,78,79,-1,79,78,80,-1,79,80,81,-1,81,80,82,-1,81,82,83,-1,83,82,84,-1,83,84,85,-1,85,84,86,-1,85,86,87,-1,86,88,87,-1,87,88,89,-1,88,90,89,-1,89,90,91,-1,89,91,92,-1,92,91,93,-1,92,93,94,-1,94,93,95,-1,94,95,96,-1,96,95,97,-1,96,97,98,-1,98,97,99,-1,98,99,100,-1,100,99,101,-1,100,101,102,-1,103,104,105,-1,102,101,106,-1,102,106,107,-1,107,106,108,-1,107,108,105,-1,105,108,109,-1,105,109,103,-1,104,103,110,-1,104,110,111,-1,111,110,112,-1,111,112,113,-1,113,112,114,-1,113,114,115,-1,115,114,116,-1,115,116,117,-1,117,116,118,-1,117,118,119,-1,119,118,120,-1,119,120,121,-1,121,120,122,-1,121,122,123,-1,123,122,124,-1,123,124,125,-1,125,124,126,-1,125,126,127,-1,127,126,128,-1,127,128,129,-1,129,128,130,-1,129,130,131,-1,131,130,132,-1,131,132,133,-1,133,132,134,-1,133,134,135,-1,135,134,4,-1,135,4,3,-1,61,63,85,-1,85,63,83,-1,111,43,104,-1,104,43,45,-1,21,23,127,-1,127,23,25,-1,127,25,125,-1,125,25,27,-1,125,27,123,-1,123,27,29,-1,123,29,121,-1,121,29,31,-1,121,31,119,-1,119,31,33,-1,119,33,117,-1,117,33,35,-1,117,35,115,-1,115,35,37,-1,115,37,113,-1,113,37,39,-1,113,39,111,-1,111,39,41,-1,111,41,43,-1,14,3,12,-1,12,3,6,-1,12,6,9,-1,9,6,2,-1,9,2,1,-1,63,65,83,-1,83,65,67,-1,83,67,81,-1,81,67,69,-1,81,69,79,-1,79,69,71,-1,79,71,76,-1,76,71,73,-1,76,73,75,-1,127,129,21,-1,21,129,131,-1,21,131,18,-1,18,131,133,-1,18,133,14,-1,14,133,135,-1,14,135,3,-1,85,87,61,-1,61,87,89,-1,61,89,59,-1,59,89,92,-1,59,92,57,-1,57,92,94,-1,57,94,55,-1,55,94,96,-1,55,96,53,-1,53,96,98,-1,53,98,51,-1,51,98,100,-1,51,100,49,-1,49,100,102,-1,49,102,47,-1,47,102,107,-1,47,107,45,-1,45,107,105,-1,45,105,104,-1,136,137,138,-1,138,137,139,-1,140,136,141,-1,141,136,138,-1,140,141,142,-1,140,142,143,-1,143,142,144,-1,143,144,145,-1,146,145,147,-1,147,145,144,-1,148,146,149,-1,149,146,147,-1,148,149,150,-1,150,149,151,-1,150,151,152,-1,153,150,154,-1,154,150,152,-1,153,154,155,-1,155,154,156,-1,155,156,157,-1,158,159,160,-1,160,159,155,-1,160,155,157,-1,159,158,161,-1,159,161,162,-1,162,161,163,-1,162,163,164,-1,163,165,164,-1,164,165,166,-1,164,166,167,-1,167,166,168,-1,167,168,169,-1,169,168,170,-1,169,170,171,-1,171,170,172,-1,171,172,173,-1,173,172,174,-1,173,174,175,-1,176,175,177,-1,177,175,174,-1,176,177,178,-1,176,178,179,-1,179,178,180,-1,179,180,181,-1,181,180,182,-1,181,182,183,-1,183,182,184,-1,183,184,185,-1,184,186,185,-1,185,186,187,-1,185,187,188,-1,188,187,189,-1,188,189,190,-1,190,189,191,-1,190,191,192,-1,192,191,193,-1,192,193,194,-1,139,137,195,-1,195,137,194,-1,195,194,193,-1,143,145,194,-1,137,136,194,-1,194,136,140,-1,194,140,143,-1,150,153,148,-1,148,153,155,-1,148,155,146,-1,192,162,190,-1,190,162,164,-1,175,176,173,-1,173,176,179,-1,173,179,171,-1,171,179,181,-1,171,181,169,-1,169,181,183,-1,169,183,167,-1,167,183,185,-1,167,185,164,-1,164,185,188,-1,164,188,190,-1,145,146,194,-1,194,146,155,-1,194,155,192,-1,192,155,159,-1,192,159,162,-1,196,197,198,-1,198,197,199,-1,196,198,200,-1,200,198,201,-1,200,201,202,-1,203,200,204,-1,204,200,202,-1,203,204,205,-1,205,204,206,-1,205,206,207,-1,208,205,209,-1,209,205,207,-1,210,211,212,-1,212,211,208,-1,212,208,209,-1,213,211,214,-1,214,211,210,-1,215,216,217,-1,217,216,213,-1,217,213,214,-1,218,216,219,-1,219,216,215,-1,220,221,222,-1,222,221,218,-1,222,218,219,-1,223,221,224,-1,224,221,220,-1,223,224,197,-1,197,224,225,-1,197,225,199,-1,223,197,196,-1,196,200,223,-1,223,200,203,-1,223,203,221,-1,216,218,213,-1,213,218,221,-1,213,221,211,-1,211,221,203,-1,211,203,208,-1,208,203,205,-1,226,227,228,-1,228,227,229,-1,228,229,230,-1,230,229,231,-1,230,231,232,-1,232,231,233,-1,232,233,234,-1,234,233,235,-1,234,235,236,-1,236,235,237,-1,236,237,238,-1,238,237,239,-1,238,239,240,-1,240,239,241,-1,240,241,242,-1,242,241,243,-1,242,243,244,-1,244,243,245,-1,244,245,246,-1,246,245,247,-1,246,247,248,-1,248,247,249,-1,248,249,250,-1,250,249,251,-1,250,251,252,-1,252,251,253,-1,252,253,254,-1,254,253,255,-1,254,255,256,-1,256,255,257,-1,256,257,258,-1,258,257,259,-1,258,259,260,-1,260,259,261,-1,260,261,226,-1,226,261,227,-1,249,247,262,-1,262,247,263,-1,249,262,264,-1,249,264,251,-1,251,264,265,-1,251,265,253,-1,253,265,266,-1,253,266,255,-1,255,266,267,-1,255,267,257,-1,257,267,268,-1,257,268,259,-1,259,268,269,-1,259,269,261,-1,261,269,270,-1,261,270,227,-1,227,270,271,-1,227,271,229,-1,229,271,272,-1,229,272,231,-1,231,272,273,-1,231,273,233,-1,233,273,274,-1,233,274,235,-1,235,274,275,-1,235,275,237,-1,237,275,276,-1,237,276,239,-1,239,276,277,-1,239,277,241,-1,241,277,278,-1,241,278,243,-1,245,243,279,-1,279,243,278,-1,247,245,263,-1,263,245,279,-1,242,244,280,-1,280,244,281,-1,244,246,281,-1,281,246,282,-1,246,248,282,-1,282,248,283,-1,256,284,285,-1,256,285,254,-1,254,285,286,-1,254,286,252,-1,252,286,287,-1,252,287,250,-1,250,287,283,-1,250,283,248,-1,228,288,289,-1,228,289,226,-1,226,289,290,-1,226,290,260,-1,260,290,291,-1,260,291,258,-1,258,291,284,-1,258,284,256,-1,236,292,293,-1,236,293,234,-1,234,293,294,-1,234,294,232,-1,232,294,295,-1,232,295,230,-1,230,295,288,-1,230,288,228,-1,242,280,296,-1,242,296,240,-1,240,296,297,-1,240,297,238,-1,238,297,292,-1,238,292,236,-1,
        ]
    }
}
Shape{
    appearance Appearance {
        material  Material {
            diffuseColor 0.25098039215686274 0.25098039215686274 0.25098039215686274
            specularColor 0.12549019607843137 0.12549019607843137 0.12549019607843137
            ambientIntensity 0.251
            transparency 0.0
            shininess 0.5
        }
    }
    geometry IndexedFaceSet {
        ccw TRUE
        solid FALSE
        coord DEF co Coordinate {
            point [
                2.5571 0.0946 0.0923, 2.5571 0.0946 0.0717, 2.5571 0.0986 0.0923, 2.5571 0.0985 0.0717, 2.5571 0.1018 0.072, 2.5571 0.1041 0.0728, 2.5571 0.1059 0.074, 2.5571 0.1064 0.0745, 2.5571 0.1078 0.0762, 2.5571 0.1087 0.0782, 2.5571 0.1092 0.0807, 2.5571 0.1093 0.0822, 2.5571 0.1089 0.0852, 2.5571 0.1082 0.0873, 2.5571 0.1072 0.0888, 2.5571 0.1063 0.0898, 2.5571 0.1019 0.0919, 2.5571 0.1043 0.0911
            ]
        }
        coordIndex [
            0,1,2,-1,2,1,3,-1,2,3,4,-1,4,5,2,-1,2,5,6,-1,2,6,7,-1,7,8,2,-1,2,8,9,-1,2,9,10,-1,10,11,2,-1,2,11,12,-1,2,12,13,-1,13,14,2,-1,2,14,15,-1,2,15,16,-1,16,15,17,-1,
        ]
    }
}
Shape{
    appearance Appearance {
        material  Material {
            diffuseColor 1.0 1.0 1.0
            specularColor 0.5019607843137255 0.5019607843137255 0.5019607843137255
            ambientIntensity 1.0
            transparency 0.0
            shininess 0.5
        }
    }
    geometry IndexedFaceSet {
        ccw TRUE
        solid FALSE
        coord DEF co Coordinate {
            point [
                2.561 0.1218 0.079, 2.561 0.1207 0.0759, 2.561 0.1308 0.079, 2.561 0.1318 0.0759, 2.561 0.1258 0.0901, 2.561 0.1245 0.0953, 2.561 0.1144 0.0686, 2.561 0.1182 0.0686, 2.561 0.126 0.0909, 2.561 0.1263 0.0919, 2.561 0.1282 0.0953, 2.561 0.1263 0.0919, 2.561 0.1265 0.0908, 2.561 0.1267 0.0901, 2.561 0.1384 0.0686, 2.561 0.1346 0.0686, 2.5571 0.1282 0.0953, 2.5571 0.1384 0.0686, 2.5571 0.1245 0.0953, 2.5571 0.1144 0.0686, 2.5571 0.1182 0.0686, 2.5571 0.1207 0.0759, 2.5571 0.1318 0.0759, 2.5571 0.1346 0.0686, 2.5571 0.1218 0.079, 2.5571 0.1308 0.079, 2.5571 0.1267 0.0901, 2.5571 0.1263 0.0919, 2.5571 0.1265 0.0908, 2.5571 0.1263 0.0919, 2.5571 0.1258 0.0901, 2.5571 0.126 0.0909
            ]
        }
        coordIndex [
            0,1,2,-1,2,1,3,-1,4,5,0,-1,0,5,6,-1,0,6,1,-1,1,6,7,-1,4,8,5,-1,5,8,9,-1,5,9,10,-1,10,9,11,-1,10,11,12,-1,12,13,10,-1,10,13,2,-1,10,2,14,-1,14,2,3,-1,14,3,15,-1,10,14,16,-1,16,14,17,-1,5,10,18,-1,18,10,16,-1,6,5,19,-1,19,5,18,-1,7,6,20,-1,20,6,19,-1,1,7,21,-1,21,7,20,-1,3,1,22,-1,22,1,21,-1,15,3,23,-1,23,3,22,-1,14,15,17,-1,17,15,23,-1,0,2,24,-1,24,2,25,-1,2,13,25,-1,25,13,26,-1,11,27,28,-1,11,28,12,-1,12,28,26,-1,12,26,13,-1,11,9,27,-1,27,9,29,-1,4,30,31,-1,4,31,8,-1,8,31,29,-1,8,29,9,-1,4,0,30,-1,30,0,24,-1,
        ]
    }
}
Shape{
    appearance Appearance {
        material  Material {
            diffuseColor 0.25098039215686274 0.25098039215686274 0.25098039215686274
            specularColor 0.12549019607843137 0.12549019607843137 0.12549019607843137
            ambientIntensity 0.251
            transparency 0.0
            shininess 0.5
        }
    }
    geometry IndexedFaceSet {
        ccw TRUE
        solid FALSE
        coord DEF co Coordinate {
            point [
                2.5571 0.1263 0.0919, 2.5571 0.1263 0.0919, 2.5571 0.1265 0.0908, 2.5571 0.126 0.0909, 2.5571 0.1267 0.0901, 2.5571 0.1258 0.0901, 2.5571 0.1308 0.079, 2.5571 0.1218 0.079
            ]
        }
        coordIndex [
            0,1,2,-1,2,1,3,-1,2,3,4,-1,4,3,5,-1,4,5,6,-1,6,5,7,-1,
        ]
    }
}
Shape{
    appearance Appearance {
        material  Material {
            diffuseColor 1.0 1.0 1.0
            specularColor 0.5019607843137255 0.5019607843137255 0.5019607843137255
            ambientIntensity 1.0
            transparency 0.0
            shininess 0.5
        }
    }
    geometry IndexedFaceSet {
        ccw TRUE
        solid FALSE
        coord DEF co Coordinate {
            point [
                2.561 -0.0888 0.0636, 2.561 -0.0864 0.0678, 2.561 -0.0851 0.0724, 2.561 -0.1111 0.0725, 2.561 -0.1115 0.0743, 2.561 -0.1217 0.0816, 2.561 -0.1219 0.0689, 2.561 -0.125 0.0699, 2.561 -0.126 0.0843, 2.561 -0.0584 0.0909, 2.561 -0.0643 0.101, 2.561 -0.0849 0.0769, 2.561 -0.0897 0.0877, 2.561 -0.0849 0.075, 2.561 -0.0949 0.0583, 2.561 -0.0912 0.061, 2.561 -0.1104 0.0709, 2.561 -0.1171 0.0613, 2.561 -0.1199 0.0647, 2.561 -0.0521 0.1097, 2.561 -0.0506 0.1097, 2.561 -0.0428 0.12, 2.561 -0.0468 0.1092, 2.561 -0.0419 0.1197, 2.561 -0.0435 0.1079, 2.561 -0.0362 0.1169, 2.561 -0.0311 0.1125, 2.561 -0.1055 0.116, 2.561 -0.1041 0.1152, 2.561 -0.11 0.1291, 2.561 -0.1013 0.1211, 2.561 -0.1061 0.1336, 2.561 -0.0971 0.1262, 2.561 -0.1016 0.1374, 2.561 -0.0918 0.1301, 2.561 -0.097 0.1403, 2.561 -0.0981 0.0705, 2.561 -0.0991 0.0693, 2.561 -0.1006 0.0683, 2.561 -0.0991 0.0566, 2.561 -0.1022 0.0677, 2.561 -0.1039 0.056, 2.561 -0.1041 0.0674, 2.561 -0.1045 0.056, 2.561 -0.1044 0.0674, 2.561 -0.1089 0.0567, 2.561 -0.1061 0.0677, 2.561 -0.1133 0.0585, 2.561 -0.1078 0.0684, 2.561 -0.1093 0.0695, 2.561 -0.0972 0.0775, 2.561 -0.0968 0.0757, 2.561 -0.0968 0.074, 2.561 -0.0972 0.0721, 2.561 -0.1114 0.0761, 2.561 -0.1108 0.0779, 2.561 -0.1198 0.0856, 2.561 -0.1098 0.0795, 2.561 -0.1167 0.0892, 2.561 -0.1091 0.0803, 2.561 -0.1128 0.0919, 2.561 -0.1076 0.0813, 2.561 -0.1086 0.0936, 2.561 -0.106 0.082, 2.561 -0.1039 0.0942, 2.561 -0.1041 0.0822, 2.561 -0.1018 0.0941, 2.561 -0.1025 0.082, 2.561 -0.0972 0.093, 2.561 -0.1008 0.0814, 2.561 -0.0931 0.0908, 2.561 -0.0992 0.0804, 2.561 -0.098 0.079, 2.561 -0.0406 0.1058, 2.561 -0.0388 0.1039, 2.561 -0.0272 0.1071, 2.561 -0.037 0.1007, 2.561 -0.0249 0.1013, 2.561 -0.0359 0.0971, 2.561 -0.024 0.0951, 2.561 -0.0358 0.0949, 2.561 -0.0249 0.0883, 2.561 -0.0363 0.0911, 2.561 -0.0273 0.0823, 2.561 -0.0376 0.0877, 2.561 -0.031 0.0771, 2.561 -0.0397 0.0848, 2.561 -0.0362 0.0727, 2.561 -0.0425 0.0825, 2.561 -0.042 0.0699, 2.561 -0.0458 0.0809, 2.561 -0.0483 0.0686, 2.561 -0.0495 0.0801, 2.561 -0.0595 0.0686, 2.561 -0.058 0.0801, 2.561 -0.0606 0.0687, 2.561 -0.0531 0.135, 2.561 -0.0602 0.126, 2.561 -0.0469 0.1278, 2.561 -0.056 0.1209, 2.561 -0.0532 0.1147, 2.561 -0.1294 0.0878, 2.561 -0.1371 0.078, 2.561 -0.1317 0.0734, 2.561 -0.1325 0.1039, 2.561 -0.145 0.1007, 2.561 -0.1331 0.0991, 2.561 -0.1451 0.0987, 2.561 -0.1328 0.0956, 2.561 -0.1443 0.0918, 2.561 -0.1313 0.091, 2.561 -0.1417 0.0847, 2.561 -0.1377 0.0787, 2.561 -0.1098 0.1175, 2.561 -0.1122 0.1293, 2.561 -0.1142 0.1181, 2.561 -0.1143 0.1295, 2.561 -0.1168 0.1179, 2.561 -0.1213 0.1287, 2.561 -0.1214 0.1166, 2.561 -0.1283 0.1261, 2.561 -0.1255 0.1143, 2.561 -0.1347 0.1218, 2.561 -0.1282 0.1119, 2.561 -0.1362 0.1204, 2.561 -0.1308 0.1081, 2.561 -0.1405 0.115, 2.561 -0.1436 0.1082, 2.561 -0.0589 0.0803, 2.561 -0.0635 0.0705, 2.561 -0.0631 0.0701, 2.561 -0.0883 0.1437, 2.561 -0.0856 0.1326, 2.561 -0.0789 0.1448, 2.561 -0.0787 0.1335, 2.561 -0.071 0.144, 2.561 -0.0723 0.1327, 2.561 -0.0615 0.1407, 2.561 -0.0664 0.1304, 2.561 -0.061 0.1267, 2.561 -0.0584 0.0802, 2.561 -0.0618 0.0692, 2.561 -0.065 0.0744, 2.561 -0.0648 0.073, 2.561 -0.0643 0.0717, 2.561 -0.0606 0.0801, 2.561 -0.0619 0.0796, 2.561 -0.065 0.0752, 2.561 -0.0631 0.0788, 2.561 -0.0639 0.0779, 2.561 -0.0646 0.0766, 2.561 -0.0591 0.0803, 2.5571 -0.024 0.0951, 2.5571 -0.0249 0.1013, 2.5571 -0.0255 0.1029, 2.5571 -0.0272 0.1071, 2.5571 -0.0298 0.1108, 2.5571 -0.0311 0.1125, 2.5571 -0.0362 0.1169, 2.5571 -0.0419 0.1197, 2.5571 -0.0428 0.12, 2.5571 -0.0469 0.1278, 2.5571 -0.0531 0.135, 2.5571 -0.0574 0.1379, 2.5571 -0.0615 0.1407, 2.5571 -0.071 0.144, 2.5571 -0.0789 0.1448, 2.5571 -0.1016 0.1374, 2.5571 -0.1009 0.1379, 2.5571 -0.097 0.1403, 2.5571 -0.0883 0.1437, 2.5571 -0.1061 0.1336, 2.5571 -0.11 0.1291, 2.5571 -0.1122 0.1293, 2.5571 -0.1143 0.1295, 2.5571 -0.1213 0.1287, 2.5571 -0.1283 0.1261, 2.5571 -0.1347 0.1218, 2.5571 -0.1362 0.1204, 2.5571 -0.1405 0.115, 2.5571 -0.1424 0.1108, 2.5571 -0.1436 0.1082, 2.5571 -0.1446 0.1029, 2.5571 -0.145 0.1007, 2.5571 -0.1451 0.0987, 2.5571 -0.1443 0.0918, 2.5571 -0.1417 0.0847, 2.5571 -0.1377 0.0787, 2.5571 -0.1371 0.078, 2.5571 -0.1317 0.0734, 2.5571 -0.125 0.0699, 2.5571 -0.1219 0.0689, 2.5571 -0.1217 0.0684, 2.5571 -0.1199 0.0647, 2.5571 -0.1171 0.0613, 2.5571 -0.1133 0.0585, 2.5571 -0.1118 0.0578, 2.5571 -0.1089 0.0567, 2.5571 -0.1045 0.056, 2.5571 -0.1039 0.056, 2.5571 -0.0849 0.075, 2.5571 -0.0991 0.0566, 2.5571 -0.0961 0.0578, 2.5571 -0.0949 0.0583, 2.5571 -0.0912 0.061, 2.5571 -0.0888 0.0636, 2.5571 -0.0864 0.0678, 2.5571 -0.0862 0.0684, 2.5571 -0.0851 0.0724, 2.5571 -0.0849 0.0769, 2.5571 -0.0584 0.0909, 2.5571 -0.0643 0.101, 2.5571 -0.0897 0.0877, 2.5571 -0.0931 0.0908, 2.5571 -0.0972 0.093, 2.5571 -0.1018 0.0941, 2.5571 -0.1039 0.0942, 2.5571 -0.1086 0.0936, 2.5571 -0.1128 0.0919, 2.5571 -0.1167 0.0892, 2.5571 -0.1198 0.0856, 2.5571 -0.1217 0.0816, 2.5571 -0.126 0.0843, 2.5571 -0.1294 0.0878, 2.5571 -0.1313 0.091, 2.5571 -0.1328 0.0956, 2.5571 -0.1331 0.0991, 2.5571 -0.1326 0.1029, 2.5571 -0.1325 0.1039, 2.5571 -0.1308 0.1081, 2.5571 -0.129 0.1108, 2.5571 -0.1282 0.1119, 2.5571 -0.1255 0.1143, 2.5571 -0.1214 0.1166, 2.5571 -0.1168 0.1179, 2.5571 -0.1142 0.1181, 2.5571 -0.1098 0.1175, 2.5571 -0.1055 0.116, 2.5571 -0.1041 0.1152, 2.5571 -0.1013 0.1211, 2.5571 -0.0971 0.1262, 2.5571 -0.0918 0.1301, 2.5571 -0.0856 0.1326, 2.5571 -0.0787 0.1335, 2.5571 -0.0521 0.1097, 2.5571 -0.0523 0.1108, 2.5571 -0.0532 0.1147, 2.5571 -0.056 0.1209, 2.5571 -0.0602 0.126, 2.5571 -0.061 0.1267, 2.5571 -0.0664 0.1304, 2.5571 -0.0723 0.1327, 2.5571 -0.0506 0.1097, 2.5571 -0.0468 0.1092, 2.5571 -0.0435 0.1079, 2.5571 -0.0406 0.1058, 2.5571 -0.0388 0.1039, 2.5571 -0.0383 0.1029, 2.5571 -0.037 0.1007, 2.5571 -0.0359 0.0971, 2.5571 -0.0358 0.0949, 2.5571 -0.0363 0.0911, 2.5571 -0.0376 0.0877, 2.5571 -0.0397 0.0848, 2.5571 -0.0425 0.0825, 2.5571 -0.0458 0.0809, 2.5571 -0.0495 0.0801, 2.5571 -0.058 0.0801, 2.5571 -0.0584 0.0802, 2.5571 -0.0589 0.0803, 2.5571 -0.0591 0.0803, 2.5571 -0.0606 0.0801, 2.5571 -0.0619 0.0796, 2.5571 -0.0631 0.0788, 2.5571 -0.0639 0.0779, 2.5571 -0.0646 0.0766, 2.5571 -0.065 0.0752, 2.5571 -0.065 0.0744, 2.5571 -0.0648 0.073, 2.5571 -0.0643 0.0717, 2.5571 -0.0635 0.0705, 2.5571 -0.0631 0.0701, 2.5571 -0.0618 0.0692, 2.5571 -0.0606 0.0687, 2.5571 -0.0595 0.0686, 2.5571 -0.0483 0.0686, 2.5571 -0.042 0.0699, 2.5571 -0.0362 0.0727, 2.5571 -0.031 0.0771, 2.5571 -0.0273 0.0823, 2.5571 -0.0249 0.0883, 2.5571 -0.1041 0.0822, 2.5571 -0.1025 0.082, 2.5571 -0.1008 0.0814, 2.5571 -0.0992 0.0804, 2.5571 -0.098 0.079, 2.5571 -0.0972 0.0775, 2.5571 -0.0968 0.0757, 2.5571 -0.0968 0.074, 2.5571 -0.0972 0.0721, 2.5571 -0.0981 0.0705, 2.5571 -0.0991 0.0693, 2.5571 -0.1006 0.0683, 2.5571 -0.1022 0.0677, 2.5571 -0.1041 0.0674, 2.5571 -0.1044 0.0674, 2.5571 -0.1061 0.0677, 2.5571 -0.1078 0.0684, 2.5571 -0.1093 0.0695, 2.5571 -0.1104 0.0709, 2.5571 -0.1111 0.0725, 2.5571 -0.1115 0.0743, 2.5571 -0.1114 0.0761, 2.5571 -0.1108 0.0779, 2.5571 -0.1098 0.0795, 2.5571 -0.1091 0.0803, 2.5571 -0.1076 0.0813, 2.5571 -0.106 0.082
            ]
        }
        coordIndex [
            0,1,2,-1,3,4,5,-1,6,5,7,-1,7,5,8,-1,9,10,11,-1,11,10,12,-1,11,12,13,-1,13,12,14,-1,13,14,2,-1,2,14,15,-1,2,15,0,-1,16,3,17,-1,17,3,5,-1,17,5,18,-1,18,5,6,-1,19,20,21,-1,21,20,22,-1,21,22,23,-1,23,22,24,-1,23,24,25,-1,25,24,26,-1,27,28,29,-1,29,28,30,-1,29,30,31,-1,31,30,32,-1,31,32,33,-1,33,32,34,-1,33,34,35,-1,36,37,14,-1,14,37,38,-1,14,38,39,-1,39,38,40,-1,39,40,41,-1,41,40,42,-1,41,42,43,-1,43,42,44,-1,43,44,45,-1,45,44,46,-1,45,46,47,-1,47,46,48,-1,47,48,17,-1,17,48,49,-1,17,49,16,-1,50,51,12,-1,12,51,52,-1,12,52,14,-1,14,52,53,-1,14,53,36,-1,4,54,5,-1,5,54,55,-1,5,55,56,-1,56,55,57,-1,56,57,58,-1,58,57,59,-1,58,59,60,-1,60,59,61,-1,60,61,62,-1,62,61,63,-1,62,63,64,-1,64,63,65,-1,64,65,66,-1,66,65,67,-1,66,67,68,-1,68,67,69,-1,68,69,70,-1,70,69,71,-1,70,71,12,-1,12,71,72,-1,12,72,50,-1,24,73,26,-1,26,73,74,-1,26,74,75,-1,75,74,76,-1,75,76,77,-1,77,76,78,-1,77,78,79,-1,79,78,80,-1,79,80,81,-1,81,80,82,-1,81,82,83,-1,83,82,84,-1,83,84,85,-1,85,84,86,-1,85,86,87,-1,87,86,88,-1,87,88,89,-1,89,88,90,-1,89,90,91,-1,91,90,92,-1,91,92,93,-1,93,92,94,-1,93,94,95,-1,96,97,98,-1,98,97,99,-1,98,99,21,-1,21,99,100,-1,21,100,19,-1,101,102,8,-1,8,102,103,-1,8,103,7,-1,104,105,106,-1,106,105,107,-1,106,107,108,-1,108,107,109,-1,108,109,110,-1,110,109,111,-1,110,111,101,-1,101,111,112,-1,101,112,102,-1,27,29,113,-1,113,29,114,-1,113,114,115,-1,115,114,116,-1,115,116,117,-1,117,116,118,-1,117,118,119,-1,119,118,120,-1,119,120,121,-1,121,120,122,-1,121,122,123,-1,123,122,124,-1,123,124,125,-1,125,124,126,-1,125,126,104,-1,104,126,127,-1,104,127,105,-1,128,129,130,-1,35,34,131,-1,131,34,132,-1,131,132,133,-1,133,132,134,-1,133,134,135,-1,135,134,136,-1,135,136,137,-1,137,136,138,-1,137,138,96,-1,96,138,139,-1,96,139,97,-1,94,140,95,-1,95,140,128,-1,95,128,141,-1,141,128,130,-1,142,143,128,-1,128,143,144,-1,128,144,129,-1,145,146,147,-1,146,148,147,-1,147,148,149,-1,147,149,150,-1,142,128,147,-1,147,128,151,-1,147,151,145,-1,79,152,153,-1,79,153,77,-1,77,153,154,-1,77,154,75,-1,154,155,75,-1,75,155,156,-1,75,156,26,-1,156,157,26,-1,26,157,158,-1,26,158,25,-1,25,158,159,-1,25,159,23,-1,23,159,160,-1,23,160,21,-1,21,160,161,-1,21,161,98,-1,98,161,162,-1,98,162,96,-1,96,162,137,-1,137,162,163,-1,163,164,137,-1,137,164,165,-1,137,165,135,-1,135,165,166,-1,135,166,133,-1,167,33,168,-1,168,33,35,-1,168,35,169,-1,169,35,131,-1,169,131,170,-1,170,131,133,-1,170,133,166,-1,33,167,171,-1,33,171,31,-1,31,171,172,-1,31,172,29,-1,29,172,173,-1,29,173,114,-1,114,173,174,-1,114,174,116,-1,116,174,175,-1,116,175,118,-1,118,175,176,-1,118,176,120,-1,120,176,177,-1,120,177,122,-1,122,177,178,-1,122,178,124,-1,127,126,179,-1,179,126,124,-1,179,124,178,-1,179,180,127,-1,127,180,181,-1,127,181,105,-1,105,181,182,-1,182,183,105,-1,105,183,184,-1,105,184,107,-1,107,184,185,-1,107,185,109,-1,109,185,186,-1,109,186,111,-1,111,186,187,-1,111,187,112,-1,112,187,188,-1,112,188,102,-1,102,188,189,-1,102,189,103,-1,103,189,190,-1,103,190,7,-1,7,190,191,-1,7,191,6,-1,6,191,192,-1,6,192,18,-1,192,193,18,-1,18,193,194,-1,18,194,17,-1,17,194,195,-1,17,195,47,-1,47,195,196,-1,47,196,45,-1,196,197,45,-1,45,197,198,-1,45,198,43,-1,43,198,199,-1,43,199,41,-1,200,13,2,-1,41,199,201,-1,41,201,39,-1,39,201,202,-1,39,202,14,-1,202,203,14,-1,14,203,204,-1,14,204,15,-1,15,204,205,-1,15,205,0,-1,0,205,206,-1,0,206,1,-1,1,206,207,-1,1,207,2,-1,2,207,208,-1,2,208,200,-1,11,13,209,-1,209,13,200,-1,9,11,210,-1,210,11,209,-1,10,9,211,-1,211,9,210,-1,12,10,212,-1,212,10,211,-1,12,212,213,-1,12,213,70,-1,70,213,214,-1,70,214,68,-1,68,214,215,-1,68,215,66,-1,66,215,216,-1,66,216,64,-1,64,216,217,-1,64,217,62,-1,62,217,218,-1,62,218,60,-1,60,218,219,-1,60,219,58,-1,58,219,220,-1,58,220,56,-1,56,220,221,-1,56,221,5,-1,5,221,222,-1,5,222,8,-1,8,222,223,-1,8,223,101,-1,101,223,224,-1,101,224,110,-1,110,224,225,-1,110,225,108,-1,108,225,226,-1,108,226,106,-1,226,227,106,-1,106,227,104,-1,227,228,104,-1,104,228,229,-1,104,229,125,-1,125,229,230,-1,125,230,123,-1,230,231,123,-1,123,231,232,-1,123,232,121,-1,121,232,233,-1,121,233,119,-1,119,233,234,-1,119,234,117,-1,117,234,235,-1,117,235,115,-1,115,235,236,-1,115,236,113,-1,113,236,237,-1,113,237,27,-1,27,237,238,-1,27,238,28,-1,28,238,239,-1,28,239,30,-1,30,239,240,-1,30,240,32,-1,32,240,241,-1,32,241,34,-1,34,241,242,-1,34,242,132,-1,132,242,243,-1,132,243,134,-1,244,19,245,-1,245,19,100,-1,245,100,246,-1,246,100,99,-1,246,99,247,-1,247,99,97,-1,247,97,248,-1,248,97,139,-1,248,139,249,-1,249,139,138,-1,249,138,250,-1,250,138,136,-1,250,136,251,-1,251,136,134,-1,251,134,243,-1,20,19,252,-1,252,19,244,-1,20,252,253,-1,20,253,22,-1,22,253,254,-1,22,254,24,-1,24,254,255,-1,24,255,73,-1,73,255,256,-1,73,256,74,-1,74,256,257,-1,74,257,76,-1,257,258,76,-1,76,258,259,-1,76,259,78,-1,78,259,260,-1,78,260,80,-1,80,260,261,-1,80,261,82,-1,82,261,262,-1,82,262,84,-1,84,262,263,-1,84,263,86,-1,86,263,264,-1,86,264,88,-1,88,264,265,-1,88,265,90,-1,90,265,266,-1,90,266,92,-1,94,92,267,-1,267,92,266,-1,94,267,268,-1,94,268,140,-1,140,268,269,-1,140,269,128,-1,128,269,270,-1,128,270,151,-1,151,270,271,-1,151,271,145,-1,145,271,272,-1,145,272,146,-1,146,272,273,-1,146,273,148,-1,148,273,274,-1,148,274,149,-1,149,274,275,-1,149,275,150,-1,150,275,276,-1,150,276,147,-1,147,276,277,-1,147,277,142,-1,142,277,278,-1,142,278,143,-1,143,278,279,-1,143,279,144,-1,144,279,280,-1,144,280,129,-1,129,280,281,-1,129,281,130,-1,130,281,282,-1,130,282,141,-1,141,282,283,-1,141,283,95,-1,95,283,284,-1,95,284,93,-1,91,93,285,-1,285,93,284,-1,91,285,286,-1,91,286,89,-1,89,286,287,-1,89,287,87,-1,87,287,288,-1,87,288,85,-1,85,288,289,-1,85,289,83,-1,83,289,290,-1,83,290,81,-1,81,290,152,-1,81,152,79,-1,65,291,292,-1,65,292,67,-1,67,292,293,-1,67,293,69,-1,69,293,294,-1,69,294,71,-1,71,294,295,-1,71,295,72,-1,72,295,296,-1,72,296,50,-1,50,296,297,-1,50,297,51,-1,51,297,298,-1,51,298,52,-1,52,298,299,-1,52,299,53,-1,53,299,300,-1,53,300,36,-1,36,300,301,-1,36,301,37,-1,37,301,302,-1,37,302,38,-1,38,302,303,-1,38,303,40,-1,40,303,304,-1,40,304,42,-1,42,304,305,-1,42,305,44,-1,44,305,306,-1,44,306,46,-1,46,306,307,-1,46,307,48,-1,48,307,308,-1,48,308,49,-1,49,308,309,-1,49,309,16,-1,16,309,310,-1,16,310,3,-1,3,310,311,-1,3,311,4,-1,4,311,312,-1,4,312,54,-1,54,312,313,-1,54,313,55,-1,55,313,314,-1,55,314,57,-1,57,314,315,-1,57,315,59,-1,59,315,316,-1,59,316,61,-1,61,316,317,-1,61,317,63,-1,63,317,291,-1,63,291,65,-1,
        ]
    }
}
Shape{
    appearance Appearance {
        material  Material {
            diffuseColor 0.25098039215686274 0.25098039215686274 0.25098039215686274
            specularColor 0.12549019607843137 0.12549019607843137 0.12549019607843137
            ambientIntensity 0.251
            transparency 0.0
            shininess 0.5
        }
    }
    geometry IndexedFaceSet {
        ccw TRUE
        solid FALSE
        coord DEF co Coordinate {
            point [
                2.5571 -0.1044 0.0674, 2.5571 -0.1091 0.0803, 2.5571 -0.1098 0.0795, 2.5571 -0.1022 0.0677, 2.5571 -0.1006 0.0683, 2.5571 -0.1025 0.082, 2.5571 -0.1041 0.0822, 2.5571 -0.106 0.082, 2.5571 -0.1076 0.0813, 2.5571 -0.1111 0.0725, 2.5571 -0.1104 0.0709, 2.5571 -0.1093 0.0695, 2.5571 -0.1041 0.0674, 2.5571 -0.1108 0.0779, 2.5571 -0.1114 0.0761, 2.5571 -0.1115 0.0743, 2.5571 -0.1078 0.0684, 2.5571 -0.1061 0.0677, 2.5571 -0.0991 0.0693, 2.5571 -0.0981 0.0705, 2.5571 -0.0972 0.0721, 2.5571 -0.0968 0.074, 2.5571 -0.0968 0.0757, 2.5571 -0.0972 0.0775, 2.5571 -0.098 0.079, 2.5571 -0.0992 0.0804, 2.5571 -0.1008 0.0814
            ]
        }
        coordIndex [
            0,1,2,-1,3,4,5,-1,6,7,0,-1,0,7,8,-1,0,8,1,-1,9,10,2,-1,2,10,11,-1,6,0,5,-1,5,0,12,-1,5,12,3,-1,13,14,2,-1,2,14,15,-1,2,15,9,-1,11,16,2,-1,2,16,17,-1,2,17,0,-1,4,18,5,-1,5,18,19,-1,5,19,20,-1,20,21,5,-1,5,21,22,-1,5,22,23,-1,23,24,5,-1,5,24,25,-1,5,25,26,-1,
        ]
    }
}